date,equity,predicted_1m_return,actual_forward_1m_return,score_QQQ,score_GLD,score_SGOV,pred_QQQ,pred_GLD,pred_SGOV,actual_fwd_QQQ,actual_fwd_GLD,actual_fwd_SGOV,w_QQQ,w_GLD,w_SGOV,drawdown,dca_equity,dca_drawdown
2021-06-01,10000.0,0.01585791,0.06535064,0.658579,0.388339,0.53985,0.01585791,-0.01116614,0.00398501,0.06535064,-0.06576727,-3.997e-05,1.0,0.0,0.0,0.0,10000.0,0.0
2021-06-02,10019.53,0.01585791,0.06535064,0.658579,0.388339,0.53985,0.01585791,-0.01116614,0.00398501,0.06535064,-0.06576727,-3.997e-05,1.0,0.0,0.0,0.0,10019.53,0.0
2021-06-03,9915.27,0.01585791,0.06535064,0.658579,0.388339,0.53985,0.01585791,-0.01116614,0.00398501,0.06535064,-0.06576727,-3.997e-05,1.0,0.0,0.0,0.010406,9915.27,0.010406
2021-06-04,10083.53,0.01585791,0.06535064,0.658579,0.388339,0.53985,0.01585791,-0.01116614,0.00398501,0.06535064,-0.06576727,-3.997e-05,1.0,0.0,0.0,0.0,10083.53,0.0
2021-06-07,10113.57,0.01585791,0.06535064,0.658579,0.388339,0.53985,0.01585791,-0.01116614,0.00398501,0.06535064,-0.06576727,-3.997e-05,1.0,0.0,0.0,0.0,10113.57,0.0
2021-06-08,10118.38,0.01585791,0.06535064,0.658579,0.388339,0.53985,0.01585791,-0.01116614,0.00398501,0.06535064,-0.06576727,-3.997e-05,1.0,0.0,0.0,0.0,10118.38,0.0
2021-06-09,10120.79,0.01585791,0.06535064,0.658579,0.388339,0.53985,0.01585791,-0.01116614,0.00398501,0.06535064,-0.06576727,-3.997e-05,1.0,0.0,0.0,0.0,10120.79,0.0
2021-06-10,10226.25,0.01585791,0.06535064,0.658579,0.388339,0.53985,0.01585791,-0.01116614,0.00398501,0.06535064,-0.06576727,-3.997e-05,1.0,0.0,0.0,0.0,10226.25,0.0
2021-06-11,10252.99,0.01585791,0.06535064,0.658579,0.388339,0.53985,0.01585791,-0.01116614,0.00398501,0.06535064,-0.06576727,-3.997e-05,1.0,0.0,0.0,0.0,10252.99,0.0
2021-06-14,10351.24,0.01585791,0.06535064,0.658579,0.388339,0.53985,0.01585791,-0.01116614,0.00398501,0.06535064,-0.06576727,-3.997e-05,1.0,0.0,0.0,0.0,10351.24,0.0
2021-06-15,10283.64,0.01585791,0.06535064,0.658579,0.388339,0.53985,0.01585791,-0.01116614,0.00398501,0.06535064,-0.06576727,-3.997e-05,1.0,0.0,0.0,0.006531,10283.64,0.006531
2021-06-16,10246.08,0.01585791,0.06535064,0.658579,0.388339,0.53985,0.01585791,-0.01116614,0.00398501,0.06535064,-0.06576727,-3.997e-05,1.0,0.0,0.0,0.010159,10246.08,0.010159
2021-06-17,10376.18,0.01585791,0.06535064,0.658579,0.388339,0.53985,0.01585791,-0.01116614,0.00398501,0.06535064,-0.06576727,-3.997e-05,1.0,0.0,0.0,0.0,10376.18,0.0
2021-06-18,10294.75,0.01585791,0.06535064,0.658579,0.388339,0.53985,0.01585791,-0.01116614,0.00398501,0.06535064,-0.06576727,-3.997e-05,1.0,0.0,0.0,0.007848,10294.75,0.007848
2021-06-21,10346.73,0.01585791,0.06535064,0.658579,0.388339,0.53985,0.01585791,-0.01116614,0.00398501,0.06535064,-0.06576727,-3.997e-05,1.0,0.0,0.0,0.002838,10346.73,0.002838
2021-06-22,10443.18,0.01585791,0.06535064,0.658579,0.388339,0.53985,0.01585791,-0.01116614,0.00398501,0.06535064,-0.06576727,-3.997e-05,1.0,0.0,0.0,0.0,10443.18,0.0
2021-06-23,10448.29,0.01585791,0.06535064,0.658579,0.388339,0.53985,0.01585791,-0.01116614,0.00398501,0.06535064,-0.06576727,-3.997e-05,1.0,0.0,0.0,0.0,10448.29,0.0
2021-06-24,10512.89,0.01585791,0.06535064,0.658579,0.388339,0.53985,0.01585791,-0.01116614,0.00398501,0.06535064,-0.06576727,-3.997e-05,1.0,0.0,0.0,0.0,10512.89,0.0
2021-06-25,10499.97,0.01585791,0.06535064,0.658579,0.388339,0.53985,0.01585791,-0.01116614,0.00398501,0.06535064,-0.06576727,-3.997e-05,1.0,0.0,0.0,0.001229,10499.97,0.001229
2021-06-28,10627.67,0.01585791,0.06535064,0.658579,0.388339,0.53985,0.01585791,-0.01116614,0.00398501,0.06535064,-0.06576727,-3.997e-05,1.0,0.0,0.0,0.0,10627.67,0.0
2021-06-29,10666.13,0.01585791,0.06535064,0.658579,0.388339,0.53985,0.01585791,-0.01116614,0.00398501,0.06535064,-0.06576727,-3.997e-05,1.0,0.0,0.0,0.0,10666.13,0.0
2021-06-30,10649.3,0.01585791,0.06535064,0.658579,0.388339,0.53985,0.01585791,-0.01116614,0.00398501,0.06535064,-0.06576727,-3.997e-05,1.0,0.0,0.0,0.001578,10649.3,0.001578
2021-07-01,20653.51,0.0129159,0.02828778,0.629159,0.633313,0.53988,0.0129159,0.01333126,0.00398801,0.02828778,0.02051747,-6.003e-05,1.0,0.0,0.0,0.0,20653.51,0.0
2021-07-02,20890.58,0.0129159,0.02828778,0.629159,0.633313,0.53988,0.0129159,0.01333126,0.00398801,0.02828778,0.02051747,-6.003e-05,1.0,0.0,0.0,0.0,20890.58,0.0
2021-07-06,20980.87,0.0129159,0.02828778,0.629159,0.633313,0.53988,0.0129159,0.01333126,0.00398801,0.02828778,0.02051747,-6.003e-05,1.0,0.0,0.0,0.0,20980.87,0.0
2021-07-07,21025.14,0.0129159,0.02828778,0.629159,0.633313,0.53988,0.0129159,0.01333126,0.00398801,0.02828778,0.02051747,-6.003e-05,1.0,0.0,0.0,0.0,21025.14,0.0
2021-07-08,20898.15,0.0129159,0.02828778,0.629159,0.633313,0.53988,0.0129159,0.01333126,0.00398801,0.02828778,0.02051747,-6.003e-05,1.0,0.0,0.0,0.00604,20898.15,0.00604
2021-07-09,21028.63,0.0129159,0.02828778,0.629159,0.633313,0.53988,0.0129159,0.01333126,0.00398801,0.02828778,0.02051747,-6.003e-05,1.0,0.0,0.0,0.0,21028.63,0.0
2021-07-12,21110.76,0.0129159,0.02828778,0.629159,0.633313,0.53988,0.0129159,0.01333126,0.00398801,0.02828778,0.02051747,-6.003e-05,1.0,0.0,0.0,0.0,21110.76,0.0
2021-07-13,21110.76,0.0129159,0.02828778,0.629159,0.633313,0.53988,0.0129159,0.01333126,0.00398801,0.02828778,0.02051747,-6.003e-05,1.0,0.0,0.0,0.0,21110.76,0.0
2021-07-14,21148.63,0.0129159,0.02828778,0.629159,0.633313,0.53988,0.0129159,0.01333126,0.00398801,0.02828778,0.02051747,-6.003e-05,1.0,0.0,0.0,0.0,21148.63,0.0
2021-07-15,21000.09,0.0129159,0.02828778,0.629159,0.633313,0.53988,0.0129159,0.01333126,0.00398801,0.02828778,0.02051747,-6.003e-05,1.0,0.0,0.0,0.007024,21000.09,0.007024
2021-07-16,20830.0,0.0129159,0.02828778,0.629159,0.633313,0.53988,0.0129159,0.01333126,0.00398801,0.02828778,0.02051747,-6.003e-05,1.0,0.0,0.0,0.015066,20830.0,0.015066
2021-07-19,20659.33,0.0129159,0.02828778,0.629159,0.633313,0.53988,0.0129159,0.01333126,0.00398801,0.02828778,0.02051747,-6.003e-05,1.0,0.0,0.0,0.023136,20659.33,0.023136
2021-07-20,20899.32,0.0129159,0.02828778,0.629159,0.633313,0.53988,0.0129159,0.01333126,0.00398801,0.02828778,0.02051747,-6.003e-05,1.0,0.0,0.0,0.011788,20899.32,0.011788
2021-07-21,21060.67,0.0129159,0.02828778,0.629159,0.633313,0.53988,0.0129159,0.01333126,0.00398801,0.02828778,0.02051747,-6.003e-05,1.0,0.0,0.0,0.004159,21060.67,0.004159
2021-07-22,21199.89,0.0129159,0.02828778,0.629159,0.633313,0.53988,0.0129159,0.01333126,0.00398801,0.02828778,0.02051747,-6.003e-05,1.0,0.0,0.0,0.0,21199.89,0.0
2021-07-23,21447.45,0.0129159,0.02828778,0.629159,0.633313,0.53988,0.0129159,0.01333126,0.00398801,0.02828778,0.02051747,-6.003e-05,1.0,0.0,0.0,0.0,21447.45,0.0
2021-07-26,21464.34,0.0129159,0.02828778,0.629159,0.633313,0.53988,0.0129159,0.01333126,0.00398801,0.02828778,0.02051747,-6.003e-05,1.0,0.0,0.0,0.0,21464.34,0.0
2021-07-27,21227.85,0.0129159,0.02828778,0.629159,0.633313,0.53988,0.0129159,0.01333126,0.00398801,0.02828778,0.02051747,-6.003e-05,1.0,0.0,0.0,0.011018,21227.85,0.011018
2021-07-28,21309.39,0.0129159,0.02828778,0.629159,0.633313,0.53988,0.0129159,0.01333126,0.00398801,0.02828778,0.02051747,-6.003e-05,1.0,0.0,0.0,0.007219,21309.39,0.007219
2021-07-29,21347.26,0.0129159,0.02828778,0.629159,0.633313,0.53988,0.0129159,0.01333126,0.00398801,0.02828778,0.02051747,-6.003e-05,1.0,0.0,0.0,0.005455,21347.26,0.005455
2021-07-30,21236.0,0.0129159,0.02828778,0.629159,0.633313,0.53988,0.0129159,0.01333126,0.00398801,0.02828778,0.02051747,-6.003e-05,1.0,0.0,0.0,0.010638,21236.0,0.010638
2021-08-02,31237.75,0.01674444,0.0438288,0.667444,0.560982,0.53955,0.01674444,0.00609817,0.00395502,0.0438288,0.00053061,0.00010001,1.0,0.0,0.0,0.0,31237.75,0.0
2021-08-03,31427.09,0.01674444,0.0438288,0.667444,0.560982,0.53955,0.01674444,0.00609817,0.00395502,0.0438288,0.00053061,0.00010001,1.0,0.0,0.0,0.0,31427.09,0.0
2021-08-04,31472.5,0.01674444,0.0438288,0.667444,0.560982,0.53955,0.01674444,0.00609817,0.00395502,0.0438288,0.00053061,0.00010001,1.0,0.0,0.0,0.0,31472.5,0.0
2021-08-05,31672.13,0.01674444,0.0438288,0.667444,0.560982,0.53955,0.01674444,0.00609817,0.00395502,0.0438288,0.00053061,0.00010001,1.0,0.0,0.0,0.0,31672.13,0.0
2021-08-06,31533.33,0.01674444,0.0438288,0.667444,0.560982,0.53955,0.01674444,0.00609817,0.00395502,0.0438288,0.00053061,0.00010001,1.0,0.0,0.0,0.004382,31533.33,0.004382
2021-08-09,31591.59,0.01674444,0.0438288,0.667444,0.560982,0.53955,0.01674444,0.00609817,0.00395502,0.0438288,0.00053061,0.00010001,1.0,0.0,0.0,0.002543,31591.59,0.002543
2021-08-10,31429.66,0.01674444,0.0438288,0.667444,0.560982,0.53955,0.01674444,0.00609817,0.00395502,0.0438288,0.00053061,0.00010001,1.0,0.0,0.0,0.007656,31429.66,0.007656
2021-08-11,31375.69,0.01674444,0.0438288,0.667444,0.560982,0.53955,0.01674444,0.00609817,0.00395502,0.0438288,0.00053061,0.00010001,1.0,0.0,0.0,0.00936,31375.69,0.00936
2021-08-12,31488.78,0.01674444,0.0438288,0.667444,0.560982,0.53955,0.01674444,0.00609817,0.00395502,0.0438288,0.00053061,0.00010001,1.0,0.0,0.0,0.005789,31488.78,0.005789
2021-08-13,31599.3,0.01674444,0.0438288,0.667444,0.560982,0.53955,0.01674444,0.00609817,0.00395502,0.0438288,0.00053061,0.00010001,1.0,0.0,0.0,0.002299,31599.3,0.002299
2021-08-16,31613.01,0.01674444,0.0438288,0.667444,0.560982,0.53955,0.01674444,0.00609817,0.00395502,0.0438288,0.00053061,0.00010001,1.0,0.0,0.0,0.001867,31613.01,0.001867
2021-08-17,31334.56,0.01674444,0.0438288,0.667444,0.560982,0.53955,0.01674444,0.00609817,0.00395502,0.0438288,0.00053061,0.00010001,1.0,0.0,0.0,0.010658,31334.56,0.010658
2021-08-18,31032.98,0.01674444,0.0438288,0.667444,0.560982,0.53955,0.01674444,0.00609817,0.00395502,0.0438288,0.00053061,0.00010001,1.0,0.0,0.0,0.02018,31032.98,0.02018
2021-08-19,31182.91,0.01674444,0.0438288,0.667444,0.560982,0.53955,0.01674444,0.00609817,0.00395502,0.0438288,0.00053061,0.00010001,1.0,0.0,0.0,0.015446,31182.91,0.015446
2021-08-20,31505.92,0.01674444,0.0438288,0.667444,0.560982,0.53955,0.01674444,0.00609817,0.00395502,0.0438288,0.00053061,0.00010001,1.0,0.0,0.0,0.005248,31505.92,0.005248
2021-08-23,31977.14,0.01674444,0.0438288,0.667444,0.560982,0.53955,0.01674444,0.00609817,0.00395502,0.0438288,0.00053061,0.00010001,1.0,0.0,0.0,0.0,31977.14,0.0
2021-08-24,32074.81,0.01674444,0.0438288,0.667444,0.560982,0.53955,0.01674444,0.00609817,0.00395502,0.0438288,0.00053061,0.00010001,1.0,0.0,0.0,0.0,32074.81,0.0
2021-08-25,32111.65,0.01674444,0.0438288,0.667444,0.560982,0.53955,0.01674444,0.00609817,0.00395502,0.0438288,0.00053061,0.00010001,1.0,0.0,0.0,0.0,32111.65,0.0
2021-08-26,31907.74,0.01674444,0.0438288,0.667444,0.560982,0.53955,0.01674444,0.00609817,0.00395502,0.0438288,0.00053061,0.00010001,1.0,0.0,0.0,0.00635,31907.74,0.00635
2021-08-27,32217.89,0.01674444,0.0438288,0.667444,0.560982,0.53955,0.01674444,0.00609817,0.00395502,0.0438288,0.00053061,0.00010001,1.0,0.0,0.0,0.0,32217.89,0.0
2021-08-30,32579.45,0.01674444,0.0438288,0.667444,0.560982,0.53955,0.01674444,0.00609817,0.00395502,0.0438288,0.00053061,0.00010001,1.0,0.0,0.0,0.0,32579.45,0.0
2021-08-31,32552.89,0.01674444,0.0438288,0.667444,0.560982,0.53955,0.01674444,0.00609817,0.00395502,0.0438288,0.00053061,0.00010001,1.0,0.0,0.0,0.000815,32552.89,0.000815
2021-09-01,42606.86,0.01522597,-0.05360238,0.65226,0.384929,0.54015,0.01522597,-0.01150713,0.00401501,-0.05360238,-0.03011197,-0.0001,1.0,0.0,0.0,0.0,42606.86,0.0
2021-09-02,42586.71,0.01522597,-0.05360238,0.65226,0.384929,0.54015,0.01522597,-0.01150713,0.00401501,-0.05360238,-0.03011197,-0.0001,1.0,0.0,0.0,0.000473,42586.71,0.000473
2021-09-03,42717.7,0.01522597,-0.05360238,0.65226,0.384929,0.54015,0.01522597,-0.01150713,0.00401501,-0.05360238,-0.03011197,-0.0001,1.0,0.0,0.0,0.0,42717.7,0.0
2021-09-07,42778.15,0.01522597,-0.05360238,0.65226,0.384929,0.54015,0.01522597,-0.01150713,0.00401501,-0.05360238,-0.03011197,-0.0001,1.0,0.0,0.0,0.0,42778.15,0.0
2021-09-08,42629.25,0.01522597,-0.05360238,0.65226,0.384929,0.54015,0.01522597,-0.01150713,0.00401501,-0.05360238,-0.03011197,-0.0001,1.0,0.0,0.0,0.003481,42629.25,0.003481
2021-09-09,42482.6,0.01522597,-0.05360238,0.65226,0.384929,0.54015,0.01522597,-0.01150713,0.00401501,-0.05360238,-0.03011197,-0.0001,1.0,0.0,0.0,0.006909,42482.6,0.006909
2021-09-10,42160.17,0.01522597,-0.05360238,0.65226,0.384929,0.54015,0.01522597,-0.01150713,0.00401501,-0.05360238,-0.03011197,-0.0001,1.0,0.0,0.0,0.014446,42160.17,0.014446
2021-09-13,42131.06,0.01522597,-0.05360238,0.65226,0.384929,0.54015,0.01522597,-0.01150713,0.00401501,-0.05360238,-0.03011197,-0.0001,1.0,0.0,0.0,0.015127,42131.06,0.015127
2021-09-14,42011.28,0.01522597,-0.05360238,0.65226,0.384929,0.54015,0.01522597,-0.01150713,0.00401501,-0.05360238,-0.03011197,-0.0001,1.0,0.0,0.0,0.017927,42011.28,0.017927
2021-09-15,42323.62,0.01522597,-0.05360238,0.65226,0.384929,0.54015,0.01522597,-0.01150713,0.00401501,-0.05360238,-0.03011197,-0.0001,1.0,0.0,0.0,0.010625,42323.62,0.010625
2021-09-16,42352.73,0.01522597,-0.05360238,0.65226,0.384929,0.54015,0.01522597,-0.01150713,0.00401501,-0.05360238,-0.03011197,-0.0001,1.0,0.0,0.0,0.009945,42352.73,0.009945
2021-09-17,41851.18,0.01522597,-0.05360238,0.65226,0.384929,0.54015,0.01522597,-0.01150713,0.00401501,-0.05360238,-0.03011197,-0.0001,1.0,0.0,0.0,0.021669,41851.18,0.021669
2021-09-20,40941.01,0.01522597,-0.05360238,0.65226,0.384929,0.54015,0.01522597,-0.01150713,0.00401501,-0.05360238,-0.03011197,-0.0001,1.0,0.0,0.0,0.042946,40941.01,0.042946
2021-09-21,40991.39,0.01522597,-0.05360238,0.65226,0.384929,0.54015,0.01522597,-0.01150713,0.00401501,-0.05360238,-0.03011197,-0.0001,1.0,0.0,0.0,0.041768,40991.39,0.041768
2021-09-22,41374.27,0.01522597,-0.05360238,0.65226,0.384929,0.54015,0.01522597,-0.01150713,0.00401501,-0.05360238,-0.03011197,-0.0001,1.0,0.0,0.0,0.032818,41374.27,0.032818
2021-09-23,41756.03,0.01522597,-0.05360238,0.65226,0.384929,0.54015,0.01522597,-0.01150713,0.00401501,-0.05360238,-0.03011197,-0.0001,1.0,0.0,0.0,0.023894,41756.03,0.023894
2021-09-24,41795.21,0.01522597,-0.05360238,0.65226,0.384929,0.54015,0.01522597,-0.01150713,0.00401501,-0.05360238,-0.03011197,-0.0001,1.0,0.0,0.0,0.022978,41795.21,0.022978
2021-09-27,41461.59,0.01522597,-0.05360238,0.65226,0.384929,0.54015,0.01522597,-0.01150713,0.00401501,-0.05360238,-0.03011197,-0.0001,1.0,0.0,0.0,0.030776,41461.59,0.030776
2021-09-28,40288.33,0.01522597,-0.05360238,0.65226,0.384929,0.54015,0.01522597,-0.01150713,0.00401501,-0.05360238,-0.03011197,-0.0001,1.0,0.0,0.0,0.058203,40288.33,0.058203
2021-09-29,40222.28,0.01522597,-0.05360238,0.65226,0.384929,0.54015,0.01522597,-0.01150713,0.00401501,-0.05360238,-0.03011197,-0.0001,1.0,0.0,0.0,0.059747,40222.28,0.059747
2021-09-30,40074.5,0.01522597,-0.05360238,0.65226,0.384929,0.54015,0.01522597,-0.01150713,0.00401501,-0.05360238,-0.03011197,-0.0001,1.0,0.0,0.0,0.063202,40074.5,0.063202
2021-10-01,50323.03,0.02094329,0.07565662,0.709433,0.587428,0.53982,0.02094329,0.00874277,0.00398199,0.07565662,0.01780186,4.997e-05,1.0,0.0,0.0,0.0,50323.03,0.0
2021-10-04,49266.78,0.02094329,0.07565662,0.709433,0.587428,0.53982,0.02094329,0.00874277,0.00398199,0.07565662,0.01780186,4.997e-05,1.0,0.0,0.0,0.020989,49266.78,0.020989
2021-10-05,49931.83,0.02094329,0.07565662,0.709433,0.587428,0.53982,0.02094329,0.00874277,0.00398199,0.07565662,0.01780186,4.997e-05,1.0,0.0,0.0,0.007774,49931.83,0.007774
2021-10-06,50251.78,0.02094329,0.07565662,0.709433,0.587428,0.53982,0.02094329,0.00874277,0.00398199,0.07565662,0.01780186,4.997e-05,1.0,0.0,0.0,0.001416,50251.78,0.001416
2021-10-07,50712.84,0.02094329,0.07565662,0.709433,0.587428,0.53982,0.02094329,0.00874277,0.00398199,0.07565662,0.01780186,4.997e-05,1.0,0.0,0.0,0.0,50712.84,0.0
2021-10-08,50459.96,0.02094329,0.07565662,0.709433,0.587428,0.53982,0.02094329,0.00874277,0.00398199,0.07565662,0.01780186,4.997e-05,1.0,0.0,0.0,0.004987,50459.96,0.004987
2021-10-11,50072.94,0.02094329,0.07565662,0.709433,0.587428,0.53982,0.02094329,0.00874277,0.00398199,0.07565662,0.01780186,4.997e-05,1.0,0.0,0.0,0.012618,50072.94,0.012618
2021-10-12,49898.3,0.02094329,0.07565662,0.709433,0.587428,0.53982,0.02094329,0.00874277,0.00398199,0.07565662,0.01780186,4.997e-05,1.0,0.0,0.0,0.016062,49898.3,0.016062
2021-10-13,50297.88,0.02094329,0.07565662,0.709433,0.587428,0.53982,0.02094329,0.00874277,0.00398199,0.07565662,0.01780186,4.997e-05,1.0,0.0,0.0,0.008183,50297.88,0.008183
2021-10-14,51224.2,0.02094329,0.07565662,0.709433,0.587428,0.53982,0.02094329,0.00874277,0.00398199,0.07565662,0.01780186,4.997e-05,1.0,0.0,0.0,0.0,51224.2,0.0
2021-10-15,51546.95,0.02094329,0.07565662,0.709433,0.587428,0.53982,0.02094329,0.00874277,0.00398199,0.07565662,0.01780186,4.997e-05,1.0,0.0,0.0,0.0,51546.95,0.0
2021-10-18,52065.29,0.02094329,0.07565662,0.709433,0.587428,0.53982,0.02094329,0.00874277,0.00398199,0.07565662,0.01780186,4.997e-05,1.0,0.0,0.0,0.0,52065.29,0.0
2021-10-19,52459.3,0.02094329,0.07565662,0.709433,0.587428,0.53982,0.02094329,0.00874277,0.00398199,0.07565662,0.01780186,4.997e-05,1.0,0.0,0.0,0.0,52459.3,0.0
2021-10-20,52390.84,0.02094329,0.07565662,0.709433,0.587428,0.53982,0.02094329,0.00874277,0.00398199,0.07565662,0.01780186,4.997e-05,1.0,0.0,0.0,0.001305,52390.84,0.001305
2021-10-21,52710.78,0.02094329,0.07565662,0.709433,0.587428,0.53982,0.02094329,0.00874277,0.00398199,0.07565662,0.01780186,4.997e-05,1.0,0.0,0.0,0.0,52710.78,0.0
2021-10-22,52267.89,0.02094329,0.07565662,0.709433,0.587428,0.53982,0.02094329,0.00874277,0.00398199,0.07565662,0.01780186,4.997e-05,1.0,0.0,0.0,0.008402,52267.89,0.008402
2021-10-25,52803.0,0.02094329,0.07565662,0.709433,0.587428,0.53982,0.02094329,0.00874277,0.00398199,0.07565662,0.01780186,4.997e-05,1.0,0.0,0.0,0.0,52803.0,0.0
2021-10-26,52969.26,0.02094329,0.07565662,0.709433,0.587428,0.53982,0.02094329,0.00874277,0.00398199,0.07565662,0.01780186,4.997e-05,1.0,0.0,0.0,0.0,52969.26,0.0
2021-10-27,53092.21,0.02094329,0.07565662,0.709433,0.587428,0.53982,0.02094329,0.00874277,0.00398199,0.07565662,0.01780186,4.997e-05,1.0,0.0,0.0,0.0,53092.21,0.0
2021-10-28,53681.81,0.02094329,0.07565662,0.709433,0.587428,0.53982,0.02094329,0.00874277,0.00398199,0.07565662,0.01780186,4.997e-05,1.0,0.0,0.0,0.0,53681.81,0.0
2021-10-29,53945.88,0.02094329,0.07565662,0.709433,0.587428,0.53982,0.02094329,0.00874277,0.00398199,0.07565662,0.01780186,4.997e-05,1.0,0.0,0.0,0.0,53945.88,0.0
2021-11-01,64130.3,0.00075667,-0.00080014,0.507567,0.539677,0.53985,0.00075667,0.00396772,0.00398499,-0.00080014,-0.00811844,-4.996e-05,0.75,0.25,0.0,0.0,64130.3,0.0
2021-11-02,64296.96,0.00075667,-0.00080014,0.507567,0.539677,0.53985,0.00075667,0.00396772,0.00398499,-0.00080014,-0.00811844,-4.996e-05,0.75,0.25,0.0,0.0,64398.46,0.0
2021-11-03,64676.66,0.00075667,-0.00080014,0.507567,0.539677,0.53985,0.00075667,0.00396772,0.00398499,-0.00080014,-0.00811844,-4.996e-05,0.75,0.25,0.0,0.0,65082.09,0.0
2021-11-04,65482.28,0.00075667,-0.00080014,0.507567,0.539677,0.53985,0.00075667,0.00396772,0.00398499,-0.00080014,-0.00811844,-4.996e-05,0.75,0.25,0.0,0.0,65916.35,0.0
2021-11-05,65739.05,0.00075667,-0.00080014,0.507567,0.539677,0.53985,0.00075667,0.00396772,0.00398499,-0.00080014,-0.00811844,-4.996e-05,0.75,0.25,0.0,0.0,65979.25,0.0
2021-11-08,65730.39,0.00075667,-0.00080014,0.507567,0.539677,0.53985,0.00075667,0.00396772,0.00398499,-0.00080014,-0.00811844,-4.996e-05,0.75,0.25,0.0,0.000132,65889.86,0.001355
2021-11-09,65470.62,0.00075667,-0.00080014,0.507567,0.539677,0.53985,0.00075667,0.00396772,0.00398499,-0.00080014,-0.00811844,-4.996e-05,0.75,0.25,0.0,0.004083,65436.32,0.008229
2021-11-10,64927.35,0.00075667,-0.00080014,0.507567,0.539677,0.53985,0.00075667,0.00396772,0.00398499,-0.00080014,-0.00811844,-4.996e-05,0.75,0.25,0.0,0.012347,64474.6,0.022805
2021-11-11,65154.26,0.00075667,-0.00080014,0.507567,0.539677,0.53985,0.00075667,0.00396772,0.00398499,-0.00080014,-0.00811844,-4.996e-05,0.75,0.25,0.0,0.008896,64653.37,0.020095
2021-11-12,65696.08,0.00075667,-0.00080014,0.507567,0.539677,0.53985,0.00075667,0.00396772,0.00398499,-0.00080014,-0.00811844,-4.996e-05,0.75,0.25,0.0,0.000654,65333.69,0.009784
2021-11-15,65659.06,0.00075667,-0.00080014,0.507567,0.539677,0.53985,0.00075667,0.00396772,0.00398499,-0.00080014,-0.00811844,-4.996e-05,0.75,0.25,0.0,0.001217,65318.79,0.01001
2021-11-16,65887.33,0.00075667,-0.00080014,0.507567,0.539677,0.53985,0.00075667,0.00396772,0.00398499,-0.00080014,-0.00811844,-4.996e-05,0.75,0.25,0.0,0.0,65783.93,0.00296
2021-11-17,66064.61,0.00075667,-0.00080014,0.507567,0.539677,0.53985,0.00075667,0.00396772,0.00398499,-0.00080014,-0.00811844,-4.996e-05,0.75,0.25,0.0,0.0,65818.68,0.002434
2021-11-18,66522.5,0.00075667,-0.00080014,0.507567,0.539677,0.53985,0.00075667,0.00396772,0.00398499,-0.00080014,-0.00811844,-4.996e-05,0.75,0.25,0.0,0.0,66500.66,0.0
2021-11-19,66673.29,0.00075667,-0.00080014,0.507567,0.539677,0.53985,0.00075667,0.00396772,0.00398499,-0.00080014,-0.00811844,-4.996e-05,0.75,0.25,0.0,0.0,66871.44,0.0
2021-11-22,65720.67,0.00075667,-0.00080014,0.507567,0.539677,0.53985,0.00075667,0.00396772,0.00398499,-0.00080014,-0.00811844,-4.996e-05,0.75,0.25,0.0,0.014288,66095.11,0.011609
2021-11-23,65355.0,0.00075667,-0.00080014,0.507567,0.539677,0.53985,0.00075667,0.00396772,0.00398499,-0.00080014,-0.00811844,-4.996e-05,0.75,0.25,0.0,0.019772,65793.86,0.016114
2021-11-24,65498.59,0.00075667,-0.00080014,0.507567,0.539677,0.53985,0.00075667,0.00396772,0.00398499,-0.00080014,-0.00811844,-4.996e-05,0.75,0.25,0.0,0.017619,66005.73,0.012946
2021-11-26,64534.21,0.00075667,-0.00080014,0.507567,0.539677,0.53985,0.00075667,0.00396772,0.00398499,-0.00080014,-0.00811844,-4.996e-05,0.75,0.25,0.0,0.032083,64754.34,0.031659
2021-11-29,65566.19,0.00075667,-0.00080014,0.507567,0.539677,0.53985,0.00075667,0.00396772,0.00398499,-0.00080014,-0.00811844,-4.996e-05,0.75,0.25,0.0,0.016605,66159.67,0.010644
2021-11-30,64730.27,0.00075667,-0.00080014,0.507567,0.539677,0.53985,0.00075667,0.00396772,0.00398499,-0.00080014,-0.00811844,-4.996e-05,0.75,0.25,0.0,0.029142,65188.03,0.025174
2021-12-01,73961.66,0.01673385,0.02771753,0.667338,0.610447,0.5397,0.01673385,0.01104468,0.00397,0.02771753,0.02888784,0.00010001,1.0,0.0,0.0,0.0,74078.99,0.0
2021-12-02,74494.71,0.01673385,0.02771753,0.667338,0.610447,0.5397,0.01673385,0.01104468,0.00397,0.02771753,0.02888784,0.00010001,1.0,0.0,0.0,0.0,74612.88,0.0
2021-12-03,73199.35,0.01673385,0.02771753,0.667338,0.610447,0.5397,0.01673385,0.01104468,0.00397,0.02771753,0.02888784,0.00010001,1.0,0.0,0.0,0.017389,73315.47,0.017389
2021-12-06,73785.89,0.01673385,0.02771753,0.667338,0.610447,0.5397,0.01673385,0.01104468,0.00397,0.02771753,0.02888784,0.00010001,1.0,0.0,0.0,0.009515,73902.94,0.009515
2021-12-07,76007.87,0.01673385,0.02771753,0.667338,0.610447,0.5397,0.01673385,0.01104468,0.00397,0.02771753,0.02888784,0.00010001,1.0,0.0,0.0,0.0,76128.45,0.0
2021-12-08,76347.95,0.01673385,0.02771753,0.667338,0.610447,0.5397,0.01673385,0.01104468,0.00397,0.02771753,0.02888784,0.00010001,1.0,0.0,0.0,0.0,76469.06,0.0
2021-12-09,75224.54,0.01673385,0.02771753,0.667338,0.610447,0.5397,0.01673385,0.01104468,0.00397,0.02771753,0.02888784,0.00010001,1.0,0.0,0.0,0.014714,75343.88,0.014714
2021-12-10,76042.26,0.01673385,0.02771753,0.667338,0.610447,0.5397,0.01673385,0.01104468,0.00397,0.02771753,0.02888784,0.00010001,1.0,0.0,0.0,0.004004,76162.89,0.004004
2021-12-13,74943.69,0.01673385,0.02771753,0.667338,0.610447,0.5397,0.01673385,0.01104468,0.00397,0.02771753,0.02888784,0.00010001,1.0,0.0,0.0,0.018393,75062.58,0.018393
2021-12-14,74168.0,0.01673385,0.02771753,0.667338,0.610447,0.5397,0.01673385,0.01104468,0.00397,0.02771753,0.02888784,0.00010001,1.0,0.0,0.0,0.028553,74285.66,0.028553
2021-12-15,75858.84,0.01673385,0.02771753,0.667338,0.610447,0.5397,0.01673385,0.01104468,0.00397,0.02771753,0.02888784,0.00010001,1.0,0.0,0.0,0.006406,75979.19,0.006406
2021-12-16,73908.16,0.01673385,0.02771753,0.667338,0.610447,0.5397,0.01673385,0.01104468,0.00397,0.02771753,0.02888784,0.00010001,1.0,0.0,0.0,0.031956,74025.41,0.031956
2021-12-17,73539.43,0.01673385,0.02771753,0.667338,0.610447,0.5397,0.01673385,0.01104468,0.00397,0.02771753,0.02888784,0.00010001,1.0,0.0,0.0,0.036786,73656.09,0.036786
2021-12-20,72733.17,0.01673385,0.02771753,0.667338,0.610447,0.5397,0.01673385,0.01104468,0.00397,0.02771753,0.02888784,0.00010001,1.0,0.0,0.0,0.047346,72848.55,0.047346
2021-12-21,74360.96,0.01673385,0.02771753,0.667338,0.610447,0.5397,0.01673385,0.01104468,0.00397,0.02771753,0.02888784,0.00010001,1.0,0.0,0.0,0.026025,74478.93,0.026025
2021-12-22,75266.57,0.01673385,0.02771753,0.667338,0.610447,0.5397,0.01673385,0.01104468,0.00397,0.02771753,0.02888784,0.00010001,1.0,0.0,0.0,0.014164,75385.98,0.014164
2021-12-23,75834.01,0.01673385,0.02771753,0.667338,0.610447,0.5397,0.01673385,0.01104468,0.00397,0.02771753,0.02888784,0.00010001,1.0,0.0,0.0,0.006732,75954.31,0.006731
2021-12-27,77087.34,0.01673385,0.02771753,0.667338,0.610447,0.5397,0.01673385,0.01104468,0.00397,0.02771753,0.02888784,0.00010001,1.0,0.0,0.0,0.0,77209.63,0.0
2021-12-28,76730.06,0.01673385,0.02771753,0.667338,0.610447,0.5397,0.01673385,0.01104468,0.00397,0.02771753,0.02888784,0.00010001,1.0,0.0,0.0,0.004635,76851.78,0.004635
2021-12-29,76718.6,0.01673385,0.02771753,0.667338,0.610447,0.5397,0.01673385,0.01104468,0.00397,0.02771753,0.02888784,0.00010001,1.0,0.0,0.0,0.004783,76840.3,0.004783
2021-12-30,76489.33,0.01673385,0.02771753,0.667338,0.610447,0.5397,0.01673385,0.01104468,0.00397,0.02771753,0.02888784,0.00010001,1.0,0.0,0.0,0.007758,76610.67,0.007758
2021-12-31,76011.69,0.01673385,0.02771753,0.667338,0.610447,0.5397,0.01673385,0.01104468,0.00397,0.02771753,0.02888784,0.00010001,1.0,0.0,0.0,0.013954,76132.28,0.013954
2022-01-03,86743.44,0.01849504,-0.08262797,0.68495,0.552265,0.53997,0.01849504,0.00522654,0.00399698,-0.08262797,0.00302973,0.0,1.0,0.0,0.0,0.0,86865.18,0.0
2022-01-04,85618.33,0.01849504,-0.08262797,0.68495,0.552265,0.53997,0.01849504,0.00522654,0.00399698,-0.08262797,0.00302973,0.0,1.0,0.0,0.0,0.012971,85738.49,0.012971
2022-01-05,82988.04,0.01849504,-0.08262797,0.68495,0.552265,0.53997,0.01849504,0.00522654,0.00399698,-0.08262797,0.00302973,0.0,1.0,0.0,0.0,0.043293,83104.51,0.043293
2022-01-06,82929.73,0.01849504,-0.08262797,0.68495,0.552265,0.53997,0.01849504,0.00522654,0.00399698,-0.08262797,0.00302973,0.0,1.0,0.0,0.0,0.043965,83046.12,0.043965
2022-01-07,82031.37,0.01849504,-0.08262797,0.68495,0.552265,0.53997,0.01849504,0.00522654,0.00399698,-0.08262797,0.00302973,0.0,1.0,0.0,0.0,0.054322,82146.5,0.054322
2022-01-10,82085.36,0.01849504,-0.08262797,0.68495,0.552265,0.53997,0.01849504,0.00522654,0.00399698,-0.08262797,0.00302973,0.0,1.0,0.0,0.0,0.0537,82200.56,0.0537
2022-01-11,83318.45,0.01849504,-0.08262797,0.68495,0.552265,0.53997,0.01849504,0.00522654,0.00399698,-0.08262797,0.00302973,0.0,1.0,0.0,0.0,0.039484,83435.38,0.039484
2022-01-12,83648.85,0.01849504,-0.08262797,0.68495,0.552265,0.53997,0.01849504,0.00522654,0.00399698,-0.08262797,0.00302973,0.0,1.0,0.0,0.0,0.035675,83766.25,0.035675
2022-01-13,81556.28,0.01849504,-0.08262797,0.68495,0.552265,0.53997,0.01849504,0.00522654,0.00399698,-0.08262797,0.00302973,0.0,1.0,0.0,0.0,0.059799,81670.74,0.059799
2022-01-14,82063.77,0.01849504,-0.08262797,0.68495,0.552265,0.53997,0.01849504,0.00522654,0.00399698,-0.08262797,0.00302973,0.0,1.0,0.0,0.0,0.053948,82178.94,0.053948
2022-01-18,80020.86,0.01849504,-0.08262797,0.68495,0.552265,0.53997,0.01849504,0.00522654,0.00399698,-0.08262797,0.00302973,0.0,1.0,0.0,0.0,0.0775,80133.17,0.0775
2022-01-19,79141.94,0.01849504,-0.08262797,0.68495,0.552265,0.53997,0.01849504,0.00522654,0.00399698,-0.08262797,0.00302973,0.0,1.0,0.0,0.0,0.087632,79253.02,0.087632
2022-01-20,78114.01,0.01849504,-0.08262797,0.68495,0.552265,0.53997,0.01849504,0.00522654,0.00399698,-0.08262797,0.00302973,0.0,1.0,0.0,0.0,0.099482,78223.64,0.099482
2022-01-21,75948.02,0.01849504,-0.08262797,0.68495,0.552265,0.53997,0.01849504,0.00522654,0.00399698,-0.08262797,0.00302973,0.0,1.0,0.0,0.0,0.124452,76054.61,0.124452
2022-01-24,76295.7,0.01849504,-0.08262797,0.68495,0.552265,0.53997,0.01849504,0.00522654,0.00399698,-0.08262797,0.00302973,0.0,1.0,0.0,0.0,0.120444,76402.78,0.120444
2022-01-25,74527.05,0.01849504,-0.08262797,0.68495,0.552265,0.53997,0.01849504,0.00522654,0.00399698,-0.08262797,0.00302973,0.0,1.0,0.0,0.0,0.140834,74631.65,0.140834
2022-01-26,74410.44,0.01849504,-0.08262797,0.68495,0.552265,0.53997,0.01849504,0.00522654,0.00399698,-0.08262797,0.00302973,0.0,1.0,0.0,0.0,0.142178,74514.88,0.142178
2022-01-27,73661.09,0.01849504,-0.08262797,0.68495,0.552265,0.53997,0.01849504,0.00522654,0.00399698,-0.08262797,0.00302973,0.0,1.0,0.0,0.0,0.150817,73764.47,0.150817
2022-01-28,75971.77,0.01849504,-0.08262797,0.68495,0.552265,0.53997,0.01849504,0.00522654,0.00399698,-0.08262797,0.00302973,0.0,1.0,0.0,0.0,0.124178,76078.39,0.124179
2022-01-31,78401.22,0.01849504,-0.08262797,0.68495,0.552265,0.53997,0.01849504,0.00522654,0.00399698,-0.08262797,0.00302973,0.0,1.0,0.0,0.0,0.096171,78511.26,0.096171
2022-02-01,88934.62,0.02260354,-0.06363531,0.726035,0.577319,0.54021,0.02260354,0.00773192,0.00402101,-0.06363531,0.07471918,-1.998e-05,1.0,0.0,0.0,0.0,89045.41,0.0
2022-02-02,89657.26,0.02260354,-0.06363531,0.726035,0.577319,0.54021,0.02260354,0.00773192,0.00402101,-0.06363531,0.07471918,-1.998e-05,1.0,0.0,0.0,0.0,89768.94,0.0
2022-02-03,86022.21,0.02260354,-0.06363531,0.726035,0.577319,0.54021,0.02260354,0.00773192,0.00402101,-0.06363531,0.07471918,-1.998e-05,1.0,0.0,0.0,0.040544,86129.36,0.040544
2022-02-04,87107.37,0.02260354,-0.06363531,0.726035,0.577319,0.54021,0.02260354,0.00773192,0.00402101,-0.06363531,0.07471918,-1.998e-05,1.0,0.0,0.0,0.02844,87215.88,0.02844
2022-02-07,86406.64,0.02260354,-0.06363531,0.726035,0.577319,0.54021,0.02260354,0.00773192,0.00402101,-0.06363531,0.07471918,-1.998e-05,1.0,0.0,0.0,0.036256,86514.27,0.036256
2022-02-08,87377.44,0.02260354,-0.06363531,0.726035,0.577319,0.54021,0.02260354,0.00773192,0.00402101,-0.06363531,0.07471918,-1.998e-05,1.0,0.0,0.0,0.025428,87486.29,0.025428
2022-02-09,89229.04,0.02260354,-0.06363531,0.726035,0.577319,0.54021,0.02260354,0.00773192,0.00402101,-0.06363531,0.07471918,-1.998e-05,1.0,0.0,0.0,0.004776,89340.19,0.004776
2022-02-10,87209.56,0.02260354,-0.06363531,0.726035,0.577319,0.54021,0.02260354,0.00773192,0.00402101,-0.06363531,0.07471918,-1.998e-05,1.0,0.0,0.0,0.027301,87318.19,0.027301
2022-02-11,84443.13,0.02260354,-0.06363531,0.726035,0.577319,0.54021,0.02260354,0.00773192,0.00402101,-0.06363531,0.07471918,-1.998e-05,1.0,0.0,0.0,0.058156,84548.32,0.058156
2022-02-14,84547.75,0.02260354,-0.06363531,0.726035,0.577319,0.54021,0.02260354,0.00773192,0.00402101,-0.06363531,0.07471918,-1.998e-05,1.0,0.0,0.0,0.056989,84653.07,0.056989
2022-02-15,86649.95,0.02260354,-0.06363531,0.726035,0.577319,0.54021,0.02260354,0.00773192,0.00402101,-0.06363531,0.07471918,-1.998e-05,1.0,0.0,0.0,0.033542,86757.89,0.033542
2022-02-16,86628.05,0.02260354,-0.06363531,0.726035,0.577319,0.54021,0.02260354,0.00773192,0.00402101,-0.06363531,0.07471918,-1.998e-05,1.0,0.0,0.0,0.033787,86735.96,0.033787
2022-02-17,84051.4,0.02260354,-0.06363531,0.726035,0.577319,0.54021,0.02260354,0.00773192,0.00402101,-0.06363531,0.07471918,-1.998e-05,1.0,0.0,0.0,0.062525,84156.1,0.062525
2022-02-18,83092.76,0.02260354,-0.06363531,0.726035,0.577319,0.54021,0.02260354,0.00773192,0.00402101,-0.06363531,0.07471918,-1.998e-05,1.0,0.0,0.0,0.073218,83196.27,0.073218
2022-02-22,82258.2,0.02260354,-0.06363531,0.726035,0.577319,0.54021,0.02260354,0.00773192,0.00402101,-0.06363531,0.07471918,-1.998e-05,1.0,0.0,0.0,0.082526,82360.67,0.082526
2022-02-23,80151.14,0.02260354,-0.06363531,0.726035,0.577319,0.54021,0.02260354,0.00773192,0.00402101,-0.06363531,0.07471918,-1.998e-05,1.0,0.0,0.0,0.106027,80250.99,0.106027
2022-02-24,82844.58,0.02260354,-0.06363531,0.726035,0.577319,0.54021,0.02260354,0.00773192,0.00402101,-0.06363531,0.07471918,-1.998e-05,1.0,0.0,0.0,0.075986,82947.78,0.075986
2022-02-25,84129.25,0.02260354,-0.06363531,0.726035,0.577319,0.54021,0.02260354,0.00773192,0.00402101,-0.06363531,0.07471918,-1.998e-05,1.0,0.0,0.0,0.061657,84234.05,0.061657
2022-02-28,84379.86,0.02260354,-0.06363531,0.726035,0.577319,0.54021,0.02260354,0.00773192,0.00402101,-0.06363531,0.07471918,-1.998e-05,1.0,0.0,0.0,0.058862,84484.97,0.058862
2022-03-01,93087.89,0.02145345,0.06164168,0.714534,0.364059,0.54015,0.02145345,-0.01359414,0.00401499,0.06164168,-0.00534083,0.00019998,1.0,0.0,0.0,0.0,93191.39,0.0
2022-03-02,94649.85,0.02145345,0.06164168,0.714534,0.364059,0.54015,0.02145345,-0.01359414,0.00401499,0.06164168,-0.00534083,0.00019998,1.0,0.0,0.0,0.0,94755.09,0.0
2022-03-03,93297.79,0.02145345,0.06164168,0.714534,0.364059,0.54015,0.02145345,-0.01359414,0.00401499,0.06164168,-0.00534083,0.00019998,1.0,0.0,0.0,0.014285,93401.53,0.014285
2022-03-04,91945.72,0.02145345,0.06164168,0.714534,0.364059,0.54015,0.02145345,-0.01359414,0.00401499,0.06164168,-0.00534083,0.00019998,1.0,0.0,0.0,0.02857,92047.95,0.02857
2022-03-07,88554.66,0.02145345,0.06164168,0.714534,0.364059,0.54015,0.02145345,-0.01359414,0.00401499,0.06164168,-0.00534083,0.00019998,1.0,0.0,0.0,0.064397,88653.12,0.064397
2022-03-08,88143.05,0.02145345,0.06164168,0.714534,0.364059,0.54015,0.02145345,-0.01359414,0.00401499,0.06164168,-0.00534083,0.00019998,1.0,0.0,0.0,0.068746,88241.05,0.068746
2022-03-09,91316.03,0.02145345,0.06164168,0.714534,0.364059,0.54015,0.02145345,-0.01359414,0.00401499,0.06164168,-0.00534083,0.00019998,1.0,0.0,0.0,0.035223,91417.56,0.035223
2022-03-10,90301.98,0.02145345,0.06164168,0.714534,0.364059,0.54015,0.02145345,-0.01359414,0.00401499,0.06164168,-0.00534083,0.00019998,1.0,0.0,0.0,0.045936,90402.39,0.045936
2022-03-11,88429.27,0.02145345,0.06164168,0.714534,0.364059,0.54015,0.02145345,-0.01359414,0.00401499,0.06164168,-0.00534083,0.00019998,1.0,0.0,0.0,0.065722,88527.59,0.065722
2022-03-14,86731.02,0.02145345,0.06164168,0.714534,0.364059,0.54015,0.02145345,-0.01359414,0.00401499,0.06164168,-0.00534083,0.00019998,1.0,0.0,0.0,0.083664,86827.45,0.083665
2022-03-15,89451.49,0.02145345,0.06164168,0.714534,0.364059,0.54015,0.02145345,-0.01359414,0.00401499,0.06164168,-0.00534083,0.00019998,1.0,0.0,0.0,0.054922,89550.95,0.054922
2022-03-16,92768.96,0.02145345,0.06164168,0.714534,0.364059,0.54015,0.02145345,-0.01359414,0.00401499,0.06164168,-0.00534083,0.00019998,1.0,0.0,0.0,0.019872,92872.11,0.019872
2022-03-17,93892.04,0.02145345,0.06164168,0.714534,0.364059,0.54015,0.02145345,-0.01359414,0.00401499,0.06164168,-0.00534083,0.00019998,1.0,0.0,0.0,0.008006,93996.44,0.008006
2022-03-18,95813.82,0.02145345,0.06164168,0.714534,0.364059,0.54015,0.02145345,-0.01359414,0.00401499,0.06164168,-0.00534083,0.00019998,1.0,0.0,0.0,0.0,95920.35,0.0
2022-03-21,95429.46,0.02145345,0.06164168,0.714534,0.364059,0.54015,0.02145345,-0.01359414,0.00401499,0.06164168,-0.00534083,0.00019998,1.0,0.0,0.0,0.004012,95535.57,0.004011
2022-03-22,97304.91,0.02145345,0.06164168,0.714534,0.364059,0.54015,0.02145345,-0.01359414,0.00401499,0.06164168,-0.00534083,0.00019998,1.0,0.0,0.0,0.0,97413.1,0.0
2022-03-23,95906.5,0.02145345,0.06164168,0.714534,0.364059,0.54015,0.02145345,-0.01359414,0.00401499,0.06164168,-0.00534083,0.00019998,1.0,0.0,0.0,0.014371,96013.14,0.014371
2022-03-24,98038.18,0.02145345,0.06164168,0.714534,0.364059,0.54015,0.02145345,-0.01359414,0.00401499,0.06164168,-0.00534083,0.00019998,1.0,0.0,0.0,0.0,98147.19,0.0
2022-03-25,97956.41,0.02145345,0.06164168,0.714534,0.364059,0.54015,0.02145345,-0.01359414,0.00401499,0.06164168,-0.00534083,0.00019998,1.0,0.0,0.0,0.000834,98065.32,0.000834
2022-03-28,99472.03,0.02145345,0.06164168,0.714534,0.364059,0.54015,0.02145345,-0.01359414,0.00401499,0.06164168,-0.00534083,0.00019998,1.0,0.0,0.0,0.0,99582.63,0.0
2022-03-29,101183.91,0.02145345,0.06164168,0.714534,0.364059,0.54015,0.02145345,-0.01359414,0.00401499,0.06164168,-0.00534083,0.00019998,1.0,0.0,0.0,0.0,101296.42,0.0
2022-03-30,100066.28,0.02145345,0.06164168,0.714534,0.364059,0.54015,0.02145345,-0.01359414,0.00401499,0.06164168,-0.00534083,0.00019998,1.0,0.0,0.0,0.011046,100177.54,0.011046
2022-03-31,98825.98,0.02145345,0.06164168,0.714534,0.364059,0.54015,0.02145345,-0.01359414,0.00401499,0.06164168,-0.00534083,0.00019998,1.0,0.0,0.0,0.023303,98935.86,0.023303
2022-04-01,108637.89,0.00276836,-0.11985628,0.527684,0.556285,0.54015,0.00276836,0.00562854,0.00401499,-0.11985628,-0.03270192,0.0,0.9,0.1,0.0,0.0,108747.57,0.0
2022-04-04,110703.58,0.00276836,-0.11985628,0.527684,0.556285,0.54015,0.00276836,0.00562854,0.00401499,-0.11985628,-0.03270192,0.0,0.9,0.1,0.0,0.0,110986.52,0.0
2022-04-05,108419.5,0.00276836,-0.11985628,0.527684,0.556285,0.54015,0.00276836,0.00562854,0.00401499,-0.11985628,-0.03270192,0.0,0.9,0.1,0.0,0.020632,108522.17,0.022204
2022-04-06,106326.51,0.00276836,-0.11985628,0.527684,0.556285,0.54015,0.00276836,0.00562854,0.00401499,-0.11985628,-0.03270192,0.0,0.9,0.1,0.0,0.039539,106165.99,0.043433
2022-04-07,106594.63,0.00276836,-0.11985628,0.527684,0.556285,0.54015,0.00276836,0.00562854,0.00401499,-0.11985628,-0.03270192,0.0,0.9,0.1,0.0,0.037117,106418.44,0.041159
2022-04-08,105325.5,0.00276836,-0.11985628,0.527684,0.556285,0.54015,0.00276836,0.00562854,0.00401499,-0.11985628,-0.03270192,0.0,0.9,0.1,0.0,0.048581,104930.8,0.054563
2022-04-11,103148.07,0.00276836,-0.11985628,0.527684,0.556285,0.54015,0.00276836,0.00562854,0.00401499,-0.11985628,-0.03270192,0.0,0.9,0.1,0.0,0.06825,102448.41,0.076929
2022-04-12,102843.71,0.00276836,-0.11985628,0.527684,0.556285,0.54015,0.00276836,0.00562854,0.00401499,-0.11985628,-0.03270192,0.0,0.9,0.1,0.0,0.070999,102015.65,0.080828
2022-04-13,104761.39,0.00276836,-0.11985628,0.527684,0.556285,0.54015,0.00276836,0.00562854,0.00401499,-0.11985628,-0.03270192,0.0,0.9,0.1,0.0,0.053677,104089.32,0.062144
2022-04-14,102584.43,0.00276836,-0.11985628,0.527684,0.556285,0.54015,0.00276836,0.00562854,0.00401499,-0.11985628,-0.03270192,0.0,0.9,0.1,0.0,0.073341,101709.1,0.083591
2022-04-18,102689.19,0.00276836,-0.11985628,0.527684,0.556285,0.54015,0.00276836,0.00562854,0.00401499,-0.11985628,-0.03270192,0.0,0.9,0.1,0.0,0.072395,101787.24,0.082886
2022-04-19,104565.79,0.00276836,-0.11985628,0.527684,0.556285,0.54015,0.00276836,0.00562854,0.00401499,-0.11985628,-0.03270192,0.0,0.9,0.1,0.0,0.055443,104062.27,0.062388
2022-04-20,103255.11,0.00276836,-0.11985628,0.527684,0.556285,0.54015,0.00276836,0.00562854,0.00401499,-0.11985628,-0.03270192,0.0,0.9,0.1,0.0,0.067283,102544.58,0.076063
2022-04-21,101308.12,0.00276836,-0.11985628,0.527684,0.556285,0.54015,0.00276836,0.00562854,0.00401499,-0.11985628,-0.03270192,0.0,0.9,0.1,0.0,0.08487,100422.82,0.09518
2022-04-22,98836.69,0.00276836,-0.11985628,0.527684,0.556285,0.54015,0.00276836,0.00562854,0.00401499,-0.11985628,-0.03270192,0.0,0.9,0.1,0.0,0.107195,97793.16,0.118874
2022-04-25,99770.05,0.00276836,-0.11985628,0.527684,0.556285,0.54015,0.00276836,0.00562854,0.00401499,-0.11985628,-0.03270192,0.0,0.9,0.1,0.0,0.098764,99049.39,0.107555
2022-04-26,96425.04,0.00276836,-0.11985628,0.527684,0.556285,0.54015,0.00276836,0.00562854,0.00401499,-0.11985628,-0.03270192,0.0,0.9,0.1,0.0,0.12898,95310.77,0.14124
2022-04-27,96241.26,0.00276836,-0.11985628,0.527684,0.556285,0.54015,0.00276836,0.00562854,0.00401499,-0.11985628,-0.03270192,0.0,0.9,0.1,0.0,0.13064,95196.57,0.142269
2022-04-28,99338.57,0.00276836,-0.11985628,0.527684,0.556285,0.54015,0.00276836,0.00562854,0.00401499,-0.11985628,-0.03270192,0.0,0.9,0.1,0.0,0.102662,98577.56,0.111806
2022-04-29,95349.12,0.00276836,-0.11985628,0.527684,0.556285,0.54015,0.00276836,0.00562854,0.00401499,-0.11985628,-0.03270192,0.0,0.9,0.1,0.0,0.138699,94141.7,0.151774
2022-05-02,106563.79,0.02475976,-0.03918617,0.747598,0.605686,0.54015,0.02475976,0.01056855,0.00401499,-0.03918617,-0.00806318,9.999e-05,1.0,0.0,0.0,0.037395,105713.49,0.047511
2022-05-03,106677.55,0.02475976,-0.03918617,0.747598,0.605686,0.54015,0.02475976,0.01056855,0.00401499,-0.03918617,-0.00806318,9.999e-05,1.0,0.0,0.0,0.036368,105826.34,0.046494
2022-05-04,110284.55,0.02475976,-0.03918617,0.747598,0.605686,0.54015,0.02475976,0.01056855,0.00401499,-0.03918617,-0.00806318,9.999e-05,1.0,0.0,0.0,0.003785,109404.56,0.014254
2022-05-05,104730.17,0.02475976,-0.03918617,0.747598,0.605686,0.54015,0.02475976,0.01056855,0.00401499,-0.03918617,-0.00806318,9.999e-05,1.0,0.0,0.0,0.053959,103894.5,0.0639
2022-05-06,103475.41,0.02475976,-0.03918617,0.747598,0.605686,0.54015,0.02475976,0.01056855,0.00401499,-0.03918617,-0.00806318,9.999e-05,1.0,0.0,0.0,0.065293,102649.76,0.075115
2022-05-09,99426.74,0.02475976,-0.03918617,0.747598,0.605686,0.54015,0.02475976,0.01056855,0.00401499,-0.03918617,-0.00806318,9.999e-05,1.0,0.0,0.0,0.101865,98633.39,0.111303
2022-05-10,100634.65,0.02475976,-0.03918617,0.747598,0.605686,0.54015,0.02475976,0.01056855,0.00401499,-0.03918617,-0.00806318,9.999e-05,1.0,0.0,0.0,0.090954,99831.66,0.100506
2022-05-11,97650.01,0.02475976,-0.03918617,0.747598,0.605686,0.54015,0.02475976,0.01056855,0.00401499,-0.03918617,-0.00806318,9.999e-05,1.0,0.0,0.0,0.117915,96870.83,0.127184
2022-05-12,97419.13,0.02475976,-0.03918617,0.747598,0.605686,0.54015,0.02475976,0.01056855,0.00401499,-0.03918617,-0.00806318,9.999e-05,1.0,0.0,0.0,0.12,96641.8,0.129247
2022-05-13,101029.48,0.02475976,-0.03918617,0.747598,0.605686,0.54015,0.02475976,0.01056855,0.00401499,-0.03918617,-0.00806318,9.999e-05,1.0,0.0,0.0,0.087387,100223.34,0.096977
2022-05-16,99858.38,0.02475976,-0.03918617,0.747598,0.605686,0.54015,0.02475976,0.01056855,0.00401499,-0.03918617,-0.00806318,9.999e-05,1.0,0.0,0.0,0.097966,99061.58,0.107445
2022-05-17,102444.85,0.02475976,-0.03918617,0.747598,0.605686,0.54015,0.02475976,0.01056855,0.00401499,-0.03918617,-0.00806318,9.999e-05,1.0,0.0,0.0,0.074602,101627.41,0.084327
2022-05-18,97415.79,0.02475976,-0.03918617,0.747598,0.605686,0.54015,0.02475976,0.01056855,0.00401499,-0.03918617,-0.00806318,9.999e-05,1.0,0.0,0.0,0.12003,96638.49,0.129277
2022-05-19,96893.8,0.02475976,-0.03918617,0.747598,0.605686,0.54015,0.02475976,0.01056855,0.00401499,-0.03918617,-0.00806318,9.999e-05,1.0,0.0,0.0,0.124746,96120.66,0.133943
2022-05-20,96592.66,0.02475976,-0.03918617,0.747598,0.605686,0.54015,0.02475976,0.01056855,0.00401499,-0.03918617,-0.00806318,9.999e-05,1.0,0.0,0.0,0.127466,95821.93,0.136635
2022-05-23,98198.76,0.02475976,-0.03918617,0.747598,0.605686,0.54015,0.02475976,0.01056855,0.00401499,-0.03918617,-0.00806318,9.999e-05,1.0,0.0,0.0,0.112958,97415.2,0.122279
2022-05-24,96110.84,0.02475976,-0.03918617,0.747598,0.605686,0.54015,0.02475976,0.01056855,0.00401499,-0.03918617,-0.00806318,9.999e-05,1.0,0.0,0.0,0.131818,95343.95,0.140941
2022-05-25,97455.94,0.02475976,-0.03918617,0.747598,0.605686,0.54015,0.02475976,0.01056855,0.00401499,-0.03918617,-0.00806318,9.999e-05,1.0,0.0,0.0,0.119668,96678.32,0.128918
2022-05-26,100156.17,0.02475976,-0.03918617,0.747598,0.605686,0.54015,0.02475976,0.01056855,0.00401499,-0.03918617,-0.00806318,9.999e-05,1.0,0.0,0.0,0.095276,99356.99,0.104783
2022-05-27,103425.23,0.02475976,-0.03918617,0.747598,0.605686,0.54015,0.02475976,0.01056855,0.00401499,-0.03918617,-0.00806318,9.999e-05,1.0,0.0,0.0,0.065746,102599.97,0.075564
2022-05-31,103150.85,0.02475976,-0.03918617,0.747598,0.605686,0.54015,0.02475976,0.01056855,0.00401499,-0.03918617,-0.00806318,9.999e-05,1.0,0.0,0.0,0.068225,102327.78,0.078016
2022-06-01,112387.96,0.02127841,-0.07800652,0.712784,0.556368,0.5406,0.02127841,0.00563676,0.00406,-0.07800652,-0.02270213,0.0,1.0,0.0,0.0,0.0,111570.98,0.0
2022-06-02,115465.78,0.02127841,-0.07800652,0.712784,0.556368,0.5406,0.02127841,0.00563676,0.00406,-0.07800652,-0.02270213,0.0,1.0,0.0,0.0,0.0,114626.42,0.0
2022-06-03,112461.42,0.02127841,-0.07800652,0.712784,0.556368,0.5406,0.02127841,0.00563676,0.00406,-0.07800652,-0.02270213,0.0,1.0,0.0,0.0,0.026019,111643.91,0.026019
2022-06-06,112836.04,0.02127841,-0.07800652,0.712784,0.556368,0.5406,0.02127841,0.00563676,0.00406,-0.07800652,-0.02270213,0.0,1.0,0.0,0.0,0.022775,112015.81,0.022775
2022-06-07,113809.33,0.02127841,-0.07800652,0.712784,0.556368,0.5406,0.02127841,0.00563676,0.00406,-0.07800652,-0.02270213,0.0,1.0,0.0,0.0,0.014346,112982.02,0.014346
2022-06-08,112990.31,0.02127841,-0.07800652,0.712784,0.556368,0.5406,0.02127841,0.00563676,0.00406,-0.07800652,-0.02270213,0.0,1.0,0.0,0.0,0.021439,112168.95,0.021439
2022-06-09,109963.9,0.02127841,-0.07800652,0.712784,0.556368,0.5406,0.02127841,0.00563676,0.00406,-0.07800652,-0.02270213,0.0,1.0,0.0,0.0,0.047649,109164.55,0.047649
2022-06-10,106085.42,0.02127841,-0.07800652,0.712784,0.556368,0.5406,0.02127841,0.00563676,0.00406,-0.07800652,-0.02270213,0.0,1.0,0.0,0.0,0.081239,105314.25,0.081239
2022-06-13,101152.84,0.02127841,-0.07800652,0.712784,0.556368,0.5406,0.02127841,0.00563676,0.00406,-0.07800652,-0.02270213,0.0,1.0,0.0,0.0,0.123958,100417.53,0.123958
2022-06-14,101336.48,0.02127841,-0.07800652,0.712784,0.556368,0.5406,0.02127841,0.00563676,0.00406,-0.07800652,-0.02270213,0.0,1.0,0.0,0.0,0.122368,100599.84,0.122368
2022-06-15,103867.04,0.02127841,-0.07800652,0.712784,0.556368,0.5406,0.02127841,0.00563676,0.00406,-0.07800652,-0.02270213,0.0,1.0,0.0,0.0,0.100452,103112.0,0.100452
2022-06-16,99676.37,0.02127841,-0.07800652,0.712784,0.556368,0.5406,0.02127841,0.00563676,0.00406,-0.07800652,-0.02270213,0.0,1.0,0.0,0.0,0.136745,98951.8,0.136745
2022-06-17,100888.4,0.02127841,-0.07800652,0.712784,0.556368,0.5406,0.02127841,0.00563676,0.00406,-0.07800652,-0.02270213,0.0,1.0,0.0,0.0,0.126248,100155.01,0.126248
2022-06-21,103235.31,0.02127841,-0.07800652,0.712784,0.556368,0.5406,0.02127841,0.00563676,0.00406,-0.07800652,-0.02270213,0.0,1.0,0.0,0.0,0.105923,102484.87,0.105923
2022-06-22,103084.74,0.02127841,-0.07800652,0.712784,0.556368,0.5406,0.02127841,0.00563676,0.00406,-0.07800652,-0.02270213,0.0,1.0,0.0,0.0,0.107227,102335.39,0.107227
2022-06-23,104619.97,0.02127841,-0.07800652,0.712784,0.556368,0.5406,0.02127841,0.00563676,0.00406,-0.07800652,-0.02270213,0.0,1.0,0.0,0.0,0.093931,103859.46,0.093931
2022-06-24,108204.62,0.02127841,-0.07800652,0.712784,0.556368,0.5406,0.02127841,0.00563676,0.00406,-0.07800652,-0.02270213,0.0,1.0,0.0,0.0,0.062886,107418.06,0.062886
2022-06-27,107411.31,0.02127841,-0.07800652,0.712784,0.556368,0.5406,0.02127841,0.00563676,0.00406,-0.07800652,-0.02270213,0.0,1.0,0.0,0.0,0.069756,106630.51,0.069756
2022-06-28,104138.83,0.02127841,-0.07800652,0.712784,0.556368,0.5406,0.02127841,0.00563676,0.00406,-0.07800652,-0.02270213,0.0,1.0,0.0,0.0,0.098098,103381.82,0.098098
2022-06-29,104234.32,0.02127841,-0.07800652,0.712784,0.556368,0.5406,0.02127841,0.00563676,0.00406,-0.07800652,-0.02270213,0.0,1.0,0.0,0.0,0.097271,103476.61,0.097271
2022-06-30,102941.49,0.02127841,-0.07800652,0.712784,0.556368,0.5406,0.02127841,0.00563676,0.00406,-0.07800652,-0.02270213,0.0,1.0,0.0,0.0,0.108468,102193.18,0.108467
2022-07-01,113620.97,0.02206262,0.11746352,0.720626,0.598959,0.5397,0.02206262,0.00989594,0.00397001,0.11746352,-0.01954615,-9.998e-05,1.0,0.0,0.0,0.015977,112867.72,0.015343
2022-07-05,115566.13,0.02206262,0.11746352,0.720626,0.598959,0.5397,0.02206262,0.00989594,0.00397001,0.11746352,-0.01954615,-9.998e-05,1.0,0.0,0.0,0.0,114799.98,0.0
2022-07-06,116307.14,0.02206262,0.11746352,0.720626,0.598959,0.5397,0.02206262,0.00989594,0.00397001,0.11746352,-0.01954615,-9.998e-05,1.0,0.0,0.0,0.0,115536.08,0.0
2022-07-07,118795.99,0.02206262,0.11746352,0.720626,0.598959,0.5397,0.02206262,0.00989594,0.00397001,0.11746352,-0.01954615,-9.998e-05,1.0,0.0,0.0,0.0,118008.43,0.0
2022-07-08,118945.0,0.02206262,0.11746352,0.720626,0.598959,0.5397,0.02206262,0.00989594,0.00397001,0.11746352,-0.01954615,-9.998e-05,1.0,0.0,0.0,0.0,118156.45,0.0
2022-07-11,116403.8,0.02206262,0.11746352,0.720626,0.598959,0.5397,0.02206262,0.00989594,0.00397001,0.11746352,-0.01954615,-9.998e-05,1.0,0.0,0.0,0.021364,115632.1,0.021364
2022-07-12,115276.16,0.02206262,0.11746352,0.720626,0.598959,0.5397,0.02206262,0.00989594,0.00397001,0.11746352,-0.01954615,-9.998e-05,1.0,0.0,0.0,0.030845,114511.94,0.030845
2022-07-13,115038.56,0.02206262,0.11746352,0.720626,0.598959,0.5397,0.02206262,0.00989594,0.00397001,0.11746352,-0.01954615,-9.998e-05,1.0,0.0,0.0,0.032842,114275.91,0.032842
2022-07-14,115449.34,0.02206262,0.11746352,0.720626,0.598959,0.5397,0.02206262,0.00989594,0.00397001,0.11746352,-0.01954615,-9.998e-05,1.0,0.0,0.0,0.029389,114683.97,0.029389
2022-07-15,117543.51,0.02206262,0.11746352,0.720626,0.598959,0.5397,0.02206262,0.00989594,0.00397001,0.11746352,-0.01954615,-9.998e-05,1.0,0.0,0.0,0.011783,116764.25,0.011783
2022-07-18,116548.78,0.02206262,0.11746352,0.720626,0.598959,0.5397,0.02206262,0.00989594,0.00397001,0.11746352,-0.01954615,-9.998e-05,1.0,0.0,0.0,0.020146,115776.12,0.020146
2022-07-19,120133.03,0.02206262,0.11746352,0.720626,0.598959,0.5397,0.02206262,0.00989594,0.00397001,0.11746352,-0.01954615,-9.998e-05,1.0,0.0,0.0,0.0,119336.61,0.0
2022-07-20,122037.93,0.02206262,0.11746352,0.720626,0.598959,0.5397,0.02206262,0.00989594,0.00397001,0.11746352,-0.01954615,-9.998e-05,1.0,0.0,0.0,0.0,121228.88,0.0
2022-07-21,123789.79,0.02206262,0.11746352,0.720626,0.598959,0.5397,0.02206262,0.00989594,0.00397001,0.11746352,-0.01954615,-9.998e-05,1.0,0.0,0.0,0.0,122969.12,0.0
2022-07-22,121619.09,0.02206262,0.11746352,0.720626,0.598959,0.5397,0.02206262,0.00989594,0.00397001,0.11746352,-0.01954615,-9.998e-05,1.0,0.0,0.0,0.017535,120812.82,0.017535
2022-07-25,120926.4,0.02206262,0.11746352,0.720626,0.598959,0.5397,0.02206262,0.00989594,0.00397001,0.11746352,-0.01954615,-9.998e-05,1.0,0.0,0.0,0.023131,120124.72,0.023131
2022-07-26,118550.32,0.02206262,0.11746352,0.720626,0.598959,0.5397,0.02206262,0.00989594,0.00397001,0.11746352,-0.01954615,-9.998e-05,1.0,0.0,0.0,0.042326,117764.39,0.042326
2022-07-27,123560.23,0.02206262,0.11746352,0.720626,0.598959,0.5397,0.02206262,0.00989594,0.00397001,0.11746352,-0.01954615,-9.998e-05,1.0,0.0,0.0,0.001854,122741.09,0.001854
2022-07-28,124768.41,0.02206262,0.11746352,0.720626,0.598959,0.5397,0.02206262,0.00989594,0.00397001,0.11746352,-0.01954615,-9.998e-05,1.0,0.0,0.0,0.0,123941.26,0.0
2022-07-29,127043.8,0.02206262,0.11746352,0.720626,0.598959,0.5397,0.02206262,0.00989594,0.00397001,0.11746352,-0.01954615,-9.998e-05,1.0,0.0,0.0,0.0,126201.57,0.0
2022-08-01,136967.28,0.01751006,-0.05075015,0.675101,0.53686,0.539101,0.01751006,0.003686,0.00391006,-0.05075015,-0.03490271,0.00169947,1.0,0.0,0.0,0.0,136125.56,0.0
2022-08-02,136558.91,0.01751006,-0.05075015,0.675101,0.53686,0.539101,0.01751006,0.003686,0.00391006,-0.05075015,-0.03490271,0.00169947,1.0,0.0,0.0,0.002982,135719.69,0.002982
2022-08-03,140277.76,0.01751006,-0.05075015,0.675101,0.53686,0.539101,0.01751006,0.003686,0.00391006,-0.05075015,-0.03490271,0.00169947,1.0,0.0,0.0,0.0,139415.69,0.0
2022-08-04,140933.76,0.01751006,-0.05075015,0.675101,0.53686,0.539101,0.01751006,0.003686,0.00391006,-0.05075015,-0.03490271,0.00169947,1.0,0.0,0.0,0.0,140067.66,0.0
2022-08-05,139782.49,0.01751006,-0.05075015,0.675101,0.53686,0.539101,0.01751006,0.003686,0.00391006,-0.05075015,-0.03490271,0.00169947,1.0,0.0,0.0,0.008169,138923.46,0.008169
2022-08-08,139330.66,0.01751006,-0.05075015,0.675101,0.53686,0.539101,0.01751006,0.003686,0.00391006,-0.05075015,-0.03490271,0.00169947,1.0,0.0,0.0,0.011375,138474.41,0.011375
2022-08-09,137753.63,0.01751006,-0.05075015,0.675101,0.53686,0.539101,0.01751006,0.003686,0.00391006,-0.05075015,-0.03490271,0.00169947,1.0,0.0,0.0,0.022565,136907.07,0.022565
2022-08-10,141598.46,0.01751006,-0.05075015,0.675101,0.53686,0.539101,0.01751006,0.003686,0.00391006,-0.05075015,-0.03490271,0.00169947,1.0,0.0,0.0,0.0,140728.27,0.0
2022-08-11,140794.74,0.01751006,-0.05075015,0.675101,0.53686,0.539101,0.01751006,0.003686,0.00391006,-0.05075015,-0.03490271,0.00169947,1.0,0.0,0.0,0.005676,139929.49,0.005676
2022-08-12,143536.1,0.01751006,-0.05075015,0.675101,0.53686,0.539101,0.01751006,0.003686,0.00391006,-0.05075015,-0.03490271,0.00169947,1.0,0.0,0.0,0.0,142654.0,0.0
2022-08-15,144696.05,0.01751006,-0.05075015,0.675101,0.53686,0.539101,0.01751006,0.003686,0.00391006,-0.05075015,-0.03490271,0.00169947,1.0,0.0,0.0,0.0,143806.83,0.0
2022-08-16,144357.19,0.01751006,-0.05075015,0.675101,0.53686,0.539101,0.01751006,0.003686,0.00391006,-0.05075015,-0.03490271,0.00169947,1.0,0.0,0.0,0.002342,143470.05,0.002342
2022-08-17,142710.64,0.01751006,-0.05075015,0.675101,0.53686,0.539101,0.01751006,0.003686,0.00391006,-0.05075015,-0.03490271,0.00169947,1.0,0.0,0.0,0.013721,141833.62,0.013721
2022-08-18,143053.86,0.01751006,-0.05075015,0.675101,0.53686,0.539101,0.01751006,0.003686,0.00391006,-0.05075015,-0.03490271,0.00169947,1.0,0.0,0.0,0.011349,142174.72,0.011349
2022-08-19,140264.72,0.01751006,-0.05075015,0.675101,0.53686,0.539101,0.01751006,0.003686,0.00391006,-0.05075015,-0.03490271,0.00169947,1.0,0.0,0.0,0.030625,139402.72,0.030625
2022-08-22,136571.94,0.01751006,-0.05075015,0.675101,0.53686,0.539101,0.01751006,0.003686,0.00391006,-0.05075015,-0.03490271,0.00169947,1.0,0.0,0.0,0.056146,135732.64,0.056146
2022-08-23,136458.99,0.01751006,-0.05075015,0.675101,0.53686,0.539101,0.01751006,0.003686,0.00391006,-0.05075015,-0.03490271,0.00169947,1.0,0.0,0.0,0.056927,135620.39,0.056927
2022-08-24,136854.34,0.01751006,-0.05075015,0.675101,0.53686,0.539101,0.01751006,0.003686,0.00391006,-0.05075015,-0.03490271,0.00169947,1.0,0.0,0.0,0.054194,136013.3,0.054194
2022-08-25,139274.18,0.01751006,-0.05075015,0.675101,0.53686,0.539101,0.01751006,0.003686,0.00391006,-0.05075015,-0.03490271,0.00169947,1.0,0.0,0.0,0.037471,138418.28,0.037471
2022-08-26,133565.59,0.01751006,-0.05075015,0.675101,0.53686,0.539101,0.01751006,0.003686,0.00391006,-0.05075015,-0.03490271,0.00169947,1.0,0.0,0.0,0.076923,132744.77,0.076923
2022-08-29,132249.22,0.01751006,-0.05075015,0.675101,0.53686,0.539101,0.01751006,0.003686,0.00391006,-0.05075015,-0.03490271,0.00169947,1.0,0.0,0.0,0.086021,131436.49,0.086021
2022-08-30,130776.45,0.01751006,-0.05075015,0.675101,0.53686,0.539101,0.01751006,0.003686,0.00391006,-0.05075015,-0.03490271,0.00169947,1.0,0.0,0.0,0.096199,129972.77,0.096199
2022-08-31,130016.17,0.01751006,-0.05075015,0.675101,0.53686,0.539101,0.01751006,0.003686,0.00391006,-0.05075015,-0.03490271,0.00169947,1.0,0.0,0.0,0.101453,129217.16,0.101453
2022-09-01,140072.65,0.03031843,-0.08640613,0.803184,0.650327,0.5403,0.03031843,0.01503268,0.00402997,-0.08640613,0.00354721,0.00059969,1.0,0.0,0.0,0.031952,139273.3,0.031525
2022-09-02,138093.68,0.03031843,-0.08640613,0.803184,0.650327,0.5403,0.03031843,0.01503268,0.00402997,-0.08640613,0.00354721,0.00059969,1.0,0.0,0.0,0.045629,137305.62,0.045208
2022-09-06,137101.84,0.03031843,-0.08640613,0.803184,0.650327,0.5403,0.03031843,0.01503268,0.00402997,-0.08640613,0.00354721,0.00059969,1.0,0.0,0.0,0.052484,136319.43,0.052066
2022-09-07,139871.48,0.03031843,-0.08640613,0.803184,0.650327,0.5403,0.03031843,0.01503268,0.00402997,-0.08640613,0.00354721,0.00059969,1.0,0.0,0.0,0.033343,139073.27,0.032916
2022-09-08,140596.64,0.03031843,-0.08640613,0.803184,0.650327,0.5403,0.03031843,0.01503268,0.00402997,-0.08640613,0.00354721,0.00059969,1.0,0.0,0.0,0.028331,139794.29,0.027902
2022-09-09,143670.38,0.03031843,-0.08640613,0.803184,0.650327,0.5403,0.03031843,0.01503268,0.00402997,-0.08640613,0.00354721,0.00059969,1.0,0.0,0.0,0.007088,142850.49,0.00665
2022-09-12,145378.01,0.03031843,-0.08640613,0.803184,0.650327,0.5403,0.03031843,0.01503268,0.00402997,-0.08640613,0.00354721,0.00059969,1.0,0.0,0.0,0.0,144548.38,0.0
2022-09-13,137405.95,0.03031843,-0.08640613,0.803184,0.650327,0.5403,0.03031843,0.01503268,0.00402997,-0.08640613,0.00354721,0.00059969,1.0,0.0,0.0,0.054837,136621.81,0.054837
2022-09-14,138496.02,0.03031843,-0.08640613,0.803184,0.650327,0.5403,0.03031843,0.01503268,0.00402997,-0.08640613,0.00354721,0.00059969,1.0,0.0,0.0,0.047339,137705.66,0.047339
2022-09-15,136189.55,0.03031843,-0.08640613,0.803184,0.650327,0.5403,0.03031843,0.01503268,0.00402997,-0.08640613,0.00354721,0.00059969,1.0,0.0,0.0,0.063204,135412.35,0.063204
2022-09-16,135356.79,0.03031843,-0.08640613,0.803184,0.650327,0.5403,0.03031843,0.01503268,0.00402997,-0.08640613,0.00354721,0.00059969,1.0,0.0,0.0,0.068932,134584.34,0.068932
2022-09-19,136166.15,0.03031843,-0.08640613,0.803184,0.650327,0.5403,0.03031843,0.01503268,0.00402997,-0.08640613,0.00354721,0.00059969,1.0,0.0,0.0,0.063365,135389.08,0.063365
2022-09-20,135080.76,0.03031843,-0.08640613,0.803184,0.650327,0.5403,0.03031843,0.01503268,0.00402997,-0.08640613,0.00354721,0.00059969,1.0,0.0,0.0,0.070831,134309.89,0.070831
2022-09-21,132662.0,0.03031843,-0.08640613,0.803184,0.650327,0.5403,0.03031843,0.01503268,0.00402997,-0.08640613,0.00354721,0.00059969,1.0,0.0,0.0,0.087469,131904.93,0.087469
2022-09-22,131029.23,0.03031843,-0.08640613,0.803184,0.650327,0.5403,0.03031843,0.01503268,0.00402997,-0.08640613,0.00354721,0.00059969,1.0,0.0,0.0,0.0987,130281.48,0.0987
2022-09-23,128895.86,0.03031843,-0.08640613,0.803184,0.650327,0.5403,0.03031843,0.01503268,0.00402997,-0.08640613,0.00354721,0.00059969,1.0,0.0,0.0,0.113374,128160.28,0.113374
2022-09-26,128362.51,0.03031843,-0.08640613,0.803184,0.650327,0.5403,0.03031843,0.01503268,0.00402997,-0.08640613,0.00354721,0.00059969,1.0,0.0,0.0,0.117043,127629.97,0.117043
2022-09-27,128413.98,0.03031843,-0.08640613,0.803184,0.650327,0.5403,0.03031843,0.01503268,0.00402997,-0.08640613,0.00354721,0.00059969,1.0,0.0,0.0,0.116689,127681.15,0.116689
2022-09-28,130968.4,0.03031843,-0.08640613,0.803184,0.650327,0.5403,0.03031843,0.01503268,0.00402997,-0.08640613,0.00354721,0.00059969,1.0,0.0,0.0,0.099118,130221.0,0.099118
2022-09-29,127192.89,0.03031843,-0.08640613,0.803184,0.650327,0.5403,0.03031843,0.01503268,0.00402997,-0.08640613,0.00354721,0.00059969,1.0,0.0,0.0,0.125089,126467.04,0.125088
2022-09-30,125036.14,0.03031843,-0.08640613,0.803184,0.650327,0.5403,0.03031843,0.01503268,0.00402997,-0.08640613,0.00354721,0.00059969,1.0,0.0,0.0,0.139924,124322.59,0.139924
2022-10-03,137969.52,0.02986983,-0.02869889,0.798698,0.585605,0.542099,0.02986983,0.00856045,0.00420989,-0.02869889,-0.03812405,-0.0001998,1.0,0.0,0.0,0.05096,137239.23,0.050565
2022-10-04,142307.39,0.02986983,-0.02869889,0.798698,0.585605,0.542099,0.02986983,0.00856045,0.00420989,-0.02869889,-0.03812405,-0.0001998,1.0,0.0,0.0,0.021122,141554.14,0.020714
2022-10-05,142231.73,0.02986983,-0.02869889,0.798698,0.585605,0.542099,0.02986983,0.00856045,0.00420989,-0.02869889,-0.03812405,-0.0001998,1.0,0.0,0.0,0.021642,141478.89,0.021235
2022-10-06,141111.96,0.02986983,-0.02869889,0.798698,0.585605,0.542099,0.02986983,0.00856045,0.00420989,-0.02869889,-0.03812405,-0.0001998,1.0,0.0,0.0,0.029345,140365.04,0.028941
2022-10-07,135735.01,0.02986983,-0.02869889,0.798698,0.585605,0.542099,0.02986983,0.00856045,0.00420989,-0.02869889,-0.03812405,-0.0001998,1.0,0.0,0.0,0.066331,135016.55,0.065942
2022-10-10,134378.17,0.02986983,-0.02869889,0.798698,0.585605,0.542099,0.02986983,0.00856045,0.00420989,-0.02869889,-0.03812405,-0.0001998,1.0,0.0,0.0,0.075664,133666.89,0.075279
2022-10-11,132532.05,0.02986983,-0.02869889,0.798698,0.585605,0.542099,0.02986983,0.00856045,0.00420989,-0.02869889,-0.03812405,-0.0001998,1.0,0.0,0.0,0.088362,131830.54,0.087983
2022-10-12,132486.65,0.02986983,-0.02869889,0.798698,0.585605,0.542099,0.02986983,0.00856045,0.00420989,-0.02869889,-0.03812405,-0.0001998,1.0,0.0,0.0,0.088675,131785.39,0.088296
2022-10-13,135593.78,0.02986983,-0.02869889,0.798698,0.585605,0.542099,0.02986983,0.00856045,0.00420989,-0.02869889,-0.03812405,-0.0001998,1.0,0.0,0.0,0.067302,134876.07,0.066914
2022-10-14,131518.19,0.02986983,-0.02869889,0.798698,0.585605,0.542099,0.02986983,0.00856045,0.00420989,-0.02869889,-0.03812405,-0.0001998,1.0,0.0,0.0,0.095336,130822.05,0.09496
2022-10-17,135861.11,0.02986983,-0.02869889,0.798698,0.585605,0.542099,0.02986983,0.00856045,0.00420989,-0.02869889,-0.03812405,-0.0001998,1.0,0.0,0.0,0.065463,135141.99,0.065074
2022-10-18,136935.5,0.02986983,-0.02869889,0.798698,0.585605,0.542099,0.02986983,0.00856045,0.00420989,-0.02869889,-0.03812405,-0.0001998,1.0,0.0,0.0,0.058073,136210.68,0.057681
2022-10-19,136436.13,0.02986983,-0.02869889,0.798698,0.585605,0.542099,0.02986983,0.00856045,0.00420989,-0.02869889,-0.03812405,-0.0001998,1.0,0.0,0.0,0.061508,135713.95,0.061117
2022-10-20,135740.05,0.02986983,-0.02869889,0.798698,0.585605,0.542099,0.02986983,0.00856045,0.00420989,-0.02869889,-0.03812405,-0.0001998,1.0,0.0,0.0,0.066296,135021.56,0.065907
2022-10-21,138922.85,0.02986983,-0.02869889,0.798698,0.585605,0.542099,0.02986983,0.00856045,0.00420989,-0.02869889,-0.03812405,-0.0001998,1.0,0.0,0.0,0.044403,138187.51,0.044005
2022-10-24,140451.19,0.02986983,-0.02869889,0.798698,0.585605,0.542099,0.02986983,0.00856045,0.00420989,-0.02869889,-0.03812405,-0.0001998,1.0,0.0,0.0,0.03389,139707.77,0.033488
2022-10-25,143356.54,0.02986983,-0.02869889,0.798698,0.585605,0.542099,0.02986983,0.00856045,0.00420989,-0.02869889,-0.03812405,-0.0001998,1.0,0.0,0.0,0.013905,142597.74,0.013495
2022-10-26,140188.89,0.02986983,-0.02869889,0.798698,0.585605,0.542099,0.02986983,0.00856045,0.00420989,-0.02869889,-0.03812405,-0.0001998,1.0,0.0,0.0,0.035694,139446.85,0.035293
2022-10-27,137636.61,0.02986983,-0.02869889,0.798698,0.585605,0.542099,0.02986983,0.00856045,0.00420989,-0.02869889,-0.03812405,-0.0001998,1.0,0.0,0.0,0.05325,136908.08,0.052856
2022-10-28,141848.38,0.02986983,-0.02869889,0.798698,0.585605,0.542099,0.02986983,0.00856045,0.00420989,-0.02869889,-0.03812405,-0.0001998,1.0,0.0,0.0,0.024279,141097.56,0.023873
2022-10-31,140198.99,0.02986983,-0.02869889,0.798698,0.585605,0.542099,0.02986983,0.00856045,0.00420989,-0.02869889,-0.03812405,-0.0001998,1.0,0.0,0.0,0.035625,139456.9,0.035223
2022-11-01,148766.47,0.01929676,0.06764573,0.692968,0.606958,0.5409,0.01929676,0.01069583,0.00408995,0.06764573,0.09370513,0.00049955,1.0,0.0,0.0,0.0,148031.96,0.0
2022-11-02,143667.17,0.01929676,0.06764573,0.692968,0.606958,0.5409,0.01929676,0.01069583,0.00408995,0.06764573,0.09370513,0.00049955,1.0,0.0,0.0,0.034277,142957.84,0.034277
2022-11-03,140860.67,0.01929676,0.06764573,0.692968,0.606958,0.5409,0.01929676,0.01069583,0.00408995,0.06764573,0.09370513,0.00049955,1.0,0.0,0.0,0.053142,140165.19,0.053142
2022-11-04,143126.42,0.01929676,0.06764573,0.692968,0.606958,0.5409,0.01929676,0.01069583,0.00408995,0.06764573,0.09370513,0.00049955,1.0,0.0,0.0,0.037912,142419.76,0.037912
2022-11-07,144700.01,0.01929676,0.06764573,0.692968,0.606958,0.5409,0.01929676,0.01069583,0.00408995,0.06764573,0.09370513,0.00049955,1.0,0.0,0.0,0.027335,143985.58,0.027335
2022-11-08,145754.49,0.01929676,0.06764573,0.692968,0.606958,0.5409,0.01929676,0.01069583,0.00408995,0.06764573,0.09370513,0.00049955,1.0,0.0,0.0,0.020246,145034.85,0.020246
2022-11-09,142391.01,0.01929676,0.06764573,0.692968,0.606958,0.5409,0.01929676,0.01069583,0.00408995,0.06764573,0.09370513,0.00049955,1.0,0.0,0.0,0.042855,141687.98,0.042855
2022-11-10,152897.83,0.01929676,0.06764573,0.692968,0.606958,0.5409,0.01929676,0.01069583,0.00408995,0.06764573,0.09370513,0.00049955,1.0,0.0,0.0,0.0,152142.92,0.0
2022-11-11,155715.14,0.01929676,0.06764573,0.692968,0.606958,0.5409,0.01929676,0.01069583,0.00408995,0.06764573,0.09370513,0.00049955,1.0,0.0,0.0,0.0,154946.33,0.0
2022-11-14,154352.45,0.01929676,0.06764573,0.692968,0.606958,0.5409,0.01929676,0.01069583,0.00408995,0.06764573,0.09370513,0.00049955,1.0,0.0,0.0,0.008751,153590.37,0.008751
2022-11-15,156488.43,0.01929676,0.06764573,0.692968,0.606958,0.5409,0.01929676,0.01069583,0.00408995,0.06764573,0.09370513,0.00049955,1.0,0.0,0.0,0.0,155715.8,0.0
2022-11-16,154352.45,0.01929676,0.06764573,0.692968,0.606958,0.5409,0.01929676,0.01069583,0.00408995,0.06764573,0.09370513,0.00049955,1.0,0.0,0.0,0.013649,153590.37,0.013649
2022-11-17,154011.78,0.01929676,0.06764573,0.692968,0.606958,0.5409,0.01929676,0.01069583,0.00408995,0.06764573,0.09370513,0.00049955,1.0,0.0,0.0,0.015826,153251.37,0.015826
2022-11-18,154017.19,0.01929676,0.06764573,0.692968,0.606958,0.5409,0.01929676,0.01069583,0.00408995,0.06764573,0.09370513,0.00049955,1.0,0.0,0.0,0.015792,153256.76,0.015792
2022-11-21,152432.79,0.01929676,0.06764573,0.692968,0.606958,0.5409,0.01929676,0.01069583,0.00408995,0.06764573,0.09370513,0.00049955,1.0,0.0,0.0,0.025917,151680.18,0.025917
2022-11-22,154628.24,0.01929676,0.06764573,0.692968,0.606958,0.5409,0.01929676,0.01069583,0.00408995,0.06764573,0.09370513,0.00049955,1.0,0.0,0.0,0.011887,153864.79,0.011887
2022-11-23,156180.2,0.01929676,0.06764573,0.692968,0.606958,0.5409,0.01929676,0.01069583,0.00408995,0.06764573,0.09370513,0.00049955,1.0,0.0,0.0,0.00197,155409.09,0.00197
2022-11-25,155152.77,0.01929676,0.06764573,0.692968,0.606958,0.5409,0.01929676,0.01069583,0.00408995,0.06764573,0.09370513,0.00049955,1.0,0.0,0.0,0.008535,154386.74,0.008535
2022-11-28,152876.19,0.01929676,0.06764573,0.692968,0.606958,0.5409,0.01929676,0.01069583,0.00408995,0.06764573,0.09370513,0.00049955,1.0,0.0,0.0,0.023083,152121.39,0.023083
2022-11-29,151718.99,0.01929676,0.06764573,0.692968,0.606958,0.5409,0.01929676,0.01069583,0.00408995,0.06764573,0.09370513,0.00049955,1.0,0.0,0.0,0.030478,150969.91,0.030478
2022-11-30,158635.21,0.01929676,0.06764573,0.692968,0.606958,0.5409,0.01929676,0.01069583,0.00408995,0.06764573,0.09370513,0.00049955,1.0,0.0,0.0,0.0,157851.97,0.0
2022-12-01,168829.89,0.02039391,-0.09955056,0.703939,0.538205,0.542099,0.02039391,0.00382051,0.00420987,-0.09955056,0.01918495,0.00029967,1.0,0.0,0.0,0.0,168045.69,0.0
2022-12-02,168157.36,0.02039391,-0.09955056,0.703939,0.538205,0.542099,0.02039391,0.00382051,0.00420987,-0.09955056,0.01918495,0.00029967,1.0,0.0,0.0,0.003983,167376.29,0.003983
2022-12-05,165335.12,0.02039391,-0.09955056,0.703939,0.538205,0.542099,0.02039391,0.00382051,0.00420987,-0.09955056,0.01918495,0.00029967,1.0,0.0,0.0,0.0207,164567.16,0.0207
2022-12-06,161909.3,0.02039391,-0.09955056,0.703939,0.538205,0.542099,0.02039391,0.00382051,0.00420987,-0.09955056,0.01918495,0.00029967,1.0,0.0,0.0,0.040991,161157.26,0.040991
2022-12-07,161248.29,0.02039391,-0.09955056,0.703939,0.538205,0.542099,0.02039391,0.00382051,0.00420987,-0.09955056,0.01918495,0.00029967,1.0,0.0,0.0,0.044907,160499.31,0.044907
2022-12-08,163156.62,0.02039391,-0.09955056,0.703939,0.538205,0.542099,0.02039391,0.00382051,0.00420987,-0.09955056,0.01918495,0.00029967,1.0,0.0,0.0,0.033603,162398.78,0.033603
2022-12-09,162116.24,0.02039391,-0.09955056,0.703939,0.538205,0.542099,0.02039391,0.00382051,0.00420987,-0.09955056,0.01918495,0.00029967,1.0,0.0,0.0,0.039766,161363.23,0.039766
2022-12-12,164151.02,0.02039391,-0.09955056,0.703939,0.538205,0.542099,0.02039391,0.00382051,0.00420987,-0.09955056,0.01918495,0.00029967,1.0,0.0,0.0,0.027714,163388.55,0.027714
2022-12-13,165915.65,0.02039391,-0.09955056,0.703939,0.538205,0.542099,0.02039391,0.00382051,0.00420987,-0.09955056,0.01918495,0.00029967,1.0,0.0,0.0,0.017261,165144.99,0.017261
2022-12-14,164685.59,0.02039391,-0.09955056,0.703939,0.538205,0.542099,0.02039391,0.00382051,0.00420987,-0.09955056,0.01918495,0.00029967,1.0,0.0,0.0,0.024547,163920.65,0.024547
2022-12-15,159156.03,0.02039391,-0.09955056,0.703939,0.538205,0.542099,0.02039391,0.00382051,0.00420987,-0.09955056,0.01918495,0.00029967,1.0,0.0,0.0,0.057299,158416.77,0.057299
2022-12-16,157638.55,0.02039391,-0.09955056,0.703939,0.538205,0.542099,0.02039391,0.00382051,0.00420987,-0.09955056,0.01918495,0.00029967,1.0,0.0,0.0,0.066288,156906.34,0.066288
2022-12-19,155051.96,0.02039391,-0.09955056,0.703939,0.538205,0.542099,0.02039391,0.00382051,0.00420987,-0.09955056,0.01918495,0.00029967,1.0,0.0,0.0,0.081608,154331.76,0.081608
2022-12-20,154931.26,0.02039391,-0.09955056,0.703939,0.538205,0.542099,0.02039391,0.00382051,0.00420987,-0.09955056,0.01918495,0.00029967,1.0,0.0,0.0,0.082323,154211.62,0.082323
2022-12-21,157178.72,0.02039391,-0.09955056,0.703939,0.538205,0.542099,0.02039391,0.00382051,0.00420987,-0.09955056,0.01918495,0.00029967,1.0,0.0,0.0,0.069011,156448.65,0.069011
2022-12-22,153333.32,0.02039391,-0.09955056,0.703939,0.538205,0.542099,0.02039391,0.00382051,0.00420987,-0.09955056,0.01918495,0.00029967,1.0,0.0,0.0,0.091788,152621.1,0.091788
2022-12-23,153678.18,0.02039391,-0.09955056,0.703939,0.538205,0.542099,0.02039391,0.00382051,0.00420987,-0.09955056,0.01918495,0.00029967,1.0,0.0,0.0,0.089745,152964.37,0.089745
2022-12-27,151505.44,0.02039391,-0.09955056,0.703939,0.538205,0.542099,0.02039391,0.00382051,0.00420987,-0.09955056,0.01918495,0.00029967,1.0,0.0,0.0,0.102615,150801.72,0.102615
2022-12-28,149505.15,0.02039391,-0.09955056,0.703939,0.538205,0.542099,0.02039391,0.00382051,0.00420987,-0.09955056,0.01918495,0.00029967,1.0,0.0,0.0,0.114463,148810.72,0.114463
2022-12-29,153149.38,0.02039391,-0.09955056,0.703939,0.538205,0.542099,0.02039391,0.00382051,0.00420987,-0.09955056,0.01918495,0.00029967,1.0,0.0,0.0,0.092878,152438.02,0.092878
2022-12-30,153057.41,0.02039391,-0.09955056,0.703939,0.538205,0.542099,0.02039391,0.00382051,0.00420987,-0.09955056,0.01918495,0.00029967,1.0,0.0,0.0,0.093422,152346.47,0.093422
2023-01-03,162022.78,0.02921272,0.1786146,0.792127,0.53024,0.541199,0.02921272,0.00302396,0.00411986,0.1786146,0.03998595,-0.00029958,1.0,0.0,0.0,0.040319,161316.65,0.040043
2023-01-04,162794.65,0.02921272,0.1786146,0.792127,0.53024,0.541199,0.02921272,0.00302396,0.00411986,0.1786146,0.03998595,-0.00029958,1.0,0.0,0.0,0.035747,162085.16,0.03547
2023-01-05,160246.2,0.02921272,0.1786146,0.792127,0.53024,0.541199,0.02921272,0.00302396,0.00411986,0.1786146,0.03998595,-0.00029958,1.0,0.0,0.0,0.050842,159547.81,0.050569
2023-01-06,164669.23,0.02921272,0.1786146,0.792127,0.53024,0.541199,0.02921272,0.00302396,0.00411986,0.1786146,0.03998595,-0.00029958,1.0,0.0,0.0,0.024644,163951.57,0.024363
2023-01-09,165735.18,0.02921272,0.1786146,0.792127,0.53024,0.541199,0.02921272,0.00302396,0.00411986,0.1786146,0.03998595,-0.00029958,1.0,0.0,0.0,0.01833,165012.88,0.018048
2023-01-10,167138.04,0.02921272,0.1786146,0.792127,0.53024,0.541199,0.02921272,0.00302396,0.00411986,0.1786146,0.03998595,-0.00029958,1.0,0.0,0.0,0.010021,166409.62,0.009736
2023-01-11,170029.56,0.02921272,0.1786146,0.792127,0.53024,0.541199,0.02921272,0.00302396,0.00411986,0.1786146,0.03998595,-0.00029958,1.0,0.0,0.0,0.0,169288.54,0.0
2023-01-12,170948.47,0.02921272,0.1786146,0.792127,0.53024,0.541199,0.02921272,0.00302396,0.00411986,0.1786146,0.03998595,-0.00029958,1.0,0.0,0.0,0.0,170203.45,0.0
2023-01-13,172124.69,0.02921272,0.1786146,0.792127,0.53024,0.541199,0.02921272,0.00302396,0.00411986,0.1786146,0.03998595,-0.00029958,1.0,0.0,0.0,0.0,171374.54,0.0
2023-01-17,172473.88,0.02921272,0.1786146,0.792127,0.53024,0.541199,0.02921272,0.00302396,0.00411986,0.1786146,0.03998595,-0.00029958,1.0,0.0,0.0,0.0,171722.21,0.0
2023-01-18,170231.73,0.02921272,0.1786146,0.792127,0.53024,0.541199,0.02921272,0.00302396,0.00411986,0.1786146,0.03998595,-0.00029958,1.0,0.0,0.0,0.013,169489.83,0.013
2023-01-19,168559.3,0.02921272,0.1786146,0.792127,0.53024,0.541199,0.02921272,0.00302396,0.00411986,0.1786146,0.03998595,-0.00029958,1.0,0.0,0.0,0.022697,167824.69,0.022697
2023-01-20,173172.24,0.02921272,0.1786146,0.792127,0.53024,0.541199,0.02921272,0.00302396,0.00411986,0.1786146,0.03998595,-0.00029958,1.0,0.0,0.0,0.0,172417.53,0.0
2023-01-23,177019.43,0.02921272,0.1786146,0.792127,0.53024,0.541199,0.02921272,0.00302396,0.00411986,0.1786146,0.03998595,-0.00029958,1.0,0.0,0.0,0.0,176247.94,0.0
2023-01-24,176657.99,0.02921272,0.1786146,0.792127,0.53024,0.541199,0.02921272,0.00302396,0.00411986,0.1786146,0.03998595,-0.00029958,1.0,0.0,0.0,0.002042,175888.08,0.002042
2023-01-25,176265.93,0.02921272,0.1786146,0.792127,0.53024,0.541199,0.02921272,0.00302396,0.00411986,0.1786146,0.03998595,-0.00029958,1.0,0.0,0.0,0.004257,175497.73,0.004257
2023-01-26,179702.66,0.02921272,0.1786146,0.792127,0.53024,0.541199,0.02921272,0.00302396,0.00411986,0.1786146,0.03998595,-0.00029958,1.0,0.0,0.0,0.0,178919.48,0.0
2023-01-27,181491.48,0.02921272,0.1786146,0.792127,0.53024,0.541199,0.02921272,0.00302396,0.00411986,0.1786146,0.03998595,-0.00029958,1.0,0.0,0.0,0.0,180700.51,0.0
2023-01-30,177821.94,0.02921272,0.1786146,0.792127,0.53024,0.541199,0.02921272,0.00302396,0.00411986,0.1786146,0.03998595,-0.00029958,1.0,0.0,0.0,0.020219,177046.96,0.020219
2023-01-31,180486.79,0.02921272,0.1786146,0.792127,0.53024,0.541199,0.02921272,0.00302396,0.00411986,0.1786146,0.03998595,-0.00029958,1.0,0.0,0.0,0.005536,179700.2,0.005536
2023-02-01,194346.24,0.01618003,-0.00412077,0.6618,0.383263,0.533121,0.01618003,-0.01167368,0.00331215,-0.00412077,-0.05053114,0.00139887,1.0,0.0,0.0,0.0,193542.82,0.0
2023-02-02,201321.31,0.01618003,-0.00412077,0.6618,0.383263,0.533121,0.01618003,-0.01167368,0.00331215,-0.00412077,-0.05053114,0.00139887,1.0,0.0,0.0,0.0,200489.06,0.0
2023-02-03,197743.35,0.01618003,-0.00412077,0.6618,0.383263,0.533121,0.01618003,-0.01167368,0.00331215,-0.00412077,-0.05053114,0.00139887,1.0,0.0,0.0,0.017772,196925.89,0.017772
2023-02-06,196070.62,0.01618003,-0.00412077,0.6618,0.383263,0.533121,0.01618003,-0.01167368,0.00331215,-0.00412077,-0.05053114,0.00139887,1.0,0.0,0.0,0.026081,195260.08,0.026081
2023-02-07,200132.96,0.01618003,-0.00412077,0.6618,0.383263,0.533121,0.01618003,-0.01167368,0.00331215,-0.00412077,-0.05053114,0.00139887,1.0,0.0,0.0,0.005903,199305.63,0.005903
2023-02-08,196574.38,0.01618003,-0.00412077,0.6618,0.383263,0.533121,0.01618003,-0.01167368,0.00331215,-0.00412077,-0.05053114,0.00139887,1.0,0.0,0.0,0.023579,195761.75,0.023579
2023-02-09,194837.07,0.01618003,-0.00412077,0.6618,0.383263,0.533121,0.01618003,-0.01167368,0.00331215,-0.00412077,-0.05053114,0.00139887,1.0,0.0,0.0,0.032208,194031.62,0.032208
2023-02-10,193558.32,0.01618003,-0.00412077,0.6618,0.383263,0.533121,0.01618003,-0.01167368,0.00331215,-0.00412077,-0.05053114,0.00139887,1.0,0.0,0.0,0.03856,192758.16,0.03856
2023-02-13,196658.34,0.01618003,-0.00412077,0.6618,0.383263,0.533121,0.01618003,-0.01167368,0.00331215,-0.00412077,-0.05053114,0.00139887,1.0,0.0,0.0,0.023162,195845.37,0.023162
2023-02-14,198111.48,0.01618003,-0.00412077,0.6618,0.383263,0.533121,0.01618003,-0.01167368,0.00331215,-0.00412077,-0.05053114,0.00139887,1.0,0.0,0.0,0.015944,197292.5,0.015944
2023-02-15,199629.21,0.01618003,-0.00412077,0.6618,0.383263,0.533121,0.01618003,-0.01167368,0.00331215,-0.00412077,-0.05053114,0.00139887,1.0,0.0,0.0,0.008405,198803.95,0.008405
2023-02-16,195883.32,0.01618003,-0.00412077,0.6618,0.383263,0.533121,0.01618003,-0.01167368,0.00331215,-0.00412077,-0.05053114,0.00139887,1.0,0.0,0.0,0.027011,195073.55,0.027011
2023-02-17,194501.24,0.01618003,-0.00412077,0.6618,0.383263,0.533121,0.01618003,-0.01167368,0.00331215,-0.00412077,-0.05053114,0.00139887,1.0,0.0,0.0,0.033877,193697.18,0.033877
2023-02-21,189896.39,0.01618003,-0.00412077,0.6618,0.383263,0.533121,0.01618003,-0.01167368,0.00331215,-0.00412077,-0.05053114,0.00139887,1.0,0.0,0.0,0.05675,189111.37,0.05675
2023-02-22,190038.48,0.01618003,-0.00412077,0.6618,0.383263,0.533121,0.01618003,-0.01167368,0.00331215,-0.00412077,-0.05053114,0.00139887,1.0,0.0,0.0,0.056044,189252.87,0.056044
2023-02-23,191698.29,0.01618003,-0.00412077,0.6618,0.383263,0.533121,0.01618003,-0.01167368,0.00331215,-0.00412077,-0.05053114,0.00139887,1.0,0.0,0.0,0.047799,190905.82,0.047799
2023-02-24,188488.47,0.01618003,-0.00412077,0.6618,0.383263,0.533121,0.01618003,-0.01167368,0.00331215,-0.00412077,-0.05053114,0.00139887,1.0,0.0,0.0,0.063743,187709.27,0.063743
2023-02-27,189838.27,0.01618003,-0.00412077,0.6618,0.383263,0.533121,0.01618003,-0.01167368,0.00331215,-0.00412077,-0.05053114,0.00139887,1.0,0.0,0.0,0.057038,189053.49,0.057038
2023-02-28,189592.85,0.01618003,-0.00412077,0.6618,0.383263,0.533121,0.01618003,-0.01167368,0.00331215,-0.00412077,-0.05053114,0.00139887,1.0,0.0,0.0,0.058257,188809.08,0.058257
2023-03-01,198068.67,0.02607357,0.10209471,0.760736,0.588666,0.534022,0.02607357,0.00886657,0.00340216,0.10209471,0.07296795,0.00419327,1.0,0.0,0.0,0.016156,197291.21,0.01595
2023-03-02,199707.89,0.02607357,0.10209471,0.760736,0.588666,0.534022,0.02607357,0.00886657,0.00340216,0.10209471,0.07296795,0.00419327,1.0,0.0,0.0,0.008014,198923.99,0.007806
2023-03-03,203836.59,0.02607357,0.10209471,0.760736,0.588666,0.534022,0.02607357,0.00886657,0.00340216,0.10209471,0.07296795,0.00419327,1.0,0.0,0.0,0.0,203036.49,0.0
2023-03-06,204067.85,0.02607357,0.10209471,0.760736,0.588666,0.534022,0.02607357,0.00886657,0.00340216,0.10209471,0.07296795,0.00419327,1.0,0.0,0.0,0.0,203266.84,0.0
2023-03-07,201564.79,0.02607357,0.10209471,0.760736,0.588666,0.534022,0.02607357,0.00886657,0.00340216,0.10209471,0.07296795,0.00419327,1.0,0.0,0.0,0.012266,200773.6,0.012266
2023-03-08,202571.47,0.02607357,0.10209471,0.760736,0.588666,0.534022,0.02607357,0.00886657,0.00340216,0.10209471,0.07296795,0.00419327,1.0,0.0,0.0,0.007333,201776.33,0.007333
2023-03-09,199061.73,0.02607357,0.10209471,0.760736,0.588666,0.534022,0.02607357,0.00886657,0.00340216,0.10209471,0.07296795,0.00419327,1.0,0.0,0.0,0.024532,198280.37,0.024532
2023-03-10,196266.18,0.02607357,0.10209471,0.760736,0.588666,0.534022,0.02607357,0.00886657,0.00340216,0.10209471,0.07296795,0.00419327,1.0,0.0,0.0,0.038231,195495.79,0.038231
2023-03-13,197721.77,0.02607357,0.10209471,0.760736,0.588666,0.534022,0.02607357,0.00886657,0.00340216,0.10209471,0.07296795,0.00419327,1.0,0.0,0.0,0.031098,196945.67,0.031098
2023-03-14,202265.38,0.02607357,0.10209471,0.760736,0.588666,0.534022,0.02607357,0.00886657,0.00340216,0.10209471,0.07296795,0.00419327,1.0,0.0,0.0,0.008833,201471.44,0.008833
2023-03-15,203326.46,0.02607357,0.10209471,0.760736,0.588666,0.534022,0.02607357,0.00886657,0.00340216,0.10209471,0.07296795,0.00419327,1.0,0.0,0.0,0.003633,202528.36,0.003633
2023-03-16,208686.29,0.02607357,0.10209471,0.760736,0.588666,0.534022,0.02607357,0.00886657,0.00340216,0.10209471,0.07296795,0.00419327,1.0,0.0,0.0,0.0,207867.15,0.0
2023-03-17,207700.02,0.02607357,0.10209471,0.760736,0.588666,0.534022,0.02607357,0.00886657,0.00340216,0.10209471,0.07296795,0.00419327,1.0,0.0,0.0,0.004726,206884.75,0.004726
2023-03-20,208114.94,0.02607357,0.10209471,0.760736,0.588666,0.534022,0.02607357,0.00886657,0.00340216,0.10209471,0.07296795,0.00419327,1.0,0.0,0.0,0.002738,207298.04,0.002738
2023-03-21,211087.32,0.02607357,0.10209471,0.760736,0.588666,0.534022,0.02607357,0.00886657,0.00340216,0.10209471,0.07296795,0.00419327,1.0,0.0,0.0,0.0,210258.76,0.0
2023-03-22,208216.96,0.02607357,0.10209471,0.760736,0.588666,0.534022,0.02607357,0.00886657,0.00340216,0.10209471,0.07296795,0.00419327,1.0,0.0,0.0,0.013598,207399.66,0.013598
2023-03-23,210686.02,0.02607357,0.10209471,0.760736,0.588666,0.534022,0.02607357,0.00886657,0.00340216,0.10209471,0.07296795,0.00419327,1.0,0.0,0.0,0.001901,209859.03,0.001901
2023-03-24,211461.44,0.02607357,0.10209471,0.760736,0.588666,0.534022,0.02607357,0.00886657,0.00340216,0.10209471,0.07296795,0.00419327,1.0,0.0,0.0,0.0,210631.4,0.0
2023-03-27,210012.65,0.02607357,0.10209471,0.760736,0.588666,0.534022,0.02607357,0.00886657,0.00340216,0.10209471,0.07296795,0.00419327,1.0,0.0,0.0,0.006851,209188.3,0.006851
2023-03-28,208897.14,0.02607357,0.10209471,0.760736,0.588666,0.534022,0.02607357,0.00886657,0.00340216,0.10209471,0.07296795,0.00419327,1.0,0.0,0.0,0.012127,208077.17,0.012127
2023-03-29,212706.16,0.02607357,0.10209471,0.760736,0.588666,0.534022,0.02607357,0.00886657,0.00340216,0.10209471,0.07296795,0.00419327,1.0,0.0,0.0,0.0,211871.24,0.0
2023-03-30,214719.49,0.02607357,0.10209471,0.760736,0.588666,0.534022,0.02607357,0.00886657,0.00340216,0.10209471,0.07296795,0.00419327,1.0,0.0,0.0,0.0,213876.66,0.0
2023-03-31,218290.44,0.02607357,0.10209471,0.760736,0.588666,0.534022,0.02607357,0.00886657,0.00340216,0.10209471,0.07296795,0.00419327,1.0,0.0,0.0,0.0,217433.6,0.0
2023-04-03,227759.9,0.00928854,-0.00893327,0.592885,0.373788,0.542696,0.00928854,-0.01262124,0.00426963,-0.00893327,0.02476432,-0.00029938,0.9,0.0,0.1,0.0,226905.14,0.0
2023-04-04,227072.95,0.00928854,-0.00893327,0.592885,0.373788,0.542696,0.00928854,-0.01262124,0.00426963,-0.00893327,0.02476432,-0.00029938,0.9,0.0,0.1,0.003016,226139.7,0.003373
2023-04-05,225065.18,0.00928854,-0.00893327,0.592885,0.373788,0.542696,0.00928854,-0.01262124,0.00426963,-0.00893327,0.02476432,-0.00029938,0.9,0.0,0.1,0.011831,223907.16,0.013212
2023-04-06,226435.77,0.00928854,-0.00893327,0.592885,0.373788,0.542696,0.00928854,-0.01262124,0.00426963,-0.00893327,0.02476432,-0.00029938,0.9,0.0,0.1,0.005814,225416.77,0.006559
2023-04-10,226322.8,0.00928854,-0.00893327,0.592885,0.373788,0.542696,0.00928854,-0.01262124,0.00426963,-0.00893327,0.02476432,-0.00029938,0.9,0.0,0.1,0.00631,225289.2,0.007122
2023-04-11,225016.63,0.00928854,-0.00893327,0.592885,0.373788,0.542696,0.00928854,-0.01262124,0.00426963,-0.00893327,0.02476432,-0.00029938,0.9,0.0,0.1,0.012045,223843.35,0.013494
2023-04-12,223234.82,0.00928854,-0.00893327,0.592885,0.373788,0.542696,0.00928854,-0.01262124,0.00426963,-0.00893327,0.02476432,-0.00029938,0.9,0.0,0.1,0.019868,221865.96,0.022208
2023-04-13,227173.34,0.00928854,-0.00893327,0.592885,0.373788,0.542696,0.00928854,-0.01262124,0.00426963,-0.00893327,0.02476432,-0.00029938,0.9,0.0,0.1,0.002575,226210.58,0.003061
2023-04-14,226791.45,0.00928854,-0.00893327,0.592885,0.373788,0.542696,0.00928854,-0.01262124,0.00426963,-0.00893327,0.02476432,-0.00029938,0.9,0.0,0.1,0.004252,225785.33,0.004935
2023-04-17,226964.31,0.00928854,-0.00893327,0.592885,0.373788,0.542696,0.00928854,-0.01262124,0.00426963,-0.00893327,0.02476432,-0.00029938,0.9,0.0,0.1,0.003493,225976.68,0.004092
2023-04-18,226981.66,0.00928854,-0.00893327,0.592885,0.373788,0.542696,0.00928854,-0.01262124,0.00426963,-0.00893327,0.02476432,-0.00029938,0.9,0.0,0.1,0.003417,225990.85,0.004029
2023-04-19,226892.44,0.00928854,-0.00893327,0.592885,0.373788,0.542696,0.00928854,-0.01262124,0.00426963,-0.00893327,0.02476432,-0.00029938,0.9,0.0,0.1,0.003809,225884.54,0.004498
2023-04-20,225345.66,0.00928854,-0.00893327,0.592885,0.373788,0.542696,0.00928854,-0.01262124,0.00426963,-0.00893327,0.02476432,-0.00029938,0.9,0.0,0.1,0.0106,224162.29,0.012088
2023-04-21,225559.22,0.00928854,-0.00893327,0.592885,0.373788,0.542696,0.00928854,-0.01262124,0.00426963,-0.00893327,0.02476432,-0.00029938,0.9,0.0,0.1,0.009662,224396.17,0.011057
2023-04-24,225138.93,0.00928854,-0.00893327,0.592885,0.373788,0.542696,0.00928854,-0.01262124,0.00426963,-0.00893327,0.02476432,-0.00029938,0.9,0.0,0.1,0.011508,223928.42,0.013119
2023-04-25,221322.87,0.00928854,-0.00893327,0.592885,0.373788,0.542696,0.00928854,-0.01262124,0.00426963,-0.00893327,0.02476432,-0.00029938,0.9,0.0,0.1,0.028262,219704.27,0.031735
2023-04-26,222526.59,0.00928854,-0.00893327,0.592885,0.373788,0.542696,0.00928854,-0.01262124,0.00426963,-0.00893327,0.02476432,-0.00029938,0.9,0.0,0.1,0.022977,221036.72,0.025863
2023-04-27,227962.95,0.00928854,-0.00893327,0.592885,0.373788,0.542696,0.00928854,-0.01262124,0.00426963,-0.00893327,0.02476432,-0.00029938,0.9,0.0,0.1,0.0,227046.9,0.0
2023-04-28,229377.95,0.00928854,-0.00893327,0.592885,0.373788,0.542696,0.00928854,-0.01262124,0.00426963,-0.00893327,0.02476432,-0.00029938,0.9,0.0,0.1,0.0,228613.22,0.0
2023-05-01,239054.7,0.01751165,0.08007693,0.675116,0.536838,0.531638,0.01751165,0.00368381,0.00316385,0.08007693,-0.00896882,0.00409259,1.0,0.0,0.0,0.0,238350.99,0.0
2023-05-02,236969.77,0.01751165,0.08007693,0.675116,0.536838,0.531638,0.01751165,0.00368381,0.00316385,0.08007693,-0.00896882,0.00409259,1.0,0.0,0.0,0.008722,236272.2,0.008722
2023-05-03,235419.06,0.01751165,0.08007693,0.675116,0.536838,0.531638,0.01751165,0.00368381,0.00316385,0.08007693,-0.00896882,0.00409259,1.0,0.0,0.0,0.015208,234726.05,0.015208
2023-05-04,234588.06,0.01751165,0.08007693,0.675116,0.536838,0.531638,0.01751165,0.00368381,0.00316385,0.08007693,-0.00896882,0.00409259,1.0,0.0,0.0,0.018685,233897.5,0.018685
2023-05-05,239574.09,0.01751165,0.08007693,0.675116,0.536838,0.531638,0.01751165,0.00368381,0.00316385,0.08007693,-0.00896882,0.00409259,1.0,0.0,0.0,0.0,238868.85,0.0
2023-05-08,240167.65,0.01751165,0.08007693,0.675116,0.536838,0.531638,0.01751165,0.00368381,0.00316385,0.08007693,-0.00896882,0.00409259,1.0,0.0,0.0,0.0,239460.66,0.0
2023-05-09,238646.63,0.01751165,0.08007693,0.675116,0.536838,0.531638,0.01751165,0.00368381,0.00316385,0.08007693,-0.00896882,0.00409259,1.0,0.0,0.0,0.006333,237944.12,0.006333
2023-05-10,241243.52,0.01751165,0.08007693,0.675116,0.536838,0.531638,0.01751165,0.00368381,0.00316385,0.08007693,-0.00896882,0.00409259,1.0,0.0,0.0,0.0,240533.36,0.0
2023-05-11,242030.0,0.01751165,0.08007693,0.675116,0.536838,0.531638,0.01751165,0.00368381,0.00316385,0.08007693,-0.00896882,0.00409259,1.0,0.0,0.0,0.0,241317.53,0.0
2023-05-12,241161.89,0.01751165,0.08007693,0.675116,0.536838,0.531638,0.01751165,0.00368381,0.00316385,0.08007693,-0.00896882,0.00409259,1.0,0.0,0.0,0.003587,240451.97,0.003587
2023-05-15,242467.76,0.01751165,0.08007693,0.675116,0.536838,0.531638,0.01751165,0.00368381,0.00316385,0.08007693,-0.00896882,0.00409259,1.0,0.0,0.0,0.0,241754.0,0.0
2023-05-16,242742.28,0.01751165,0.08007693,0.675116,0.536838,0.531638,0.01751165,0.00368381,0.00316385,0.08007693,-0.00896882,0.00409259,1.0,0.0,0.0,0.0,242027.71,0.0
2023-05-17,245680.47,0.01751165,0.08007693,0.675116,0.536838,0.531638,0.01751165,0.00368381,0.00316385,0.08007693,-0.00896882,0.00409259,1.0,0.0,0.0,0.0,244957.25,0.0
2023-05-18,250243.57,0.01751165,0.08007693,0.675116,0.536838,0.531638,0.01751165,0.00368381,0.00316385,0.08007693,-0.00896882,0.00409259,1.0,0.0,0.0,0.0,249506.92,0.0
2023-05-19,249679.69,0.01751165,0.08007693,0.675116,0.536838,0.531638,0.01751165,0.00368381,0.00316385,0.08007693,-0.00896882,0.00409259,1.0,0.0,0.0,0.002253,248944.7,0.002253
2023-05-22,250518.12,0.01751165,0.08007693,0.675116,0.536838,0.531638,0.01751165,0.00368381,0.00316385,0.08007693,-0.00896882,0.00409259,1.0,0.0,0.0,0.0,249780.66,0.0
2023-05-23,247342.47,0.01751165,0.08007693,0.675116,0.536838,0.531638,0.01751165,0.00368381,0.00316385,0.08007693,-0.00896882,0.00409259,1.0,0.0,0.0,0.012676,246614.36,0.012676
2023-05-24,246073.71,0.01751165,0.08007693,0.675116,0.536838,0.531638,0.01751165,0.00368381,0.00316385,0.08007693,-0.00896882,0.00409259,1.0,0.0,0.0,0.017741,245349.34,0.017741
2023-05-25,252061.4,0.01751165,0.08007693,0.675116,0.536838,0.531638,0.01751165,0.00368381,0.00316385,0.08007693,-0.00896882,0.00409259,1.0,0.0,0.0,0.0,251319.4,0.0
2023-05-26,258501.68,0.01751165,0.08007693,0.675116,0.536838,0.531638,0.01751165,0.00368381,0.00316385,0.08007693,-0.00896882,0.00409259,1.0,0.0,0.0,0.0,257740.72,0.0
2023-05-30,259674.0,0.01751165,0.08007693,0.675116,0.536838,0.531638,0.01751165,0.00368381,0.00316385,0.08007693,-0.00896882,0.00409259,1.0,0.0,0.0,0.0,258909.59,0.0
2023-05-31,258197.47,0.01751165,0.08007693,0.675116,0.536838,0.531638,0.01751165,0.00368381,0.00316385,0.08007693,-0.00896882,0.00409259,1.0,0.0,0.0,0.005686,257437.4,0.005686
2023-06-01,271180.19,0.00569065,0.05193034,0.556906,0.558278,0.540599,0.00569065,0.00582782,0.00405989,0.05193034,-0.02878751,0.0002993,0.9,0.1,0.0,0.0,270411.35,0.0
2023-06-02,272610.68,0.00569065,0.05193034,0.556906,0.558278,0.540599,0.00569065,0.00582782,0.00405989,0.05193034,-0.02878751,0.0002993,0.9,0.1,0.0,0.0,272439.37,0.0
2023-06-05,272944.86,0.00569065,0.05193034,0.556906,0.558278,0.540599,0.00569065,0.00582782,0.00405989,0.05193034,-0.02878751,0.0002993,0.9,0.1,0.0,0.0,272631.41,0.0
2023-06-06,272932.78,0.00569065,0.05193034,0.556906,0.558278,0.540599,0.00569065,0.00582782,0.00405989,0.05193034,-0.02878751,0.0002993,0.9,0.1,0.0,4.4e-05,272585.32,0.000169
2023-06-07,268435.7,0.00569065,0.05193034,0.556906,0.558278,0.540599,0.00569065,0.00582782,0.00405989,0.05193034,-0.02878751,0.0002993,0.9,0.1,0.0,0.01652,267960.82,0.017132
2023-06-08,271789.07,0.00569065,0.05193034,0.556906,0.558278,0.540599,0.00569065,0.00582782,0.00405989,0.05193034,-0.02878751,0.0002993,0.9,0.1,0.0,0.004235,271287.08,0.004931
2023-06-09,272652.77,0.00569065,0.05193034,0.556906,0.558278,0.540599,0.00569065,0.00582782,0.00405989,0.05193034,-0.02878751,0.0002993,0.9,0.1,0.0,0.00107,272324.14,0.001127
2023-06-12,276782.26,0.00569065,0.05193034,0.556906,0.558278,0.540599,0.00569065,0.00582782,0.00405989,0.05193034,-0.02878751,0.0002993,0.9,0.1,0.0,0.0,276925.61,0.0
2023-06-13,278505.07,0.00569065,0.05193034,0.556906,0.558278,0.540599,0.00569065,0.00582782,0.00405989,0.05193034,-0.02878751,0.0002993,0.9,0.1,0.0,0.0,279053.51,0.0
2023-06-14,280350.23,0.00569065,0.05193034,0.556906,0.558278,0.540599,0.00569065,0.00582782,0.00405989,0.05193034,-0.02878751,0.0002993,0.9,0.1,0.0,0.0,281081.53,0.0
2023-06-15,283560.62,0.00569065,0.05193034,0.556906,0.558278,0.540599,0.00569065,0.00582782,0.00405989,0.05193034,-0.02878751,0.0002993,0.9,0.1,0.0,0.0,284430.86,0.0
2023-06-16,281903.81,0.00569065,0.05193034,0.556906,0.558278,0.540599,0.00569065,0.00582782,0.00405989,0.05193034,-0.02878751,0.0002993,0.9,0.1,0.0,0.005843,282640.96,0.006293
2023-06-20,280912.23,0.00569065,0.05193034,0.556906,0.558278,0.540599,0.00569065,0.00582782,0.00405989,0.05193034,-0.02878751,0.0002993,0.9,0.1,0.0,0.00934,281849.72,0.009075
2023-06-21,277407.17,0.00569065,0.05193034,0.556906,0.558278,0.540599,0.00569065,0.00582782,0.00405989,0.05193034,-0.02878751,0.0002993,0.9,0.1,0.0,0.021701,278008.76,0.022579
2023-06-22,280105.06,0.00569065,0.05193034,0.556906,0.558278,0.540599,0.00569065,0.00582782,0.00405989,0.05193034,-0.02878751,0.0002993,0.9,0.1,0.0,0.012186,281288.95,0.011046
2023-06-23,277660.54,0.00569065,0.05193034,0.556906,0.558278,0.540599,0.00569065,0.00582782,0.00405989,0.05193034,-0.02878751,0.0002993,0.9,0.1,0.0,0.020807,278500.41,0.02085
2023-06-26,274336.65,0.00569065,0.05193034,0.556906,0.558278,0.540599,0.00569065,0.00582782,0.00405989,0.05193034,-0.02878751,0.0002993,0.9,0.1,0.0,0.032529,274766.99,0.033976
2023-06-27,278479.67,0.00569065,0.05193034,0.556906,0.558278,0.540599,0.00569065,0.00582782,0.00405989,0.05193034,-0.02878751,0.0002993,0.9,0.1,0.0,0.017918,279491.36,0.017366
2023-06-28,278911.45,0.00569065,0.05193034,0.556906,0.558278,0.540599,0.00569065,0.00582782,0.00405989,0.05193034,-0.02878751,0.0002993,0.9,0.1,0.0,0.016396,280036.8,0.015449
2023-06-29,278377.27,0.00569065,0.05193034,0.556906,0.558278,0.540599,0.00569065,0.00582782,0.00405989,0.05193034,-0.02878751,0.0002993,0.9,0.1,0.0,0.01828,279476.01,0.01742
2023-06-30,282441.05,0.00569065,0.05193034,0.556906,0.558278,0.540599,0.00569065,0.00582782,0.00405989,0.05193034,-0.02878751,0.0002993,0.9,0.1,0.0,0.003948,283785.58,0.002269
2023-07-03,293073.76,0.00623468,0.01107242,0.562347,0.572729,0.530455,0.00623468,0.00727286,0.00304554,0.01107242,0.00633162,-0.00029921,0.9,0.1,0.0,0.0,294453.9,0.0
2023-07-05,292963.18,0.00623468,0.01107242,0.562347,0.572729,0.530455,0.00623468,0.00727286,0.00304554,0.01107242,0.00633162,-0.00029921,0.9,0.1,0.0,0.000377,294445.94,2.7e-05
2023-07-06,290867.39,0.00623468,0.01107242,0.562347,0.572729,0.530455,0.00623468,0.00727286,0.00304554,0.01107242,0.00633162,-0.00029921,0.9,0.1,0.0,0.007528,292203.48,0.007643
2023-07-07,290216.76,0.00623468,0.01107242,0.562347,0.572729,0.530455,0.00623468,0.00727286,0.00304554,0.01107242,0.00633162,-0.00029921,0.9,0.1,0.0,0.009748,291233.34,0.010937
2023-07-10,290325.22,0.00623468,0.01107242,0.562347,0.572729,0.530455,0.00623468,0.00727286,0.00304554,0.01107242,0.00633162,-0.00029921,0.9,0.1,0.0,0.009378,291328.76,0.010613
2023-07-11,291724.57,0.00623468,0.01107242,0.562347,0.572729,0.530455,0.00623468,0.00727286,0.00304554,0.01107242,0.00633162,-0.00029921,0.9,0.1,0.0,0.004604,292768.09,0.005725
2023-07-12,295435.92,0.00623468,0.01107242,0.562347,0.572729,0.530455,0.00623468,0.00727286,0.00304554,0.01107242,0.00633162,-0.00029921,0.9,0.1,0.0,0.0,296465.75,0.0
2023-07-13,299966.26,0.00623468,0.01107242,0.562347,0.572729,0.530455,0.00623468,0.00727286,0.00304554,0.01107242,0.00633162,-0.00029921,0.9,0.1,0.0,0.0,301499.35,0.0
2023-07-14,299814.04,0.00623468,0.01107242,0.562347,0.572729,0.530455,0.00623468,0.00727286,0.00304554,0.01107242,0.00633162,-0.00029921,0.9,0.1,0.0,0.000507,301435.74,0.000211
2023-07-17,302357.0,0.00623468,0.01107242,0.562347,0.572729,0.530455,0.00623468,0.00727286,0.00304554,0.01107242,0.00633162,-0.00029921,0.9,0.1,0.0,0.0,304250.72,0.0
2023-07-18,304928.14,0.00623468,0.01107242,0.562347,0.572729,0.530455,0.00623468,0.00727286,0.00304554,0.01107242,0.00633162,-0.00029921,0.9,0.1,0.0,0.0,306739.7,0.0
2023-07-19,304868.96,0.00623468,0.01107242,0.562347,0.572729,0.530455,0.00623468,0.00727286,0.00304554,0.01107242,0.00633162,-0.00029921,0.9,0.1,0.0,0.000194,306668.13,0.000233
2023-07-20,298383.7,0.00623468,0.01107242,0.562347,0.572729,0.530455,0.00623468,0.00727286,0.00304554,0.01107242,0.00633162,-0.00029921,0.9,0.1,0.0,0.021462,299598.84,0.02328
2023-07-21,297486.81,0.00623468,0.01107242,0.562347,0.572729,0.530455,0.00623468,0.00727286,0.00304554,0.01107242,0.00633162,-0.00029921,0.9,0.1,0.0,0.024404,298700.26,0.026209
2023-07-24,297786.12,0.00623468,0.01107242,0.562347,0.572729,0.530455,0.00623468,0.00727286,0.00304554,0.01107242,0.00633162,-0.00029921,0.9,0.1,0.0,0.023422,299177.38,0.024654
2023-07-25,299768.39,0.00623468,0.01107242,0.562347,0.572729,0.530455,0.00623468,0.00727286,0.00304554,0.01107242,0.00633162,-0.00029921,0.9,0.1,0.0,0.016921,301205.13,0.018043
2023-07-26,299017.01,0.00623468,0.01107242,0.562347,0.572729,0.530455,0.00623468,0.00727286,0.00304554,0.01107242,0.00633162,-0.00029921,0.9,0.1,0.0,0.019385,300203.17,0.02131
2023-07-27,297902.98,0.00623468,0.01107242,0.562347,0.572729,0.530455,0.00623468,0.00727286,0.00304554,0.01107242,0.00633162,-0.00029921,0.9,0.1,0.0,0.023039,299487.5,0.023643
2023-07-28,303026.0,0.00623468,0.01107242,0.562347,0.572729,0.530455,0.00623468,0.00727286,0.00304554,0.01107242,0.00633162,-0.00029921,0.9,0.1,0.0,0.006238,304942.57,0.005859
2023-07-31,303248.92,0.00623468,0.01107242,0.562347,0.572729,0.530455,0.00623468,0.00727286,0.00304554,0.01107242,0.00633162,-0.00029921,0.9,0.1,0.0,0.005507,305101.59,0.00534
2023-08-01,312304.6,0.00684676,-0.01253956,0.568468,0.553218,0.540599,0.00684676,0.00532179,0.00405988,-0.01253956,-0.00243823,0.00469063,0.9,0.1,0.0,0.0,314393.88,0.0
2023-08-02,305987.84,0.00684676,-0.01253956,0.568468,0.553218,0.540599,0.00684676,0.00532179,0.00405988,-0.01253956,-0.00243823,0.00469063,0.9,0.1,0.0,0.020226,307494.78,0.021944
2023-08-03,305536.88,0.00684676,-0.01253956,0.568468,0.553218,0.540599,0.00684676,0.00532179,0.00405988,-0.01253956,-0.00243823,0.00469063,0.9,0.1,0.0,0.02167,307001.98,0.023512
2023-08-04,304364.39,0.00684676,-0.01253956,0.568468,0.553218,0.540599,0.00684676,0.00532179,0.00405988,-0.01253956,-0.00243823,0.00469063,0.9,0.1,0.0,0.025425,305564.67,0.028083
2023-08-07,306606.4,0.00684676,-0.01253956,0.568468,0.553218,0.540599,0.00684676,0.00532179,0.00405988,-0.01253956,-0.00243823,0.00469063,0.9,0.1,0.0,0.018246,308151.83,0.019854
2023-08-08,304066.77,0.00684676,-0.01253956,0.568468,0.553218,0.540599,0.00684676,0.00532179,0.00405988,-0.01253956,-0.00243823,0.00469063,0.9,0.1,0.0,0.026378,305531.81,0.028188
2023-08-09,300916.47,0.00684676,-0.01253956,0.568468,0.553218,0.540599,0.00684676,0.00532179,0.00405988,-0.01253956,-0.00243823,0.00469063,0.9,0.1,0.0,0.036465,302172.6,0.038873
2023-08-10,301382.9,0.00684676,-0.01253956,0.568468,0.553218,0.540599,0.00684676,0.00532179,0.00405988,-0.01253956,-0.00243823,0.00469063,0.9,0.1,0.0,0.034971,302731.1,0.037096
2023-08-11,299657.34,0.00684676,-0.01253956,0.568468,0.553218,0.540599,0.00684676,0.00532179,0.00405988,-0.01253956,-0.00243823,0.00469063,0.9,0.1,0.0,0.040497,300800.98,0.043235
2023-08-14,302581.78,0.00684676,-0.01253956,0.568468,0.553218,0.540599,0.00684676,0.00532179,0.00405988,-0.01253956,-0.00243823,0.00469063,0.9,0.1,0.0,0.031132,304176.63,0.032498
2023-08-15,299614.73,0.00684676,-0.01253956,0.568468,0.553218,0.540599,0.00684676,0.00532179,0.00405988,-0.01253956,-0.00243823,0.00469063,0.9,0.1,0.0,0.040633,300948.84,0.042765
2023-08-16,296589.21,0.00684676,-0.01253956,0.568468,0.553218,0.540599,0.00684676,0.00532179,0.00405988,-0.01253956,-0.00243823,0.00469063,0.9,0.1,0.0,0.050321,297762.11,0.052901
2023-08-17,293634.73,0.00684676,-0.01253956,0.568468,0.553218,0.540599,0.00684676,0.00532179,0.00405988,-0.01253956,-0.00243823,0.00469063,0.9,0.1,0.0,0.059781,294509.65,0.063246
2023-08-18,293309.51,0.00684676,-0.01253956,0.568468,0.553218,0.540599,0.00684676,0.00532179,0.00405988,-0.01253956,-0.00243823,0.00469063,0.9,0.1,0.0,0.060822,294140.07,0.064422
2023-08-21,297629.35,0.00684676,-0.01253956,0.568468,0.553218,0.540599,0.00684676,0.00532179,0.00405988,-0.01253956,-0.00243823,0.00469063,0.9,0.1,0.0,0.04699,298879.09,0.049348
2023-08-22,297297.73,0.00684676,-0.01253956,0.568468,0.553218,0.540599,0.00684676,0.00532179,0.00405988,-0.01253956,-0.00243823,0.00469063,0.9,0.1,0.0,0.048052,298452.01,0.050707
2023-08-23,301814.9,0.00684676,-0.01253956,0.568468,0.553218,0.540599,0.00684676,0.00532179,0.00405988,-0.01253956,-0.00243823,0.00469063,0.9,0.1,0.0,0.033588,303158.17,0.035738
2023-08-24,296014.54,0.00684676,-0.01253956,0.568468,0.553218,0.540599,0.00684676,0.00532179,0.00405988,-0.01253956,-0.00243823,0.00469063,0.9,0.1,0.0,0.052161,296677.96,0.056349
2023-08-25,298030.7,0.00684676,-0.01253956,0.568468,0.553218,0.540599,0.00684676,0.00532179,0.00405988,-0.01253956,-0.00243823,0.00469063,0.9,0.1,0.0,0.045705,298977.65,0.049035
2023-08-28,300130.9,0.00684676,-0.01253956,0.568468,0.553218,0.540599,0.00684676,0.00532179,0.00405988,-0.01253956,-0.00243823,0.00469063,0.9,0.1,0.0,0.03898,301228.09,0.041877
2023-08-29,306313.57,0.00684676,-0.01253956,0.568468,0.553218,0.540599,0.00684676,0.00532179,0.00405988,-0.01253956,-0.00243823,0.00469063,0.9,0.1,0.0,0.019183,307806.86,0.020951
2023-08-30,307926.09,0.00684676,-0.01253956,0.568468,0.553218,0.540599,0.00684676,0.00532179,0.00405988,-0.01253956,-0.00243823,0.00469063,0.9,0.1,0.0,0.01402,309523.42,0.015492
2023-08-31,308703.91,0.00684676,-0.01253956,0.568468,0.553218,0.540599,0.00684676,0.00532179,0.00405988,-0.01253956,-0.00243823,0.00469063,0.9,0.1,0.0,0.011529,310451.52,0.01254
2023-09-01,318425.78,0.01382568,-0.04324793,0.638257,0.513132,0.541197,0.01382568,0.00131325,0.0041197,-0.04324793,-0.05807566,0.0,1.0,0.0,0.0,0.0,320122.99,0.0
2023-09-05,318830.57,0.01382568,-0.04324793,0.638257,0.513132,0.541197,0.01382568,0.00131325,0.0041197,-0.04324793,-0.05807566,0.0,1.0,0.0,0.0,0.0,320529.95,0.0
2023-09-06,316022.33,0.01382568,-0.04324793,0.638257,0.513132,0.541197,0.01382568,0.00131325,0.0041197,-0.04324793,-0.05807566,0.0,1.0,0.0,0.0,0.008808,317706.74,0.008808
2023-09-07,313762.27,0.01382568,-0.04324793,0.638257,0.513132,0.541197,0.01382568,0.00131325,0.0041197,-0.04324793,-0.05807566,0.0,1.0,0.0,0.0,0.015897,315434.63,0.015897
2023-09-08,314200.78,0.01382568,-0.04324793,0.638257,0.513132,0.541197,0.01382568,0.00131325,0.0041197,-0.04324793,-0.05807566,0.0,1.0,0.0,0.0,0.014521,315875.48,0.014521
2023-09-11,317902.93,0.01382568,-0.04324793,0.638257,0.513132,0.541197,0.01382568,0.00131325,0.0041197,-0.04324793,-0.05807566,0.0,1.0,0.0,0.0,0.00291,319597.36,0.00291
2023-09-12,314377.89,0.01382568,-0.04324793,0.638257,0.513132,0.541197,0.01382568,0.00131325,0.0041197,-0.04324793,-0.05807566,0.0,1.0,0.0,0.0,0.013966,316053.54,0.013966
2023-09-13,315575.38,0.01382568,-0.04324793,0.638257,0.513132,0.541197,0.01382568,0.00131325,0.0041197,-0.04324793,-0.05807566,0.0,1.0,0.0,0.0,0.01021,317257.41,0.01021
2023-09-14,318155.91,0.01382568,-0.04324793,0.638257,0.513132,0.541197,0.01382568,0.00131325,0.0041197,-0.04324793,-0.05807566,0.0,1.0,0.0,0.0,0.002116,319851.69,0.002116
2023-09-15,312708.13,0.01382568,-0.04324793,0.638257,0.513132,0.541197,0.01382568,0.00131325,0.0041197,-0.04324793,-0.05807566,0.0,1.0,0.0,0.0,0.019203,314374.87,0.019203
2023-09-18,312581.64,0.01382568,-0.04324793,0.638257,0.513132,0.541197,0.01382568,0.00131325,0.0041197,-0.04324793,-0.05807566,0.0,1.0,0.0,0.0,0.0196,314247.71,0.0196
2023-09-19,311915.41,0.01382568,-0.04324793,0.638257,0.513132,0.541197,0.01382568,0.00131325,0.0041197,-0.04324793,-0.05807566,0.0,1.0,0.0,0.0,0.021689,313577.93,0.021689
2023-09-20,307420.58,0.01382568,-0.04324793,0.638257,0.513132,0.541197,0.01382568,0.00131325,0.0041197,-0.04324793,-0.05807566,0.0,1.0,0.0,0.0,0.035787,309059.14,0.035787
2023-09-21,301787.24,0.01382568,-0.04324793,0.638257,0.513132,0.541197,0.01382568,0.00131325,0.0041197,-0.04324793,-0.05807566,0.0,1.0,0.0,0.0,0.053456,303395.78,0.053456
2023-09-22,301829.42,0.01382568,-0.04324793,0.638257,0.513132,0.541197,0.01382568,0.00131325,0.0041197,-0.04324793,-0.05807566,0.0,1.0,0.0,0.0,0.053323,303438.18,0.053323
2023-09-25,303263.04,0.01382568,-0.04324793,0.638257,0.513132,0.541197,0.01382568,0.00131325,0.0041197,-0.04324793,-0.05807566,0.0,1.0,0.0,0.0,0.048827,304879.44,0.048827
2023-09-26,298709.16,0.01382568,-0.04324793,0.638257,0.513132,0.541197,0.01382568,0.00131325,0.0041197,-0.04324793,-0.05807566,0.0,1.0,0.0,0.0,0.06311,300301.29,0.06311
2023-09-27,299409.12,0.01382568,-0.04324793,0.638257,0.513132,0.541197,0.01382568,0.00131325,0.0041197,-0.04324793,-0.05807566,0.0,1.0,0.0,0.0,0.060915,301004.98,0.060915
2023-09-28,301913.76,0.01382568,-0.04324793,0.638257,0.513132,0.541197,0.01382568,0.00131325,0.0041197,-0.04324793,-0.05807566,0.0,1.0,0.0,0.0,0.053059,303522.97,0.053059
2023-09-29,302133.0,0.01382568,-0.04324793,0.638257,0.513132,0.541197,0.01382568,0.00131325,0.0041197,-0.04324793,-0.05807566,0.0,1.0,0.0,0.0,0.052371,303743.38,0.052371
2023-10-02,314654.52,0.01793345,-0.01190284,0.679335,0.632055,0.540299,0.01793345,0.01320553,0.00402991,-0.01190284,0.08169762,0.0001995,1.0,0.0,0.0,0.013098,316278.34,0.013264
2023-10-03,309132.43,0.01793345,-0.01190284,0.679335,0.632055,0.540299,0.01793345,0.01320553,0.00402991,-0.01190284,0.08169762,0.0001995,1.0,0.0,0.0,0.030418,310727.75,0.030581
2023-10-04,313339.31,0.01793345,-0.01190284,0.679335,0.632055,0.540299,0.01793345,0.01320553,0.00402991,-0.01190284,0.08169762,0.0001995,1.0,0.0,0.0,0.017223,314956.34,0.017389
2023-10-05,312416.06,0.01793345,-0.01190284,0.679335,0.632055,0.540299,0.01793345,0.01320553,0.00402991,-0.01190284,0.08169762,0.0001995,1.0,0.0,0.0,0.020119,314028.33,0.020284
2023-10-06,317650.73,0.01793345,-0.01190284,0.679335,0.632055,0.540299,0.01793345,0.01320553,0.00402991,-0.01190284,0.08169762,0.0001995,1.0,0.0,0.0,0.003701,319290.01,0.003868
2023-10-09,319270.77,0.01793345,-0.01190284,0.679335,0.632055,0.540299,0.01793345,0.01320553,0.00402991,-0.01190284,0.08169762,0.0001995,1.0,0.0,0.0,0.0,320918.41,0.0
2023-10-10,321038.88,0.01793345,-0.01190284,0.679335,0.632055,0.540299,0.01793345,0.01320553,0.00402991,-0.01190284,0.08169762,0.0001995,1.0,0.0,0.0,0.0,322695.64,0.0
2023-10-11,323329.59,0.01793345,-0.01190284,0.679335,0.632055,0.540299,0.01793345,0.01320553,0.00402991,-0.01190284,0.08169762,0.0001995,1.0,0.0,0.0,0.0,324998.18,0.0
2023-10-12,322206.0,0.01793345,-0.01190284,0.679335,0.632055,0.540299,0.01793345,0.01320553,0.00402991,-0.01190284,0.08169762,0.0001995,1.0,0.0,0.0,0.003475,323868.79,0.003475
2023-10-13,318155.9,0.01793345,-0.01190284,0.679335,0.632055,0.540299,0.01793345,0.01320553,0.00402991,-0.01190284,0.08169762,0.0001995,1.0,0.0,0.0,0.016001,319797.78,0.016001
2023-10-16,321753.1,0.01793345,-0.01190284,0.679335,0.632055,0.540299,0.01793345,0.01320553,0.00402991,-0.01190284,0.08169762,0.0001995,1.0,0.0,0.0,0.004876,323413.55,0.004876
2023-10-17,320699.2,0.01793345,-0.01190284,0.679335,0.632055,0.540299,0.01793345,0.01320553,0.00402991,-0.01190284,0.08169762,0.0001995,1.0,0.0,0.0,0.008135,322354.22,0.008135
2023-10-18,316492.3,0.01793345,-0.01190284,0.679335,0.632055,0.540299,0.01793345,0.01320553,0.00402991,-0.01190284,0.08169762,0.0001995,1.0,0.0,0.0,0.021147,318125.6,0.021147
2023-10-19,313530.93,0.01793345,-0.01190284,0.679335,0.632055,0.540299,0.01793345,0.01320553,0.00402991,-0.01190284,0.08169762,0.0001995,1.0,0.0,0.0,0.030305,315148.95,0.030305
2023-10-20,308853.71,0.01793345,-0.01190284,0.679335,0.632055,0.540299,0.01793345,0.01320553,0.00402991,-0.01190284,0.08169762,0.0001995,1.0,0.0,0.0,0.044771,310447.59,0.044771
2023-10-23,309785.68,0.01793345,-0.01190284,0.679335,0.632055,0.540299,0.01793345,0.01320553,0.00402991,-0.01190284,0.08169762,0.0001995,1.0,0.0,0.0,0.041889,311384.37,0.041889
2023-10-24,312799.3,0.01793345,-0.01190284,0.679335,0.632055,0.540299,0.01793345,0.01320553,0.00402991,-0.01190284,0.08169762,0.0001995,1.0,0.0,0.0,0.032568,314413.55,0.032568
2023-10-25,305143.28,0.01793345,-0.01190284,0.679335,0.632055,0.540299,0.01793345,0.01320553,0.00402991,-0.01190284,0.08169762,0.0001995,1.0,0.0,0.0,0.056247,306718.01,0.056247
2023-10-26,299325.06,0.01793345,-0.01190284,0.679335,0.632055,0.540299,0.01793345,0.01320553,0.00402991,-0.01190284,0.08169762,0.0001995,1.0,0.0,0.0,0.074242,300869.77,0.074242
2023-10-27,300762.19,0.01793345,-0.01190284,0.679335,0.632055,0.540299,0.01793345,0.01320553,0.00402991,-0.01190284,0.08169762,0.0001995,1.0,0.0,0.0,0.069797,302314.31,0.069797
2023-10-30,304150.36,0.01793345,-0.01190284,0.679335,0.632055,0.540299,0.01793345,0.01320553,0.00402991,-0.01190284,0.08169762,0.0001995,1.0,0.0,0.0,0.059318,305719.97,0.059318
2023-10-31,305604.9,0.01793345,-0.01190284,0.679335,0.632055,0.540299,0.01793345,0.01320553,0.00402991,-0.01190284,0.08169762,0.0001995,1.0,0.0,0.0,0.054819,307182.02,0.054819
2023-11-01,320909.24,0.02099718,0.09239134,0.709972,0.378211,0.540898,0.02099718,-0.01217889,0.00408976,0.09239134,0.046319,0.00029912,1.0,0.0,0.0,0.007486,322513.73,0.007645
2023-11-02,326734.81,0.02099718,0.09239134,0.709972,0.378211,0.540898,0.02099718,-0.01217889,0.00408976,0.09239134,0.046319,0.00029912,1.0,0.0,0.0,0.0,328368.42,0.0
2023-11-03,330573.55,0.02099718,0.09239134,0.709972,0.378211,0.540898,0.02099718,-0.01217889,0.00408976,0.09239134,0.046319,0.00029912,1.0,0.0,0.0,0.0,332226.36,0.0
2023-11-06,331922.06,0.02099718,0.09239134,0.709972,0.378211,0.540898,0.02099718,-0.01217889,0.00408976,0.09239134,0.046319,0.00029912,1.0,0.0,0.0,0.0,333581.62,0.0
2023-11-07,335059.61,0.02099718,0.09239134,0.709972,0.378211,0.540898,0.02099718,-0.01217889,0.00408976,0.09239134,0.046319,0.00029912,1.0,0.0,0.0,0.0,336734.85,0.0
2023-11-08,335275.37,0.02099718,0.09239134,0.709972,0.378211,0.540898,0.02099718,-0.01217889,0.00408976,0.09239134,0.046319,0.00029912,1.0,0.0,0.0,0.0,336951.68,0.0
2023-11-09,332695.22,0.02099718,0.09239134,0.709972,0.378211,0.540898,0.02099718,-0.01217889,0.00408976,0.09239134,0.046319,0.00029912,1.0,0.0,0.0,0.007696,334358.64,0.007696
2023-11-10,340174.96,0.02099718,0.09239134,0.709972,0.378211,0.540898,0.02099718,-0.01217889,0.00408976,0.09239134,0.046319,0.00029912,1.0,0.0,0.0,0.0,341875.78,0.0
2023-11-13,339114.11,0.02099718,0.09239134,0.709972,0.378211,0.540898,0.02099718,-0.01217889,0.00408976,0.09239134,0.046319,0.00029912,1.0,0.0,0.0,0.003119,340809.62,0.003119
2023-11-14,346414.04,0.02099718,0.09239134,0.709972,0.378211,0.540898,0.02099718,-0.01217889,0.00408976,0.09239134,0.046319,0.00029912,1.0,0.0,0.0,0.0,348146.05,0.0
2023-11-15,346674.76,0.02099718,0.09239134,0.709972,0.378211,0.540898,0.02099718,-0.01217889,0.00408976,0.09239134,0.046319,0.00029912,1.0,0.0,0.0,0.0,348408.07,0.0
2023-11-16,346971.45,0.02099718,0.09239134,0.709972,0.378211,0.540898,0.02099718,-0.01217889,0.00408976,0.09239134,0.046319,0.00029912,1.0,0.0,0.0,0.0,348706.24,0.0
2023-11-17,347052.35,0.02099718,0.09239134,0.709972,0.378211,0.540898,0.02099718,-0.01217889,0.00408976,0.09239134,0.046319,0.00029912,1.0,0.0,0.0,0.0,348787.55,0.0
2023-11-20,351277.67,0.02099718,0.09239134,0.709972,0.378211,0.540898,0.02099718,-0.01217889,0.00408976,0.09239134,0.046319,0.00029912,1.0,0.0,0.0,0.0,353033.99,0.0
2023-11-21,349236.93,0.02099718,0.09239134,0.709972,0.378211,0.540898,0.02099718,-0.01217889,0.00408976,0.09239134,0.046319,0.00029912,1.0,0.0,0.0,0.005809,350983.05,0.005809
2023-11-22,350666.35,0.02099718,0.09239134,0.709972,0.378211,0.540898,0.02099718,-0.01217889,0.00408976,0.09239134,0.046319,0.00029912,1.0,0.0,0.0,0.00174,352419.62,0.00174
2023-11-24,350171.91,0.02099718,0.09239134,0.709972,0.378211,0.540898,0.02099718,-0.01217889,0.00408976,0.09239134,0.046319,0.00029912,1.0,0.0,0.0,0.003148,351922.7,0.003148
2023-11-27,349866.25,0.02099718,0.09239134,0.709972,0.378211,0.540898,0.02099718,-0.01217889,0.00408976,0.09239134,0.046319,0.00029912,1.0,0.0,0.0,0.004018,351615.52,0.004018
2023-11-28,350783.22,0.02099718,0.09239134,0.709972,0.378211,0.540898,0.02099718,-0.01217889,0.00408976,0.09239134,0.046319,0.00029912,1.0,0.0,0.0,0.001408,352537.08,0.001408
2023-11-29,350441.6,0.02099718,0.09239134,0.709972,0.378211,0.540898,0.02099718,-0.01217889,0.00408976,0.09239134,0.046319,0.00029912,1.0,0.0,0.0,0.00238,352193.74,0.00238
2023-11-30,349560.56,0.02099718,0.09239134,0.709972,0.378211,0.540898,0.02099718,-0.01217889,0.00408976,0.09239134,0.046319,0.00029912,1.0,0.0,0.0,0.004888,351308.3,0.004888
2023-12-01,360558.47,0.00304002,0.03244087,0.5304,0.348495,0.541496,0.00304002,-0.0151505,0.00414961,0.03244087,-0.00671837,-0.00029903,0.9,0.0,0.1,0.0,362311.2,0.0
2023-12-04,357549.56,0.00304002,0.03244087,0.5304,0.348495,0.541496,0.00304002,-0.0151505,0.00414961,0.03244087,-0.00671837,-0.00029903,0.9,0.0,0.1,0.008345,358947.7,0.009283
2023-12-05,358363.97,0.00304002,0.03244087,0.5304,0.348495,0.541496,0.00304002,-0.0151505,0.00414961,0.03244087,-0.00671837,-0.00029903,0.9,0.0,0.1,0.006086,359848.97,0.006796
2023-12-06,356499.85,0.00304002,0.03244087,0.5304,0.348495,0.541496,0.00304002,-0.0151505,0.00414961,0.03244087,-0.00671837,-0.00029903,0.9,0.0,0.1,0.011256,357767.66,0.01254
2023-12-07,360994.99,0.00304002,0.03244087,0.5304,0.348495,0.541496,0.00304002,-0.0151505,0.00414961,0.03244087,-0.00671837,-0.00029903,0.9,0.0,0.1,0.0,362766.47,0.0
2023-12-08,362446.6,0.00304002,0.03244087,0.5304,0.348495,0.541496,0.00304002,-0.0151505,0.00414961,0.03244087,-0.00671837,-0.00029903,0.9,0.0,0.1,0.0,364383.21,0.0
2023-12-11,365241.59,0.00304002,0.03244087,0.5304,0.348495,0.541496,0.00304002,-0.0151505,0.00414961,0.03244087,-0.00671837,-0.00029903,0.9,0.0,0.1,0.0,367495.82,0.0
2023-12-12,367866.6,0.00304002,0.03244087,0.5304,0.348495,0.541496,0.00304002,-0.0151505,0.00414961,0.03244087,-0.00671837,-0.00029903,0.9,0.0,0.1,0.0,370422.66,0.0
2023-12-13,372089.35,0.00304002,0.03244087,0.5304,0.348495,0.541496,0.00304002,-0.0151505,0.00414961,0.03244087,-0.00671837,-0.00029903,0.9,0.0,0.1,0.0,375133.41,0.0
2023-12-14,371654.35,0.00304002,0.03244087,0.5304,0.348495,0.541496,0.00304002,-0.0151505,0.00414961,0.03244087,-0.00671837,-0.00029903,0.9,0.0,0.1,0.001169,374808.23,0.000867
2023-12-15,373280.68,0.00304002,0.03244087,0.5304,0.348495,0.541496,0.00304002,-0.0151505,0.00414961,0.03244087,-0.00671837,-0.00029903,0.9,0.0,0.1,0.0,376620.05,0.0
2023-12-18,374732.28,0.00304002,0.03244087,0.5304,0.348495,0.541496,0.00304002,-0.0151505,0.00414961,0.03244087,-0.00671837,-0.00029903,0.9,0.0,0.1,0.0,378236.75,0.0
2023-12-19,376474.02,0.00304002,0.03244087,0.5304,0.348495,0.541496,0.00304002,-0.0151505,0.00414961,0.03244087,-0.00671837,-0.00029903,0.9,0.0,0.1,0.0,380169.39,0.0
2023-12-20,371417.91,0.00304002,0.03244087,0.5304,0.348495,0.541496,0.00304002,-0.0151505,0.00414961,0.03244087,-0.00671837,-0.00029903,0.9,0.0,0.1,0.01343,374520.17,0.01486
2023-12-21,375342.43,0.00304002,0.03244087,0.5304,0.348495,0.541496,0.00304002,-0.0151505,0.00414961,0.03244087,-0.00671837,-0.00029903,0.9,0.0,0.1,0.003006,378877.86,0.003397
2023-12-22,375853.67,0.00304002,0.03244087,0.5304,0.348495,0.541496,0.00304002,-0.0151505,0.00414961,0.03244087,-0.00671837,-0.00029903,0.9,0.0,0.1,0.001648,379444.66,0.001906
2023-12-26,377937.73,0.00304002,0.03244087,0.5304,0.348495,0.541496,0.00304002,-0.0151505,0.00414961,0.03244087,-0.00671837,-0.00029903,0.9,0.0,0.1,0.0,381767.52,0.0
2023-12-27,378457.27,0.00304002,0.03244087,0.5304,0.348495,0.541496,0.00304002,-0.0151505,0.00414961,0.03244087,-0.00671837,-0.00029903,0.9,0.0,0.1,0.0,382343.59,0.0
2023-12-28,378312.39,0.00304002,0.03244087,0.5304,0.348495,0.541496,0.00304002,-0.0151505,0.00414961,0.03244087,-0.00671837,-0.00029903,0.9,0.0,0.1,0.000383,382157.75,0.000486
2023-12-29,376834.69,0.00304002,0.03244087,0.5304,0.348495,0.541496,0.00304002,-0.0151505,0.00414961,0.03244087,-0.00671837,-0.00029903,0.9,0.0,0.1,0.004287,380503.87,0.004812
2024-01-02,381074.84,0.01697253,0.04791477,0.669725,0.394218,0.540599,0.01697253,-0.01057818,0.00405985,0.04791477,-0.00162541,0.00019939,1.0,0.0,0.0,0.0,384064.89,0.0
2024-01-03,377042.49,0.01697253,0.04791477,0.669725,0.394218,0.540599,0.01697253,-0.01057818,0.00405985,0.04791477,-0.00162541,0.00019939,1.0,0.0,0.0,0.010582,380000.91,0.010581
2024-01-04,375102.06,0.01697253,0.04791477,0.669725,0.394218,0.540599,0.01697253,-0.01057818,0.00405985,0.04791477,-0.00162541,0.00019939,1.0,0.0,0.0,0.015674,378045.25,0.015673
2024-01-05,375546.94,0.01697253,0.04791477,0.669725,0.394218,0.540599,0.01697253,-0.01057818,0.00405985,0.04791477,-0.00162541,0.00019939,1.0,0.0,0.0,0.014506,378493.62,0.014506
2024-01-08,383308.73,0.01697253,0.04791477,0.669725,0.394218,0.540599,0.01697253,-0.01057818,0.00405985,0.04791477,-0.00162541,0.00019939,1.0,0.0,0.0,0.0,386316.31,0.0
2024-01-09,384065.97,0.01697253,0.04791477,0.669725,0.394218,0.540599,0.01697253,-0.01057818,0.00405985,0.04791477,-0.00162541,0.00019939,1.0,0.0,0.0,0.0,387079.49,0.0
2024-01-10,386669.0,0.01697253,0.04791477,0.669725,0.394218,0.540599,0.01697253,-0.01057818,0.00405985,0.04791477,-0.00162541,0.00019939,1.0,0.0,0.0,0.0,389702.95,0.0
2024-01-11,387473.58,0.01697253,0.04791477,0.669725,0.394218,0.540599,0.01697253,-0.01057818,0.00405985,0.04791477,-0.00162541,0.00019939,1.0,0.0,0.0,0.0,390513.84,0.0
2024-01-12,387672.35,0.01697253,0.04791477,0.669725,0.394218,0.540599,0.01697253,-0.01057818,0.00405985,0.04791477,-0.00162541,0.00019939,1.0,0.0,0.0,0.0,390714.17,0.0
2024-01-16,387634.48,0.01697253,0.04791477,0.669725,0.394218,0.540599,0.01697253,-0.01057818,0.00405985,0.04791477,-0.00162541,0.00019939,1.0,0.0,0.0,9.8e-05,390676.0,9.8e-05
2024-01-17,385447.93,0.01697253,0.04791477,0.669725,0.394218,0.540599,0.01697253,-0.01057818,0.00405985,0.04791477,-0.00162541,0.00019939,1.0,0.0,0.0,0.005738,388472.3,0.005738
2024-01-18,390919.04,0.01697253,0.04791477,0.669725,0.394218,0.540599,0.01697253,-0.01057818,0.00405985,0.04791477,-0.00162541,0.00019939,1.0,0.0,0.0,0.0,393986.33,0.0
2024-01-19,398671.35,0.01697253,0.04791477,0.669725,0.394218,0.540599,0.01697253,-0.01057818,0.00405985,0.04791477,-0.00162541,0.00019939,1.0,0.0,0.0,0.0,401799.48,0.0
2024-01-22,399191.98,0.01697253,0.04791477,0.669725,0.394218,0.540599,0.01697253,-0.01057818,0.00405985,0.04791477,-0.00162541,0.00019939,1.0,0.0,0.0,0.0,402324.18,0.0
2024-01-23,400848.45,0.01697253,0.04791477,0.669725,0.394218,0.540599,0.01697253,-0.01057818,0.00405985,0.04791477,-0.00162541,0.00019939,1.0,0.0,0.0,0.0,403993.66,0.0
2024-01-24,403072.84,0.01697253,0.04791477,0.669725,0.394218,0.540599,0.01697253,-0.01057818,0.00405985,0.04791477,-0.00162541,0.00019939,1.0,0.0,0.0,0.0,406235.5,0.0
2024-01-25,403565.07,0.01697253,0.04791477,0.669725,0.394218,0.540599,0.01697253,-0.01057818,0.00405985,0.04791477,-0.00162541,0.00019939,1.0,0.0,0.0,0.0,406731.59,0.0
2024-01-26,401160.8,0.01697253,0.04791477,0.669725,0.394218,0.540599,0.01697253,-0.01057818,0.00405985,0.04791477,-0.00162541,0.00019939,1.0,0.0,0.0,0.005958,404308.46,0.005958
2024-01-29,405268.86,0.01697253,0.04791477,0.669725,0.394218,0.540599,0.01697253,-0.01057818,0.00405985,0.04791477,-0.00162541,0.00019939,1.0,0.0,0.0,0.0,408448.75,0.0
2024-01-30,402571.17,0.01697253,0.04791477,0.669725,0.394218,0.540599,0.01697253,-0.01057818,0.00405985,0.04791477,-0.00162541,0.00019939,1.0,0.0,0.0,0.006657,405729.89,0.006657
2024-01-31,394686.35,0.01697253,0.04791477,0.669725,0.394218,0.540599,0.01697253,-0.01057818,0.00405985,0.04791477,-0.00162541,0.00019939,1.0,0.0,0.0,0.026112,397783.21,0.026112
2024-02-01,409333.95,0.01840876,0.05247934,0.684088,0.528777,0.528381,0.01840876,0.00287769,0.00283813,0.05247934,0.02941017,0.00019942,1.0,0.0,0.0,0.0,412467.28,0.0
2024-02-02,416251.92,0.01840876,0.05247934,0.684088,0.528777,0.528381,0.01840876,0.00287769,0.00283813,0.05247934,0.02941017,0.00019942,1.0,0.0,0.0,0.0,419438.2,0.0
2024-02-05,415708.58,0.01840876,0.05247934,0.684088,0.528777,0.528381,0.01840876,0.00287769,0.00283813,0.05247934,0.02941017,0.00019942,1.0,0.0,0.0,0.001305,418890.7,0.001305
2024-02-06,414874.14,0.01840876,0.05247934,0.684088,0.528777,0.528381,0.01840876,0.00287769,0.00283813,0.05247934,0.02941017,0.00019942,1.0,0.0,0.0,0.00331,418049.87,0.00331
2024-02-07,419143.28,0.01840876,0.05247934,0.684088,0.528777,0.528381,0.01840876,0.00287769,0.00283813,0.05247934,0.02941017,0.00019942,1.0,0.0,0.0,0.0,422351.69,0.0
2024-02-08,419919.51,0.01840876,0.05247934,0.684088,0.528777,0.528381,0.01840876,0.00287769,0.00283813,0.05247934,0.02941017,0.00019942,1.0,0.0,0.0,0.0,423133.86,0.0
2024-02-09,424052.8,0.01840876,0.05247934,0.684088,0.528777,0.528381,0.01840876,0.00287769,0.00283813,0.05247934,0.02941017,0.00019942,1.0,0.0,0.0,0.0,427298.8,0.0
2024-02-12,422393.67,0.01840876,0.05247934,0.684088,0.528777,0.528381,0.01840876,0.00287769,0.00283813,0.05247934,0.02941017,0.00019942,1.0,0.0,0.0,0.003913,425626.96,0.003913
2024-02-13,415805.58,0.01840876,0.05247934,0.684088,0.528777,0.528381,0.01840876,0.00287769,0.00283813,0.05247934,0.02941017,0.00019942,1.0,0.0,0.0,0.019449,418988.44,0.019449
2024-02-14,420336.72,0.01840876,0.05247934,0.684088,0.528777,0.528381,0.01840876,0.00287769,0.00283813,0.05247934,0.02941017,0.00019942,1.0,0.0,0.0,0.008763,423554.26,0.008763
2024-02-15,421588.36,0.01840876,0.05247934,0.684088,0.528777,0.528381,0.01840876,0.00287769,0.00283813,0.05247934,0.02941017,0.00019942,1.0,0.0,0.0,0.005812,424815.49,0.005812
2024-02-16,417765.53,0.01840876,0.05247934,0.684088,0.528777,0.528381,0.01840876,0.00287769,0.00283813,0.05247934,0.02941017,0.00019942,1.0,0.0,0.0,0.014827,420963.39,0.014827
2024-02-20,414612.18,0.01840876,0.05247934,0.684088,0.528777,0.528381,0.01840876,0.00287769,0.00283813,0.05247934,0.02941017,0.00019942,1.0,0.0,0.0,0.022263,417785.9,0.022263
2024-02-21,412953.01,0.01840876,0.05247934,0.684088,0.528777,0.528381,0.01840876,0.00287769,0.00283813,0.05247934,0.02941017,0.00019942,1.0,0.0,0.0,0.026175,416114.04,0.026176
2024-02-22,425042.49,0.01840876,0.05247934,0.684088,0.528777,0.528381,0.01840876,0.00287769,0.00283813,0.05247934,0.02941017,0.00019942,1.0,0.0,0.0,0.0,428296.06,0.0
2024-02-23,423790.84,0.01840876,0.05247934,0.684088,0.528777,0.528381,0.01840876,0.00287769,0.00283813,0.05247934,0.02941017,0.00019942,1.0,0.0,0.0,0.002945,427034.83,0.002945
2024-02-26,423567.67,0.01840876,0.05247934,0.684088,0.528777,0.528381,0.01840876,0.00287769,0.00283813,0.05247934,0.02941017,0.00019942,1.0,0.0,0.0,0.00347,426809.95,0.00347
2024-02-27,424586.47,0.01840876,0.05247934,0.684088,0.528777,0.528381,0.01840876,0.00287769,0.00283813,0.05247934,0.02941017,0.00019942,1.0,0.0,0.0,0.001073,427836.54,0.001073
2024-02-28,422325.74,0.01840876,0.05247934,0.684088,0.528777,0.528381,0.01840876,0.00287769,0.00283813,0.05247934,0.02941017,0.00019942,1.0,0.0,0.0,0.006392,425558.51,0.006392
2024-02-29,425944.83,0.01840876,0.05247934,0.684088,0.528777,0.528381,0.01840876,0.00287769,0.00283813,0.05247934,0.02941017,0.00019942,1.0,0.0,0.0,0.0,429205.3,0.0
2024-03-01,442358.24,0.01647544,-0.00148106,0.664754,0.37598,0.528679,0.01647544,-0.01240199,0.00286793,-0.00148106,0.07740167,-0.00029903,1.0,0.0,0.0,0.0,445667.81,0.0
2024-03-04,440779.85,0.01647544,-0.00148106,0.664754,0.37598,0.528679,0.01647544,-0.01240199,0.00286793,-0.00148106,0.07740167,-0.00029903,1.0,0.0,0.0,0.003568,444077.61,0.003568
2024-03-05,432868.01,0.01647544,-0.00148106,0.664754,0.37598,0.528679,0.01647544,-0.01240199,0.00286793,-0.00148106,0.07740167,-0.00029903,1.0,0.0,0.0,0.021454,436106.57,0.021454
2024-03-06,435588.03,0.01647544,-0.00148106,0.664754,0.37598,0.528679,0.01647544,-0.01240199,0.00286793,-0.00148106,0.07740167,-0.00029903,1.0,0.0,0.0,0.015305,438846.95,0.015305
2024-03-07,442199.44,0.01647544,-0.00148106,0.664754,0.37598,0.528679,0.01647544,-0.01240199,0.00286793,-0.00148106,0.07740167,-0.00029903,1.0,0.0,0.0,0.000359,445507.81,0.000359
2024-03-08,435816.33,0.01647544,-0.00148106,0.664754,0.37598,0.528679,0.01647544,-0.01240199,0.00286793,-0.00148106,0.07740167,-0.00029903,1.0,0.0,0.0,0.014789,439076.96,0.014789
2024-03-11,434198.25,0.01647544,-0.00148106,0.664754,0.37598,0.528679,0.01647544,-0.01240199,0.00286793,-0.00148106,0.07740167,-0.00029903,1.0,0.0,0.0,0.018447,437446.77,0.018447
2024-03-12,440422.49,0.01647544,-0.00148106,0.664754,0.37598,0.528679,0.01647544,-0.01240199,0.00286793,-0.00148106,0.07740167,-0.00029903,1.0,0.0,0.0,0.004376,443717.57,0.004376
2024-03-13,437037.37,0.01647544,-0.00148106,0.664754,0.37598,0.528679,0.01647544,-0.01240199,0.00286793,-0.00148106,0.07740167,-0.00029903,1.0,0.0,0.0,0.012028,440307.13,0.012028
2024-03-14,435935.48,0.01647544,-0.00148106,0.664754,0.37598,0.528679,0.01647544,-0.01240199,0.00286793,-0.00148106,0.07740167,-0.00029903,1.0,0.0,0.0,0.014519,439197.0,0.014519
2024-03-15,430753.57,0.01647544,-0.00148106,0.664754,0.37598,0.528679,0.01647544,-0.01240199,0.00286793,-0.00148106,0.07740167,-0.00029903,1.0,0.0,0.0,0.026234,433976.32,0.026234
2024-03-18,434287.59,0.01647544,-0.00148106,0.664754,0.37598,0.528679,0.01647544,-0.01240199,0.00286793,-0.00148106,0.07740167,-0.00029903,1.0,0.0,0.0,0.018245,437536.78,0.018245
2024-03-19,435369.64,0.01647544,-0.00148106,0.664754,0.37598,0.528679,0.01647544,-0.01240199,0.00286793,-0.00148106,0.07740167,-0.00029903,1.0,0.0,0.0,0.015799,438626.92,0.015799
2024-03-20,440531.67,0.01647544,-0.00148106,0.664754,0.37598,0.528679,0.01647544,-0.01240199,0.00286793,-0.00148106,0.07740167,-0.00029903,1.0,0.0,0.0,0.004129,443827.57,0.004129
2024-03-21,442616.35,0.01647544,-0.00148106,0.664754,0.37598,0.528679,0.01647544,-0.01240199,0.00286793,-0.00148106,0.07740167,-0.00029903,1.0,0.0,0.0,0.0,445927.85,0.0
2024-03-22,443122.64,0.01647544,-0.00148106,0.664754,0.37598,0.528679,0.01647544,-0.01240199,0.00286793,-0.00148106,0.07740167,-0.00029903,1.0,0.0,0.0,0.0,446437.93,0.0
2024-03-25,441514.47,0.01647544,-0.00148106,0.664754,0.37598,0.528679,0.01647544,-0.01240199,0.00286793,-0.00148106,0.07740167,-0.00029903,1.0,0.0,0.0,0.003629,444817.72,0.003629
2024-03-26,440084.97,0.01647544,-0.00148106,0.664754,0.37598,0.528679,0.01647544,-0.01240199,0.00286793,-0.00148106,0.07740167,-0.00029903,1.0,0.0,0.0,0.006855,443377.53,0.006855
2024-03-27,441583.93,0.01647544,-0.00148106,0.664754,0.37598,0.528679,0.01647544,-0.01240199,0.00286793,-0.00148106,0.07740167,-0.00029903,1.0,0.0,0.0,0.003472,444887.71,0.003472
2024-03-28,440769.94,0.01647544,-0.00148106,0.664754,0.37598,0.528679,0.01647544,-0.01240199,0.00286793,-0.00148106,0.07740167,-0.00029903,1.0,0.0,0.0,0.005309,444067.62,0.005309
2024-04-01,451703.08,0.01489127,-0.05265765,0.648913,0.361973,0.540898,0.01489127,-0.01380269,0.00408976,-0.05265765,0.02872671,0.00019939,1.0,0.0,0.0,0.0,455007.75,0.0
2024-04-02,447804.78,0.01489127,-0.05265765,0.648913,0.361973,0.540898,0.01489127,-0.01380269,0.00408976,-0.05265765,0.02872671,0.00019939,1.0,0.0,0.0,0.00863,451080.92,0.00863
2024-04-03,448809.82,0.01489127,-0.05265765,0.648913,0.361973,0.540898,0.01489127,-0.01380269,0.00408976,-0.05265765,0.02872671,0.00019939,1.0,0.0,0.0,0.006405,452093.32,0.006405
2024-04-04,441947.22,0.01489127,-0.05265765,0.648913,0.361973,0.540898,0.01489127,-0.01380269,0.00408976,-0.05265765,0.02872671,0.00019939,1.0,0.0,0.0,0.021598,445180.51,0.021598
2024-04-05,447155.08,0.01489127,-0.05265765,0.648913,0.361973,0.540898,0.01489127,-0.01380269,0.00408976,-0.05265765,0.02872671,0.00019939,1.0,0.0,0.0,0.010069,450426.47,0.010069
2024-04-08,447287.06,0.01489127,-0.05265765,0.648913,0.361973,0.540898,0.01489127,-0.01380269,0.00408976,-0.05265765,0.02872671,0.00019939,1.0,0.0,0.0,0.009776,450559.41,0.009776
2024-04-09,448941.8,0.01489127,-0.05265765,0.648913,0.361973,0.540898,0.01489127,-0.01380269,0.00408976,-0.05265765,0.02872671,0.00019939,1.0,0.0,0.0,0.006113,452226.26,0.006113
2024-04-10,445023.2,0.01489127,-0.05265765,0.648913,0.361973,0.540898,0.01489127,-0.01380269,0.00408976,-0.05265765,0.02872671,0.00019939,1.0,0.0,0.0,0.014788,448279.0,0.014788
2024-04-11,452129.44,0.01489127,-0.05265765,0.648913,0.361973,0.540898,0.01489127,-0.01380269,0.00408976,-0.05265765,0.02872671,0.00019939,1.0,0.0,0.0,0.0,455437.23,0.0
2024-04-12,444921.68,0.01489127,-0.05265765,0.648913,0.361973,0.540898,0.01489127,-0.01380269,0.00408976,-0.05265765,0.02872671,0.00019939,1.0,0.0,0.0,0.015942,448176.73,0.015942
2024-04-15,437602.26,0.01489127,-0.05265765,0.648913,0.361973,0.540898,0.01489127,-0.01380269,0.00408976,-0.05265765,0.02872671,0.00019939,1.0,0.0,0.0,0.032131,440803.76,0.032131
2024-04-16,437642.87,0.01489127,-0.05265765,0.648913,0.361973,0.540898,0.01489127,-0.01380269,0.00408976,-0.05265765,0.02872671,0.00019939,1.0,0.0,0.0,0.032041,440844.67,0.032041
2024-04-17,432303.03,0.01489127,-0.05265765,0.648913,0.361973,0.540898,0.01489127,-0.01380269,0.00408976,-0.05265765,0.02872671,0.00019939,1.0,0.0,0.0,0.043851,435465.77,0.043851
2024-04-18,429836.16,0.01489127,-0.05265765,0.648913,0.361973,0.540898,0.01489127,-0.01380269,0.00408976,-0.05265765,0.02872671,0.00019939,1.0,0.0,0.0,0.049307,432980.85,0.049307
2024-04-19,420943.2,0.01489127,-0.05265765,0.648913,0.361973,0.540898,0.01489127,-0.01380269,0.00408976,-0.05265765,0.02872671,0.00019939,1.0,0.0,0.0,0.068976,424022.82,0.068976
2024-04-22,425176.5,0.01489127,-0.05265765,0.648913,0.361973,0.540898,0.01489127,-0.01380269,0.00408976,-0.05265765,0.02872671,0.00019939,1.0,0.0,0.0,0.059613,428287.1,0.059613
2024-04-23,431521.36,0.01489127,-0.05265765,0.648913,0.361973,0.540898,0.01489127,-0.01380269,0.00408976,-0.05265765,0.02872671,0.00019939,1.0,0.0,0.0,0.04558,434678.37,0.04558
2024-04-24,432983.21,0.01489127,-0.05265765,0.648913,0.361973,0.540898,0.01489127,-0.01380269,0.00408976,-0.05265765,0.02872671,0.00019939,1.0,0.0,0.0,0.042347,436150.93,0.042347
2024-04-25,430891.95,0.01489127,-0.05265765,0.648913,0.361973,0.540898,0.01489127,-0.01380269,0.00408976,-0.05265765,0.02872671,0.00019939,1.0,0.0,0.0,0.046972,434044.36,0.046972
2024-04-26,437541.35,0.01489127,-0.05265765,0.648913,0.361973,0.540898,0.01489127,-0.01380269,0.00408976,-0.05265765,0.02872671,0.00019939,1.0,0.0,0.0,0.032265,440742.41,0.032265
2024-04-29,439317.91,0.01489127,-0.05265765,0.648913,0.361973,0.540898,0.01489127,-0.01380269,0.00408976,-0.05265765,0.02872671,0.00019939,1.0,0.0,0.0,0.028336,442531.97,0.028336
2024-04-30,431034.06,0.01489127,-0.05265765,0.648913,0.361973,0.540898,0.01489127,-0.01380269,0.00408976,-0.05265765,0.02872671,0.00019939,1.0,0.0,0.0,0.046658,434187.51,0.046658
2024-05-01,437917.46,0.02104856,0.06924939,0.710486,0.423343,0.528085,0.02104856,-0.00766565,0.00280846,0.06924939,0.00706305,0.00438643,1.0,0.0,0.0,0.031433,441048.11,0.031594
2024-05-02,443506.75,0.02104856,0.06924939,0.710486,0.423343,0.528085,0.02104856,-0.00766565,0.00280846,0.06924939,0.00706305,0.00438643,1.0,0.0,0.0,0.019071,446677.36,0.019234
2024-05-03,452420.54,0.02104856,0.06924939,0.710486,0.423343,0.528085,0.02104856,-0.00766565,0.00280846,0.06924939,0.00706305,0.00438643,1.0,0.0,0.0,0.0,455654.87,0.0
2024-05-06,457376.08,0.02104856,0.06924939,0.710486,0.423343,0.528085,0.02104856,-0.00766565,0.00280846,0.06924939,0.00706305,0.00438643,1.0,0.0,0.0,0.0,460645.84,0.0
2024-05-07,457448.81,0.02104856,0.06924939,0.710486,0.423343,0.528085,0.02104856,-0.00766565,0.00280846,0.06924939,0.00706305,0.00438643,1.0,0.0,0.0,0.0,460719.09,0.0
2024-05-08,457178.69,0.02104856,0.06924939,0.710486,0.423343,0.528085,0.02104856,-0.00766565,0.00280846,0.06924939,0.00706305,0.00438643,1.0,0.0,0.0,0.00059,460447.04,0.00059
2024-05-09,458176.03,0.02104856,0.06924939,0.710486,0.423343,0.528085,0.02104856,-0.00766565,0.00280846,0.06924939,0.00706305,0.00438643,1.0,0.0,0.0,0.0,461451.5,0.0
2024-05-10,459256.49,0.02104856,0.06924939,0.710486,0.423343,0.528085,0.02104856,-0.00766565,0.00280846,0.06924939,0.00706305,0.00438643,1.0,0.0,0.0,0.0,462539.69,0.0
2024-05-13,460316.16,0.02104856,0.06924939,0.710486,0.423343,0.528085,0.02104856,-0.00766565,0.00280846,0.06924939,0.00706305,0.00438643,1.0,0.0,0.0,0.0,463606.94,0.0
2024-05-14,463277.03,0.02104856,0.06924939,0.710486,0.423343,0.528085,0.02104856,-0.00766565,0.00280846,0.06924939,0.00706305,0.00438643,1.0,0.0,0.0,0.0,466588.98,0.0
2024-05-15,470518.17,0.02104856,0.06924939,0.710486,0.423343,0.528085,0.02104856,-0.00766565,0.00280846,0.06924939,0.00706305,0.00438643,1.0,0.0,0.0,0.0,473881.88,0.0
2024-05-16,469562.4,0.02104856,0.06924939,0.710486,0.423343,0.528085,0.02104856,-0.00766565,0.00280846,0.06924939,0.00706305,0.00438643,1.0,0.0,0.0,0.002031,472919.28,0.002031
2024-05-17,469333.84,0.02104856,0.06924939,0.710486,0.423343,0.528085,0.02104856,-0.00766565,0.00280846,0.06924939,0.00706305,0.00438643,1.0,0.0,0.0,0.002517,472689.09,0.002517
2024-05-20,472606.37,0.02104856,0.06924939,0.710486,0.423343,0.528085,0.02104856,-0.00766565,0.00280846,0.06924939,0.00706305,0.00438643,1.0,0.0,0.0,0.0,475985.01,0.0
2024-05-21,473530.98,0.02104856,0.06924939,0.710486,0.423343,0.528085,0.02104856,-0.00766565,0.00280846,0.06924939,0.00706305,0.00438643,1.0,0.0,0.0,0.0,476916.23,0.0
2024-05-22,473437.48,0.02104856,0.06924939,0.710486,0.423343,0.528085,0.02104856,-0.00766565,0.00280846,0.06924939,0.00706305,0.00438643,1.0,0.0,0.0,0.000197,476822.06,0.000197
2024-05-23,471307.75,0.02104856,0.06924939,0.710486,0.423343,0.528085,0.02104856,-0.00766565,0.00280846,0.06924939,0.00706305,0.00438643,1.0,0.0,0.0,0.004695,474677.1,0.004695
2024-05-24,475764.64,0.02104856,0.06924939,0.710486,0.423343,0.528085,0.02104856,-0.00766565,0.00280846,0.06924939,0.00706305,0.00438643,1.0,0.0,0.0,0.0,479165.86,0.0
2024-05-28,477561.92,0.02104856,0.06924939,0.710486,0.423343,0.528085,0.02104856,-0.00766565,0.00280846,0.06924939,0.00706305,0.00438643,1.0,0.0,0.0,0.0,480975.98,0.0
2024-05-29,474195.89,0.02104856,0.06924939,0.710486,0.423343,0.528085,0.02104856,-0.00766565,0.00280846,0.06924939,0.00706305,0.00438643,1.0,0.0,0.0,0.007048,477585.89,0.007048
2024-05-30,469115.65,0.02104856,0.06924939,0.710486,0.423343,0.528085,0.02104856,-0.00766565,0.00280846,0.06924939,0.00706305,0.00438643,1.0,0.0,0.0,0.017686,472469.33,0.017686
2024-05-31,468242.98,0.02104856,0.06924939,0.710486,0.423343,0.528085,0.02104856,-0.00766565,0.00280846,0.06924939,0.00706305,0.00438643,1.0,0.0,0.0,0.019514,471590.42,0.019514
2024-06-03,480757.13,0.0127743,0.08366253,0.627743,0.395034,0.54,0.0127743,-0.01049661,0.004,0.08366253,0.00354481,0.00019931,1.0,0.0,0.0,0.0,484122.55,0.0
2024-06-04,482072.72,0.0127743,0.08366253,0.627743,0.395034,0.54,0.0127743,-0.01049661,0.004,0.08366253,0.00354481,0.00019931,1.0,0.0,0.0,0.0,485447.35,0.0
2024-06-05,491791.21,0.0127743,0.08366253,0.627743,0.395034,0.54,0.0127743,-0.01049661,0.004,0.08366253,0.00354481,0.00019931,1.0,0.0,0.0,0.0,495233.87,0.0
2024-06-06,491621.45,0.0127743,0.08366253,0.627743,0.395034,0.54,0.0127743,-0.01049661,0.004,0.08366253,0.00354481,0.00019931,1.0,0.0,0.0,0.000345,495062.92,0.000345
2024-06-07,491186.45,0.0127743,0.08366253,0.627743,0.395034,0.54,0.0127743,-0.01049661,0.004,0.08366253,0.00354481,0.00019931,1.0,0.0,0.0,0.00123,494624.87,0.00123
2024-06-10,493170.46,0.0127743,0.08366253,0.627743,0.395034,0.54,0.0127743,-0.01049661,0.004,0.08366253,0.00354481,0.00019931,1.0,0.0,0.0,0.0,496622.77,0.0
2024-06-11,496554.95,0.0127743,0.08366253,0.627743,0.395034,0.54,0.0127743,-0.01049661,0.004,0.08366253,0.00354481,0.00019931,1.0,0.0,0.0,0.0,500030.96,0.0
2024-06-12,503058.7,0.0127743,0.08366253,0.627743,0.395034,0.54,0.0127743,-0.01049661,0.004,0.08366253,0.00354481,0.00019931,1.0,0.0,0.0,0.0,506580.23,0.0
2024-06-13,505785.4,0.0127743,0.08366253,0.627743,0.395034,0.54,0.0127743,-0.01049661,0.004,0.08366253,0.00354481,0.00019931,1.0,0.0,0.0,0.0,509326.02,0.0
2024-06-14,508405.99,0.0127743,0.08366253,0.627743,0.395034,0.54,0.0127743,-0.01049661,0.004,0.08366253,0.00354481,0.00019931,1.0,0.0,0.0,0.0,511964.96,0.0
2024-06-17,514633.88,0.0127743,0.08366253,0.627743,0.395034,0.54,0.0127743,-0.01049661,0.004,0.08366253,0.00354481,0.00019931,1.0,0.0,0.0,0.0,518236.44,0.0
2024-06-18,514793.02,0.0127743,0.08366253,0.627743,0.395034,0.54,0.0127743,-0.01049661,0.004,0.08366253,0.00354481,0.00019931,1.0,0.0,0.0,0.0,518396.7,0.0
2024-06-20,510825.0,0.0127743,0.08366253,0.627743,0.395034,0.54,0.0127743,-0.01049661,0.004,0.08366253,0.00354481,0.00019931,1.0,0.0,0.0,0.007708,514400.9,0.007708
2024-06-21,509456.34,0.0127743,0.08366253,0.627743,0.395034,0.54,0.0127743,-0.01049661,0.004,0.08366253,0.00354481,0.00019931,1.0,0.0,0.0,0.010367,513022.66,0.010367
2024-06-24,502857.11,0.0127743,0.08366253,0.627743,0.395034,0.54,0.0127743,-0.01049661,0.004,0.08366253,0.00354481,0.00019931,1.0,0.0,0.0,0.023186,506377.24,0.023186
2024-06-25,508607.58,0.0127743,0.08366253,0.627743,0.395034,0.54,0.0127743,-0.01049661,0.004,0.08366253,0.00354481,0.00019931,1.0,0.0,0.0,0.012015,512167.96,0.012015
2024-06-26,509657.93,0.0127743,0.08366253,0.627743,0.395034,0.54,0.0127743,-0.01049661,0.004,0.08366253,0.00354481,0.00019931,1.0,0.0,0.0,0.009975,513225.66,0.009975
2024-06-27,510973.52,0.0127743,0.08366253,0.627743,0.395034,0.54,0.0127743,-0.01049661,0.004,0.08366253,0.00354481,0.00019931,1.0,0.0,0.0,0.007419,514550.46,0.007419
2024-06-28,508321.1,0.0127743,0.08366253,0.627743,0.395034,0.54,0.0127743,-0.01049661,0.004,0.08366253,0.00354481,0.00019931,1.0,0.0,0.0,0.012572,511879.47,0.012572
2024-07-01,521302.45,0.01254864,-0.02251412,0.625486,0.511051,0.540598,0.01254864,0.0011051,0.00405982,-0.02251412,0.05093471,0.00408737,1.0,0.0,0.0,0.0,524881.7,0.0
2024-07-02,526775.95,0.01254864,-0.02251412,0.625486,0.511051,0.540598,0.01254864,0.0011051,0.00405982,-0.02251412,0.05093471,0.00408737,1.0,0.0,0.0,0.0,530392.78,0.0
2024-07-03,531167.73,0.01254864,-0.02251412,0.625486,0.511051,0.540598,0.01254864,0.0011051,0.00405982,-0.02251412,0.05093471,0.00408737,1.0,0.0,0.0,0.0,534814.71,0.0
2024-07-05,536706.13,0.01254864,-0.02251412,0.625486,0.511051,0.540598,0.01254864,0.0011051,0.00405982,-0.02251412,0.05093471,0.00408737,1.0,0.0,0.0,0.0,540391.14,0.0
2024-07-08,537982.55,0.01254864,-0.02251412,0.625486,0.511051,0.540598,0.01254864,0.0011051,0.00405982,-0.02251412,0.05093471,0.00408737,1.0,0.0,0.0,0.0,541676.32,0.0
2024-07-09,538447.69,0.01254864,-0.02251412,0.625486,0.511051,0.540598,0.01254864,0.0011051,0.00405982,-0.02251412,0.05093471,0.00408737,1.0,0.0,0.0,0.0,542144.65,0.0
2024-07-10,544061.82,0.01254864,-0.02251412,0.625486,0.511051,0.540598,0.01254864,0.0011051,0.00405982,-0.02251412,0.05093471,0.00408737,1.0,0.0,0.0,0.0,547797.32,0.0
2024-07-11,532130.45,0.01254864,-0.02251412,0.625486,0.511051,0.540598,0.01254864,0.0011051,0.00405982,-0.02251412,0.05093471,0.00408737,1.0,0.0,0.0,0.02193,535784.03,0.02193
2024-07-12,535256.63,0.01254864,-0.02251412,0.625486,0.511051,0.540598,0.01254864,0.0011051,0.00405982,-0.02251412,0.05093471,0.00408737,1.0,0.0,0.0,0.016184,538931.68,0.016184
2024-07-15,536695.31,0.01254864,-0.02251412,0.625486,0.511051,0.540598,0.01254864,0.0011051,0.00405982,-0.02251412,0.05093471,0.00408737,1.0,0.0,0.0,0.01354,540380.24,0.01354
2024-07-16,536900.84,0.01254864,-0.02251412,0.625486,0.511051,0.540598,0.01254864,0.0011051,0.00405982,-0.02251412,0.05093471,0.00408737,1.0,0.0,0.0,0.013162,540587.18,0.013162
2024-07-17,521140.17,0.01254864,-0.02251412,0.625486,0.511051,0.540598,0.01254864,0.0011051,0.00405982,-0.02251412,0.05093471,0.00408737,1.0,0.0,0.0,0.042131,524718.3,0.042131
2024-07-18,518673.85,0.01254864,-0.02251412,0.625486,0.511051,0.540598,0.01254864,0.0011051,0.00405982,-0.02251412,0.05093471,0.00408737,1.0,0.0,0.0,0.046664,522235.04,0.046664
2024-07-19,514076.54,0.01254864,-0.02251412,0.625486,0.511051,0.540598,0.01254864,0.0011051,0.00405982,-0.02251412,0.05093471,0.00408737,1.0,0.0,0.0,0.055114,517606.17,0.055114
2024-07-22,521735.13,0.01254864,-0.02251412,0.625486,0.511051,0.540598,0.01254864,0.0011051,0.00405982,-0.02251412,0.05093471,0.00408737,1.0,0.0,0.0,0.041037,525317.35,0.041037
2024-07-23,519896.2,0.01254864,-0.02251412,0.625486,0.511051,0.540598,0.01254864,0.0011051,0.00405982,-0.02251412,0.05093471,0.00408737,1.0,0.0,0.0,0.044417,523465.79,0.044417
2024-07-24,501247.36,0.01254864,-0.02251412,0.625486,0.511051,0.540598,0.01254864,0.0011051,0.00405982,-0.02251412,0.05093471,0.00408737,1.0,0.0,0.0,0.078694,504688.9,0.078694
2024-07-25,495719.75,0.01254864,-0.02251412,0.625486,0.511051,0.540598,0.01254864,0.0011051,0.00405982,-0.02251412,0.05093471,0.00408737,1.0,0.0,0.0,0.088854,499123.35,0.088854
2024-07-26,500803.85,0.01254864,-0.02251412,0.625486,0.511051,0.540598,0.01254864,0.0011051,0.00405982,-0.02251412,0.05093471,0.00408737,1.0,0.0,0.0,0.079509,504242.35,0.079509
2024-07-29,501809.84,0.01254864,-0.02251412,0.625486,0.511051,0.540598,0.01254864,0.0011051,0.00405982,-0.02251412,0.05093471,0.00408737,1.0,0.0,0.0,0.07766,505255.25,0.07766
2024-07-30,494919.29,0.01254864,-0.02251412,0.625486,0.511051,0.540598,0.01254864,0.0011051,0.00405982,-0.02251412,0.05093471,0.00408737,1.0,0.0,0.0,0.090325,498317.39,0.090325
2024-07-31,509565.79,0.01254864,-0.02251412,0.625486,0.511051,0.540598,0.01254864,0.0011051,0.00405982,-0.02251412,0.05093471,0.00408737,1.0,0.0,0.0,0.063405,513064.45,0.063405
2024-08-01,507223.36,0.02355624,0.00467736,0.735562,0.383671,0.539701,0.02355624,-0.01163294,0.00397011,0.00467736,0.02002033,0.00039874,1.0,0.0,0.0,0.06771,510637.28,0.067835
2024-08-02,495184.44,0.02355624,0.00467736,0.735562,0.383671,0.539701,0.02355624,-0.01163294,0.00397011,0.00467736,0.02002033,0.00039874,1.0,0.0,0.0,0.089838,498517.33,0.08996
2024-08-05,480419.94,0.02355624,0.00467736,0.735562,0.383671,0.539701,0.02355624,-0.01163294,0.00397011,0.00467736,0.02002033,0.00039874,1.0,0.0,0.0,0.116975,483653.45,0.117094
2024-08-06,485010.4,0.02355624,0.00467736,0.735562,0.383671,0.539701,0.02355624,-0.01163294,0.00397011,0.00467736,0.02002033,0.00039874,1.0,0.0,0.0,0.108538,488274.81,0.108658
2024-08-07,479757.85,0.02355624,0.00467736,0.735562,0.383671,0.539701,0.02355624,-0.01163294,0.00397011,0.00467736,0.02002033,0.00039874,1.0,0.0,0.0,0.118192,482986.91,0.118311
2024-08-08,494434.09,0.02355624,0.00467736,0.735562,0.383671,0.539701,0.02355624,-0.01163294,0.00397011,0.00467736,0.02002033,0.00039874,1.0,0.0,0.0,0.091217,497761.92,0.091339
2024-08-09,497016.21,0.02355624,0.00467736,0.735562,0.383671,0.539701,0.02355624,-0.01163294,0.00397011,0.00467736,0.02002033,0.00039874,1.0,0.0,0.0,0.086471,500361.43,0.086594
2024-08-12,498086.59,0.02355624,0.00467736,0.735562,0.383671,0.539701,0.02355624,-0.01163294,0.00397011,0.00467736,0.02002033,0.00039874,1.0,0.0,0.0,0.084504,501439.01,0.084627
2024-08-13,510445.49,0.02355624,0.00467736,0.735562,0.383671,0.539701,0.02355624,-0.01163294,0.00397011,0.00467736,0.02002033,0.00039874,1.0,0.0,0.0,0.061788,513881.09,0.061914
2024-08-14,510611.03,0.02355624,0.00467736,0.735562,0.383671,0.539701,0.02355624,-0.01163294,0.00397011,0.00467736,0.02002033,0.00039874,1.0,0.0,0.0,0.061483,514047.75,0.06161
2024-08-15,523510.66,0.02355624,0.00467736,0.735562,0.383671,0.539701,0.02355624,-0.01163294,0.00397011,0.00467736,0.02002033,0.00039874,1.0,0.0,0.0,0.037774,527034.2,0.037903
2024-08-16,524183.76,0.02355624,0.00467736,0.735562,0.383671,0.539701,0.02355624,-0.01163294,0.00397011,0.00467736,0.02002033,0.00039874,1.0,0.0,0.0,0.036536,527711.84,0.036666
2024-08-19,531069.44,0.02355624,0.00467736,0.735562,0.383671,0.539701,0.02355624,-0.01163294,0.00397011,0.00467736,0.02002033,0.00039874,1.0,0.0,0.0,0.02388,534643.85,0.024012
2024-08-20,529954.95,0.02355624,0.00467736,0.735562,0.383671,0.539701,0.02355624,-0.01163294,0.00397011,0.00467736,0.02002033,0.00039874,1.0,0.0,0.0,0.025929,533521.87,0.02606
2024-08-21,532426.73,0.02355624,0.00467736,0.735562,0.383671,0.539701,0.02355624,-0.01163294,0.00397011,0.00467736,0.02002033,0.00039874,1.0,0.0,0.0,0.021386,536010.28,0.021517
2024-08-22,523985.15,0.02355624,0.00467736,0.735562,0.383671,0.539701,0.02355624,-0.01163294,0.00397011,0.00467736,0.02002033,0.00039874,1.0,0.0,0.0,0.036901,527511.88,0.037031
2024-08-23,529668.04,0.02355624,0.00467736,0.735562,0.383671,0.539701,0.02355624,-0.01163294,0.00397011,0.00467736,0.02002033,0.00039874,1.0,0.0,0.0,0.026456,533233.02,0.026587
2024-08-26,524525.84,0.02355624,0.00467736,0.735562,0.383671,0.539701,0.02355624,-0.01163294,0.00397011,0.00467736,0.02002033,0.00039874,1.0,0.0,0.0,0.035908,528056.21,0.036037
2024-08-27,526092.79,0.02355624,0.00467736,0.735562,0.383671,0.539701,0.02355624,-0.01163294,0.00397011,0.00467736,0.02002033,0.00039874,1.0,0.0,0.0,0.033028,529633.71,0.033158
2024-08-28,520122.98,0.02355624,0.00467736,0.735562,0.383671,0.539701,0.02355624,-0.01163294,0.00397011,0.00467736,0.02002033,0.00039874,1.0,0.0,0.0,0.044,523623.72,0.044129
2024-08-29,519361.58,0.02355624,0.00467736,0.735562,0.383671,0.539701,0.02355624,-0.01163294,0.00397011,0.00467736,0.02002033,0.00039874,1.0,0.0,0.0,0.0454,522857.2,0.045528
2024-08-30,525552.06,0.02355624,0.00467736,0.735562,0.383671,0.539701,0.02355624,-0.01163294,0.00397011,0.00467736,0.02002033,0.00039874,1.0,0.0,0.0,0.034021,529089.34,0.034151
2024-09-03,519595.82,0.02107679,0.04283147,0.710768,0.386506,0.540299,0.02107679,-0.01134944,0.00402988,0.04283147,0.06600379,0.0,1.0,0.0,0.0,0.044969,523025.71,0.04522
2024-09-04,518245.65,0.02107679,0.04283147,0.710768,0.386506,0.540299,0.02107679,-0.01134944,0.00402988,0.04283147,0.06600379,0.0,1.0,0.0,0.0,0.047451,521666.63,0.047701
2024-09-05,518729.49,0.02107679,0.04283147,0.710768,0.386506,0.540299,0.02107679,-0.01134944,0.00402988,0.04283147,0.06600379,0.0,1.0,0.0,0.0,0.046561,522153.65,0.046812
2024-09-06,504834.14,0.02107679,0.04283147,0.710768,0.386506,0.540299,0.02107679,-0.01134944,0.00402988,0.04283147,0.06600379,0.0,1.0,0.0,0.0,0.072102,508166.58,0.072346
2024-09-09,511326.12,0.02107679,0.04283147,0.710768,0.386506,0.540299,0.02107679,-0.01134944,0.00402988,0.04283147,0.06600379,0.0,1.0,0.0,0.0,0.060169,514701.41,0.060416
2024-09-10,516051.67,0.02107679,0.04283147,0.710768,0.386506,0.540299,0.02107679,-0.01134944,0.00402988,0.04283147,0.06600379,0.0,1.0,0.0,0.0,0.051483,519458.16,0.051733
2024-09-11,527257.95,0.02107679,0.04283147,0.710768,0.386506,0.540299,0.02107679,-0.01134944,0.00402988,0.04283147,0.06600379,0.0,1.0,0.0,0.0,0.030886,530738.41,0.031141
2024-09-12,532433.55,0.02107679,0.04283147,0.710768,0.386506,0.540299,0.02107679,-0.01134944,0.00402988,0.04283147,0.06600379,0.0,1.0,0.0,0.0,0.021373,535948.18,0.021631
2024-09-13,534818.82,0.02107679,0.04283147,0.710768,0.386506,0.540299,0.02107679,-0.01134944,0.00402988,0.04283147,0.06600379,0.0,1.0,0.0,0.0,0.016989,538349.19,0.017247
2024-09-16,532456.04,0.02107679,0.04283147,0.710768,0.386506,0.540299,0.02107679,-0.01134944,0.00402988,0.04283147,0.06600379,0.0,1.0,0.0,0.0,0.021332,535970.82,0.021589
2024-09-17,532737.32,0.02107679,0.04283147,0.710768,0.386506,0.540299,0.02107679,-0.01134944,0.00402988,0.04283147,0.06600379,0.0,1.0,0.0,0.0,0.020815,536253.95,0.021072
2024-09-18,530430.82,0.02107679,0.04283147,0.710768,0.386506,0.540299,0.02107679,-0.01134944,0.00402988,0.04283147,0.06600379,0.0,1.0,0.0,0.0,0.025054,533932.23,0.025311
2024-09-19,543842.34,0.02107679,0.04283147,0.710768,0.386506,0.540299,0.02107679,-0.01134944,0.00402988,0.04283147,0.06600379,0.0,1.0,0.0,0.0,0.000403,547432.28,0.000666
2024-09-20,542807.24,0.02107679,0.04283147,0.710768,0.386506,0.540299,0.02107679,-0.01134944,0.00402988,0.04283147,0.06600379,0.0,1.0,0.0,0.0,0.002306,546390.35,0.002568
2024-09-23,543482.32,0.02107679,0.04283147,0.710768,0.386506,0.540299,0.02107679,-0.01134944,0.00402988,0.04283147,0.06600379,0.0,1.0,0.0,0.0,0.001065,547069.89,0.001328
2024-09-24,546103.86,0.02107679,0.04283147,0.710768,0.386506,0.540299,0.02107679,-0.01134944,0.00402988,0.04283147,0.06600379,0.0,1.0,0.0,0.0,0.0,549708.73,0.0
2024-09-25,546610.18,0.02107679,0.04283147,0.710768,0.386506,0.540299,0.02107679,-0.01134944,0.00402988,0.04283147,0.06600379,0.0,1.0,0.0,0.0,0.0,550218.39,0.0
2024-09-26,550716.9,0.02107679,0.04283147,0.710768,0.386506,0.540299,0.02107679,-0.01134944,0.00402988,0.04283147,0.06600379,0.0,1.0,0.0,0.0,0.0,554352.21,0.0
2024-09-27,547656.54,0.02107679,0.04283147,0.710768,0.386506,0.540299,0.02107679,-0.01134944,0.00402988,0.04283147,0.06600379,0.0,1.0,0.0,0.0,0.005557,551271.66,0.005557
2024-09-30,549141.72,0.02107679,0.04283147,0.710768,0.386506,0.540299,0.02107679,-0.01134944,0.00402988,0.04283147,0.06600379,0.0,1.0,0.0,0.0,0.00286,552766.64,0.00286
2024-10-01,551490.82,0.01302654,0.00536085,0.630265,0.341275,0.540299,0.01302654,-0.01587252,0.00402991,0.00536085,0.03216479,0.00368778,1.0,0.0,0.0,0.0,555065.24,0.0
2024-10-02,552270.07,0.01302654,0.00536085,0.630265,0.341275,0.540299,0.01302654,-0.01587252,0.00402991,0.00536085,0.03216479,0.00368778,1.0,0.0,0.0,0.0,555849.53,0.0
2024-10-03,551857.52,0.01302654,0.00536085,0.630265,0.341275,0.540299,0.01302654,-0.01587252,0.00402991,0.00536085,0.03216479,0.00368778,1.0,0.0,0.0,0.000747,555434.31,0.000747
2024-10-04,558423.58,0.01302654,0.00536085,0.630265,0.341275,0.540299,0.01302654,-0.01587252,0.00402991,0.00536085,0.03216479,0.00368778,1.0,0.0,0.0,0.0,562042.93,0.0
2024-10-07,552441.95,0.01302654,0.00536085,0.630265,0.341275,0.540299,0.01302654,-0.01587252,0.00402991,0.00536085,0.03216479,0.00368778,1.0,0.0,0.0,0.010712,556022.53,0.010712
2024-10-08,560692.46,0.01302654,0.00536085,0.630265,0.341275,0.540299,0.01302654,-0.01587252,0.00402991,0.00536085,0.03216479,0.00368778,1.0,0.0,0.0,0.0,564326.51,0.0
2024-10-09,565104.21,0.01302654,0.00536085,0.630265,0.341275,0.540299,0.01302654,-0.01587252,0.00402991,0.00536085,0.03216479,0.00368778,1.0,0.0,0.0,0.0,568766.86,0.0
2024-10-10,564462.5,0.01302654,0.00536085,0.630265,0.341275,0.540299,0.01302654,-0.01587252,0.00402991,0.00536085,0.03216479,0.00368778,1.0,0.0,0.0,0.001136,568120.99,0.001136
2024-10-11,565344.84,0.01302654,0.00536085,0.630265,0.341275,0.540299,0.01302654,-0.01587252,0.00402991,0.00536085,0.03216479,0.00368778,1.0,0.0,0.0,0.0,569009.05,0.0
2024-10-14,570088.91,0.01302654,0.00536085,0.630265,0.341275,0.540299,0.01302654,-0.01587252,0.00402991,0.00536085,0.03216479,0.00368778,1.0,0.0,0.0,0.0,573783.87,0.0
2024-10-15,562468.64,0.01302654,0.00536085,0.630265,0.341275,0.540299,0.01302654,-0.01587252,0.00402991,0.00536085,0.03216479,0.00368778,1.0,0.0,0.0,0.013367,566114.2,0.013367
2024-10-16,562537.39,0.01302654,0.00536085,0.630265,0.341275,0.540299,0.01302654,-0.01587252,0.00402991,0.00536085,0.03216479,0.00368778,1.0,0.0,0.0,0.013246,566183.4,0.013246
2024-10-17,562926.99,0.01302654,0.00536085,0.630265,0.341275,0.540299,0.01302654,-0.01587252,0.00402991,0.00536085,0.03216479,0.00368778,1.0,0.0,0.0,0.012563,566575.53,0.012563
2024-10-18,566616.81,0.01302654,0.00536085,0.630265,0.341275,0.540299,0.01302654,-0.01587252,0.00402991,0.00536085,0.03216479,0.00368778,1.0,0.0,0.0,0.00609,570289.27,0.00609
2024-10-21,567705.44,0.01302654,0.00536085,0.630265,0.341275,0.540299,0.01302654,-0.01587252,0.00402991,0.00536085,0.03216479,0.00368778,1.0,0.0,0.0,0.004181,571384.95,0.004181
2024-10-22,568324.21,0.01302654,0.00536085,0.630265,0.341275,0.540299,0.01302654,-0.01587252,0.00402991,0.00536085,0.03216479,0.00368778,1.0,0.0,0.0,0.003095,572007.72,0.003096
2024-10-23,559615.3,0.01302654,0.00536085,0.630265,0.341275,0.540299,0.01302654,-0.01587252,0.00402991,0.00536085,0.03216479,0.00368778,1.0,0.0,0.0,0.018372,563242.38,0.018372
2024-10-24,564153.12,0.01302654,0.00536085,0.630265,0.341275,0.540299,0.01302654,-0.01587252,0.00402991,0.00536085,0.03216479,0.00368778,1.0,0.0,0.0,0.010412,567809.61,0.010412
2024-10-25,567590.84,0.01302654,0.00536085,0.630265,0.341275,0.540299,0.01302654,-0.01587252,0.00402991,0.00536085,0.03216479,0.00368778,1.0,0.0,0.0,0.004382,571269.61,0.004382
2024-10-28,567682.5,0.01302654,0.00536085,0.630265,0.341275,0.540299,0.01302654,-0.01587252,0.00402991,0.00536085,0.03216479,0.00368778,1.0,0.0,0.0,0.004221,571361.86,0.004221
2024-10-29,573137.03,0.01302654,0.00536085,0.630265,0.341275,0.540299,0.01302654,-0.01587252,0.00402991,0.00536085,0.03216479,0.00368778,1.0,0.0,0.0,0.0,576851.74,0.0
2024-10-30,568805.5,0.01302654,0.00536085,0.630265,0.341275,0.540299,0.01302654,-0.01587252,0.00402991,0.00536085,0.03216479,0.00368778,1.0,0.0,0.0,0.007558,572492.14,0.007558
2024-10-31,554447.28,0.01302654,0.00536085,0.630265,0.341275,0.540299,0.01302654,-0.01587252,0.00402991,0.00536085,0.03216479,0.00368778,1.0,0.0,0.0,0.03261,558040.86,0.03261
2024-11-01,568549.62,0.02294598,0.0571569,0.72946,0.359007,0.539402,0.02294598,-0.01409927,0.0039402,0.0571569,-0.03576662,-0.00019929,1.0,0.0,0.0,0.008004,572169.78,0.008116
2024-11-04,566893.32,0.02294598,0.0571569,0.72946,0.359007,0.539402,0.02294598,-0.01409927,0.0039402,0.0571569,-0.03576662,-0.00019929,1.0,0.0,0.0,0.010894,570502.94,0.011006
2024-11-05,574125.12,0.02294598,0.0571569,0.72946,0.359007,0.539402,0.02294598,-0.01409927,0.0039402,0.0571569,-0.03576662,-0.00019929,1.0,0.0,0.0,0.0,577780.79,0.0
2024-11-06,589720.19,0.02294598,0.0571569,0.72946,0.359007,0.539402,0.02294598,-0.01409927,0.0039402,0.0571569,-0.03576662,-0.00019929,1.0,0.0,0.0,0.0,593475.16,0.0
2024-11-07,599004.91,0.02294598,0.0571569,0.72946,0.359007,0.539402,0.02294598,-0.01409927,0.0039402,0.0571569,-0.03576662,-0.00019929,1.0,0.0,0.0,0.0,602818.99,0.0
2024-11-08,599704.8,0.02294598,0.0571569,0.72946,0.359007,0.539402,0.02294598,-0.01409927,0.0039402,0.0571569,-0.03576662,-0.00019929,1.0,0.0,0.0,0.0,603523.35,0.0
2024-11-11,599354.89,0.02294598,0.0571569,0.72946,0.359007,0.539402,0.02294598,-0.01409927,0.0039402,0.0571569,-0.03576662,-0.00019929,1.0,0.0,0.0,0.000583,603171.21,0.000583
2024-11-12,598270.06,0.02294598,0.0571569,0.72946,0.359007,0.539402,0.02294598,-0.01409927,0.0039402,0.0571569,-0.03576662,-0.00019929,1.0,0.0,0.0,0.002392,602079.46,0.002392
2024-11-13,597500.25,0.02294598,0.0571569,0.72946,0.359007,0.539402,0.02294598,-0.01409927,0.0039402,0.0571569,-0.03576662,-0.00019929,1.0,0.0,0.0,0.003676,601304.75,0.003676
2024-11-14,593347.78,0.02294598,0.0571569,0.72946,0.359007,0.539402,0.02294598,-0.01409927,0.0039402,0.0571569,-0.03576662,-0.00019929,1.0,0.0,0.0,0.0106,597125.85,0.0106
2024-11-15,579210.74,0.02294598,0.0571569,0.72946,0.359007,0.539402,0.02294598,-0.01409927,0.0039402,0.0571569,-0.03576662,-0.00019929,1.0,0.0,0.0,0.034174,582898.79,0.034174
2024-11-18,583234.88,0.02294598,0.0571569,0.72946,0.359007,0.539402,0.02294598,-0.01409927,0.0039402,0.0571569,-0.03576662,-0.00019929,1.0,0.0,0.0,0.027463,586948.55,0.027463
2024-11-19,587247.38,0.02294598,0.0571569,0.72946,0.359007,0.539402,0.02294598,-0.01409927,0.0039402,0.0571569,-0.03576662,-0.00019929,1.0,0.0,0.0,0.020773,590986.6,0.020773
2024-11-20,586909.14,0.02294598,0.0571569,0.72946,0.359007,0.539402,0.02294598,-0.01409927,0.0039402,0.0571569,-0.03576662,-0.00019929,1.0,0.0,0.0,0.021337,590646.21,0.021337
2024-11-21,589020.36,0.02294598,0.0571569,0.72946,0.359007,0.539402,0.02294598,-0.01409927,0.0039402,0.0571569,-0.03576662,-0.00019929,1.0,0.0,0.0,0.017816,592770.88,0.017816
2024-11-22,589965.16,0.02294598,0.0571569,0.72946,0.359007,0.539402,0.02294598,-0.01409927,0.0039402,0.0571569,-0.03576662,-0.00019929,1.0,0.0,0.0,0.016241,593721.69,0.016241
2024-11-25,590898.29,0.02294598,0.0571569,0.72946,0.359007,0.539402,0.02294598,-0.01409927,0.0039402,0.0571569,-0.03576662,-0.00019929,1.0,0.0,0.0,0.014685,594660.76,0.014685
2024-11-26,594070.96,0.02294598,0.0571569,0.72946,0.359007,0.539402,0.02294598,-0.01409927,0.0039402,0.0571569,-0.03576662,-0.00019929,1.0,0.0,0.0,0.009394,597853.63,0.009394
2024-11-27,589393.59,0.02294598,0.0571569,0.72946,0.359007,0.539402,0.02294598,-0.01409927,0.0039402,0.0571569,-0.03576662,-0.00019929,1.0,0.0,0.0,0.017194,593146.48,0.017194
2024-11-29,594572.51,0.02294598,0.0571569,0.72946,0.359007,0.539402,0.02294598,-0.01409927,0.0039402,0.0571569,-0.03576662,-0.00019929,1.0,0.0,0.0,0.008558,598358.38,0.008558
2024-12-02,611046.15,0.01904999,-0.00981965,0.6905,0.525766,0.539402,0.01904999,0.00257662,0.00394021,-0.00981965,0.0081334,0.00019933,1.0,0.0,0.0,0.0,614873.23,0.0
2024-12-03,612919.78,0.01904999,-0.00981965,0.6905,0.525766,0.539402,0.01904999,0.00257662,0.00394021,-0.00981965,0.0081334,0.00019933,1.0,0.0,0.0,0.0,616758.6,0.0
2024-12-04,620497.25,0.01904999,-0.00981965,0.6905,0.525766,0.539402,0.01904999,0.00257662,0.00394021,-0.00981965,0.0081334,0.00019933,1.0,0.0,0.0,0.0,624383.53,0.0
2024-12-05,618777.78,0.01904999,-0.00981965,0.6905,0.525766,0.539402,0.01904999,0.00257662,0.00394021,-0.00981965,0.0081334,0.00019933,1.0,0.0,0.0,0.002771,622653.29,0.002771
2024-12-06,624315.59,0.01904999,-0.00981965,0.6905,0.525766,0.539402,0.01904999,0.00257662,0.00394021,-0.00981965,0.0081334,0.00019933,1.0,0.0,0.0,0.0,628225.78,0.0
2024-12-09,619453.71,0.01904999,-0.00981965,0.6905,0.525766,0.539402,0.01904999,0.00257662,0.00394021,-0.00981965,0.0081334,0.00019933,1.0,0.0,0.0,0.007788,623333.45,0.007788
2024-12-10,617342.9,0.01904999,-0.00981965,0.6905,0.525766,0.539402,0.01904999,0.00257662,0.00394021,-0.00981965,0.0081334,0.00019933,1.0,0.0,0.0,0.011169,621209.42,0.011169
2024-12-11,628394.84,0.01904999,-0.00981965,0.6905,0.525766,0.539402,0.01904999,0.00257662,0.00394021,-0.00981965,0.0081334,0.00019933,1.0,0.0,0.0,0.0,632330.58,0.0
2024-12-12,624339.33,0.01904999,-0.00981965,0.6905,0.525766,0.539402,0.01904999,0.00257662,0.00394021,-0.00981965,0.0081334,0.00019933,1.0,0.0,0.0,0.006454,628249.67,0.006454
2024-12-13,629118.25,0.01904999,-0.00981965,0.6905,0.525766,0.539402,0.01904999,0.00257662,0.00394021,-0.00981965,0.0081334,0.00019933,1.0,0.0,0.0,0.0,633058.53,0.0
2024-12-16,638177.94,0.01904999,-0.00981965,0.6905,0.525766,0.539402,0.01904999,0.00257662,0.00394021,-0.00981965,0.0081334,0.00019933,1.0,0.0,0.0,0.0,642174.95,0.0
2024-12-17,635367.53,0.01904999,-0.00981965,0.6905,0.525766,0.539402,0.01904999,0.00257662,0.00394021,-0.00981965,0.0081334,0.00019933,1.0,0.0,0.0,0.004404,639346.94,0.004404
2024-12-18,612445.42,0.01904999,-0.00981965,0.6905,0.525766,0.539402,0.01904999,0.00257662,0.00394021,-0.00981965,0.0081334,0.00019933,1.0,0.0,0.0,0.040322,616281.27,0.040322
2024-12-19,609718.03,0.01904999,-0.00981965,0.6905,0.525766,0.539402,0.01904999,0.00257662,0.00394021,-0.00981965,0.0081334,0.00019933,1.0,0.0,0.0,0.044596,613536.79,0.044596
2024-12-20,615042.39,0.01904999,-0.00981965,0.6905,0.525766,0.539402,0.01904999,0.00257662,0.00394021,-0.00981965,0.0081334,0.00019933,1.0,0.0,0.0,0.036253,618894.5,0.036253
2024-12-23,620034.76,0.01904999,-0.00981965,0.6905,0.525766,0.539402,0.01904999,0.00257662,0.00394021,-0.00981965,0.0081334,0.00019933,1.0,0.0,0.0,0.02843,623918.14,0.02843
2024-12-24,628442.32,0.01904999,-0.00981965,0.6905,0.525766,0.539402,0.01904999,0.00257662,0.00394021,-0.00981965,0.0081334,0.00019933,1.0,0.0,0.0,0.015255,632378.36,0.015255
2024-12-26,628015.37,0.01904999,-0.00981965,0.6905,0.525766,0.539402,0.01904999,0.00257662,0.00394021,-0.00981965,0.0081334,0.00019933,1.0,0.0,0.0,0.015924,631948.73,0.015924
2024-12-27,619667.15,0.01904999,-0.00981965,0.6905,0.525766,0.539402,0.01904999,0.00257662,0.00394021,-0.00981965,0.0081334,0.00019933,1.0,0.0,0.0,0.029006,623548.23,0.029006
2024-12-30,611425.62,0.01904999,-0.00981965,0.6905,0.525766,0.539402,0.01904999,0.00257662,0.00394021,-0.00981965,0.0081334,0.00019933,1.0,0.0,0.0,0.04192,615255.08,0.04192
2024-12-31,606231.72,0.01904999,-0.00981965,0.6905,0.525766,0.539402,0.01904999,0.00257662,0.00394021,-0.00981965,0.0081334,0.00019933,1.0,0.0,0.0,0.050058,610028.65,0.050058
2025-01-02,615045.89,0.02111826,0.01544396,0.711183,0.549476,0.540299,0.02111826,0.00494765,0.00402988,0.01544396,0.0591639,0.0,1.0,0.0,0.0,0.036247,618835.39,0.036345
2025-01-03,625111.23,0.02111826,0.01544396,0.711183,0.549476,0.540299,0.02111826,0.00494765,0.00402988,0.01544396,0.0591639,0.0,1.0,0.0,0.0,0.020475,628962.75,0.020574
2025-01-06,632295.53,0.02111826,0.01544396,0.711183,0.549476,0.540299,0.02111826,0.00494765,0.00402988,0.01544396,0.0591639,0.0,1.0,0.0,0.0,0.009218,636191.32,0.009318
2025-01-07,621012.74,0.02111826,0.01544396,0.711183,0.549476,0.540299,0.02111826,0.00494765,0.00402988,0.01544396,0.0591639,0.0,1.0,0.0,0.0,0.026897,624839.01,0.026996
2025-01-08,621121.26,0.02111826,0.01544396,0.711183,0.549476,0.540299,0.02111826,0.00494765,0.00402988,0.01544396,0.0591639,0.0,1.0,0.0,0.0,0.026727,624948.2,0.026826
2025-01-10,611381.38,0.02111826,0.01544396,0.711183,0.549476,0.540299,0.02111826,0.00494765,0.00402988,0.01544396,0.0591639,0.0,1.0,0.0,0.0,0.041989,615148.3,0.042086
2025-01-13,609416.52,0.02111826,0.01544396,0.711183,0.549476,0.540299,0.02111826,0.00494765,0.00402988,0.01544396,0.0591639,0.0,1.0,0.0,0.0,0.045068,613171.34,0.045165
2025-01-14,608837.9,0.02111826,0.01544396,0.711183,0.549476,0.540299,0.02111826,0.00494765,0.00402988,0.01544396,0.0591639,0.0,1.0,0.0,0.0,0.045975,612589.16,0.046071
2025-01-15,622845.01,0.02111826,0.01544396,0.711183,0.549476,0.540299,0.02111826,0.00494765,0.00402988,0.01544396,0.0591639,0.0,1.0,0.0,0.0,0.024026,626682.57,0.024125
2025-01-16,618481.37,0.02111826,0.01544396,0.711183,0.549476,0.540299,0.02111826,0.00494765,0.00402988,0.01544396,0.0591639,0.0,1.0,0.0,0.0,0.030864,622292.04,0.030962
2025-01-17,628920.35,0.02111826,0.01544396,0.711183,0.549476,0.540299,0.02111826,0.00494765,0.00402988,0.01544396,0.0591639,0.0,1.0,0.0,0.0,0.014506,632795.34,0.014606
2025-01-21,632608.96,0.02111826,0.01544396,0.711183,0.549476,0.540299,0.02111826,0.00494765,0.00402988,0.01544396,0.0591639,0.0,1.0,0.0,0.0,0.008726,636506.67,0.008827
2025-01-22,640697.41,0.02111826,0.01544396,0.711183,0.549476,0.540299,0.02111826,0.00494765,0.00402988,0.01544396,0.0591639,0.0,1.0,0.0,0.0,0.0,644644.96,0.0
2025-01-23,642059.55,0.02111826,0.01544396,0.711183,0.549476,0.540299,0.02111826,0.00494765,0.00402988,0.01544396,0.0591639,0.0,1.0,0.0,0.0,0.0,646015.49,0.0
2025-01-24,638431.2,0.02111826,0.01544396,0.711183,0.549476,0.540299,0.02111826,0.00494765,0.00402988,0.01544396,0.0591639,0.0,1.0,0.0,0.0,0.005651,642364.79,0.005651
2025-01-27,619843.51,0.02111826,0.01544396,0.711183,0.549476,0.540299,0.02111826,0.00494765,0.00402988,0.01544396,0.0591639,0.0,1.0,0.0,0.0,0.034601,623662.57,0.034601
2025-01-28,629004.74,0.02111826,0.01544396,0.711183,0.549476,0.540299,0.02111826,0.00494765,0.00402988,0.01544396,0.0591639,0.0,1.0,0.0,0.0,0.020333,632880.25,0.020333
2025-01-29,627823.44,0.02111826,0.01544396,0.711183,0.549476,0.540299,0.02111826,0.00494765,0.00402988,0.01544396,0.0591639,0.0,1.0,0.0,0.0,0.022173,631691.67,0.022173
2025-01-30,630499.46,0.02111826,0.01544396,0.711183,0.549476,0.540299,0.02111826,0.00494765,0.00402988,0.01544396,0.0591639,0.0,1.0,0.0,0.0,0.018005,634384.17,0.018005
2025-01-31,629583.32,0.02111826,0.01544396,0.711183,0.549476,0.540299,0.02111826,0.00494765,0.00402988,0.01544396,0.0591639,0.0,1.0,0.0,0.0,0.019432,633462.39,0.019432
2025-02-03,634544.64,0.01618611,-0.03107444,0.661861,0.333254,0.529869,0.01618611,-0.01667465,0.00298688,-0.03107444,0.03723933,0.00029905,1.0,0.0,0.0,0.011704,638392.66,0.0118
2025-02-04,642333.9,0.01618611,-0.03107444,0.661861,0.333254,0.529869,0.01618611,-0.01667465,0.00298688,-0.03107444,0.03723933,0.00029905,1.0,0.0,0.0,0.0,646229.16,0.0
2025-02-05,645248.76,0.01618611,-0.03107444,0.661861,0.333254,0.529869,0.01618611,-0.01667465,0.00298688,-0.03107444,0.03723933,0.00029905,1.0,0.0,0.0,0.0,649161.7,0.0
2025-02-06,648616.77,0.01618611,-0.03107444,0.661861,0.333254,0.529869,0.01618611,-0.01667465,0.00298688,-0.03107444,0.03723933,0.00029905,1.0,0.0,0.0,0.0,652550.13,0.0
2025-02-07,640435.58,0.01618611,-0.03107444,0.661861,0.333254,0.529869,0.01618611,-0.01667465,0.00298688,-0.03107444,0.03723933,0.00029905,1.0,0.0,0.0,0.012613,644319.34,0.012613
2025-02-10,648188.14,0.01618611,-0.03107444,0.661861,0.333254,0.529869,0.01618611,-0.01667465,0.00298688,-0.03107444,0.03723933,0.00029905,1.0,0.0,0.0,0.000661,652118.91,0.000661
2025-02-11,646644.97,0.01618611,-0.03107444,0.661861,0.333254,0.529869,0.01618611,-0.01667465,0.00298688,-0.03107444,0.03723933,0.00029905,1.0,0.0,0.0,0.00304,650566.38,0.00304
2025-02-12,647024.63,0.01618611,-0.03107444,0.661861,0.333254,0.529869,0.01618611,-0.01667465,0.00298688,-0.03107444,0.03723933,0.00029905,1.0,0.0,0.0,0.002455,650948.34,0.002455
2025-02-13,656332.62,0.01618611,-0.03107444,0.661861,0.333254,0.529869,0.01618611,-0.01667465,0.00298688,-0.03107444,0.03723933,0.00029905,1.0,0.0,0.0,0.0,660312.78,0.0
2025-02-14,659088.27,0.01618611,-0.03107444,0.661861,0.333254,0.529869,0.01618611,-0.01667465,0.00298688,-0.03107444,0.03723933,0.00029905,1.0,0.0,0.0,0.0,663085.13,0.0
2025-02-18,660582.4,0.01618611,-0.03107444,0.661861,0.333254,0.529869,0.01618611,-0.01667465,0.00298688,-0.03107444,0.03723933,0.00029905,1.0,0.0,0.0,0.0,664588.33,0.0
2025-02-19,660766.14,0.01618611,-0.03107444,0.661861,0.333254,0.529869,0.01618611,-0.01667465,0.00298688,-0.03107444,0.03723933,0.00029905,1.0,0.0,0.0,0.0,664773.18,0.0
2025-02-20,657961.46,0.01618611,-0.03107444,0.661861,0.333254,0.529869,0.01618611,-0.01667465,0.00298688,-0.03107444,0.03723933,0.00029905,1.0,0.0,0.0,0.004245,661951.49,0.004245
2025-02-21,644305.77,0.01618611,-0.03107444,0.661861,0.333254,0.529869,0.01618611,-0.01667465,0.00298688,-0.03107444,0.03723933,0.00029905,1.0,0.0,0.0,0.024911,648212.99,0.024911
2025-02-24,636700.17,0.01618611,-0.03107444,0.661861,0.333254,0.529869,0.01618611,-0.01667465,0.00298688,-0.03107444,0.03723933,0.00029905,1.0,0.0,0.0,0.036421,640561.27,0.036421
2025-02-25,628678.21,0.01618611,-0.03107444,0.661861,0.333254,0.529869,0.01618611,-0.01667465,0.00298688,-0.03107444,0.03723933,0.00029905,1.0,0.0,0.0,0.048562,632490.66,0.048562
2025-02-26,630196.86,0.01618611,-0.03107444,0.661861,0.333254,0.529869,0.01618611,-0.01667465,0.00298688,-0.03107444,0.03723933,0.00029905,1.0,0.0,0.0,0.046263,634018.52,0.046263
2025-02-27,612695.47,0.01618611,-0.03107444,0.661861,0.333254,0.529869,0.01618611,-0.01667465,0.00298688,-0.03107444,0.03723933,0.00029905,1.0,0.0,0.0,0.07275,616410.99,0.07275
2025-02-28,622370.86,0.01618611,-0.03107444,0.661861,0.333254,0.529869,0.01618611,-0.01667465,0.00298688,-0.03107444,0.03723933,0.00029905,1.0,0.0,0.0,0.058107,626145.06,0.058107
2025-03-03,618751.83,0.0251748,-0.04204807,0.751748,0.40702,0.532248,0.0251748,-0.00929799,0.0032248,-0.04204807,0.08030297,0.0,1.0,0.0,0.0,0.063584,622443.45,0.063675
2025-03-04,616884.56,0.0251748,-0.04204807,0.751748,0.40702,0.532248,0.0251748,-0.00929799,0.0032248,-0.04204807,0.08030297,0.0,1.0,0.0,0.0,0.06641,620565.04,0.066501
2025-03-05,624926.31,0.0251748,-0.04204807,0.751748,0.40702,0.532248,0.0251748,-0.00929799,0.0032248,-0.04204807,0.08030297,0.0,1.0,0.0,0.0,0.05424,628654.76,0.054332
2025-03-06,607734.96,0.0251748,-0.04204807,0.751748,0.40702,0.532248,0.0251748,-0.00929799,0.0032248,-0.04204807,0.08030297,0.0,1.0,0.0,0.0,0.080257,611360.84,0.080347
2025-03-07,612203.96,0.0251748,-0.04204807,0.751748,0.40702,0.532248,0.0251748,-0.00929799,0.0032248,-0.04204807,0.08030297,0.0,1.0,0.0,0.0,0.073494,615856.51,0.073584
2025-03-10,588477.15,0.0251748,-0.04204807,0.751748,0.40702,0.532248,0.0251748,-0.00929799,0.0032248,-0.04204807,0.08030297,0.0,1.0,0.0,0.0,0.109402,591988.14,0.109489
2025-03-11,587070.47,0.0251748,-0.04204807,0.751748,0.40702,0.532248,0.0251748,-0.00929799,0.0032248,-0.04204807,0.08030297,0.0,1.0,0.0,0.0,0.111531,590573.06,0.111617
2025-03-12,593693.07,0.0251748,-0.04204807,0.751748,0.40702,0.532248,0.0251748,-0.00929799,0.0032248,-0.04204807,0.08030297,0.0,1.0,0.0,0.0,0.101508,597235.18,0.101596
2025-03-13,583012.25,0.0251748,-0.04204807,0.751748,0.40702,0.532248,0.0251748,-0.00929799,0.0032248,-0.04204807,0.08030297,0.0,1.0,0.0,0.0,0.117672,586490.63,0.117758
2025-03-14,597103.94,0.0251748,-0.04204807,0.751748,0.40702,0.532248,0.0251748,-0.00929799,0.0032248,-0.04204807,0.08030297,0.0,1.0,0.0,0.0,0.096346,600666.4,0.096434
2025-03-17,600975.4,0.0251748,-0.04204807,0.751748,0.40702,0.532248,0.0251748,-0.00929799,0.0032248,-0.04204807,0.08030297,0.0,1.0,0.0,0.0,0.090487,604560.96,0.090576
2025-03-18,590730.32,0.0251748,-0.04204807,0.751748,0.40702,0.532248,0.0251748,-0.00929799,0.0032248,-0.04204807,0.08030297,0.0,1.0,0.0,0.0,0.105992,594254.76,0.106079
2025-03-19,598635.12,0.0251748,-0.04204807,0.751748,0.40702,0.532248,0.0251748,-0.00929799,0.0032248,-0.04204807,0.08030297,0.0,1.0,0.0,0.0,0.094029,602206.71,0.094117
2025-03-20,596606.01,0.0251748,-0.04204807,0.751748,0.40702,0.532248,0.0251748,-0.00929799,0.0032248,-0.04204807,0.08030297,0.0,1.0,0.0,0.0,0.0971,600165.5,0.097188
2025-03-21,598572.85,0.0251748,-0.04204807,0.751748,0.40702,0.532248,0.0251748,-0.00929799,0.0032248,-0.04204807,0.08030297,0.0,1.0,0.0,0.0,0.094123,602144.08,0.094211
2025-03-24,610797.27,0.0251748,-0.04204807,0.751748,0.40702,0.532248,0.0251748,-0.00929799,0.0032248,-0.04204807,0.08030297,0.0,1.0,0.0,0.0,0.075623,614441.43,0.075713
2025-03-25,614282.83,0.0251748,-0.04204807,0.751748,0.40702,0.532248,0.0251748,-0.00929799,0.0032248,-0.04204807,0.08030297,0.0,1.0,0.0,0.0,0.070348,617947.78,0.070438
2025-03-26,602979.63,0.0251748,-0.04204807,0.751748,0.40702,0.532248,0.0251748,-0.00929799,0.0032248,-0.04204807,0.08030297,0.0,1.0,0.0,0.0,0.087454,606577.14,0.087543
2025-03-27,599543.83,0.0251748,-0.04204807,0.751748,0.40702,0.532248,0.0251748,-0.00929799,0.0032248,-0.04204807,0.08030297,0.0,1.0,0.0,0.0,0.092654,603120.85,0.092742
2025-03-28,583759.17,0.0251748,-0.04204807,0.751748,0.40702,0.532248,0.0251748,-0.00929799,0.0032248,-0.04204807,0.08030297,0.0,1.0,0.0,0.0,0.116542,587242.01,0.116628
2025-03-31,583734.28,0.0251748,-0.04204807,0.751748,0.40702,0.532248,0.0251748,-0.00929799,0.0032248,-0.04204807,0.08030297,0.0,1.0,0.0,0.0,0.11658,587216.97,0.116666
2025-04-01,598439.81,0.02071866,0.01899721,0.707187,0.324538,0.541795,0.02071866,-0.01754624,0.00417947,0.01899721,0.03439157,0.00019935,1.0,0.0,0.0,0.094324,601950.57,0.094502
2025-04-02,602807.5,0.02071866,0.01899721,0.707187,0.324538,0.541795,0.02071866,-0.01754624,0.00417947,0.01899721,0.03439157,0.00019935,1.0,0.0,0.0,0.087714,606343.89,0.087894
2025-04-03,570537.08,0.02071866,0.01899721,0.707187,0.324538,0.541795,0.02071866,-0.01754624,0.00417947,0.01899721,0.03439157,0.00019935,1.0,0.0,0.0,0.136552,573884.16,0.136722
2025-04-04,535101.66,0.02071866,0.01899721,0.707187,0.324538,0.541795,0.02071866,-0.01754624,0.00417947,0.01899721,0.03439157,0.00019935,1.0,0.0,0.0,0.19018,538240.85,0.190339
2025-04-07,536392.97,0.02071866,0.01899721,0.707187,0.324538,0.541795,0.02071866,-0.01754624,0.00417947,0.01899721,0.03439157,0.00019935,1.0,0.0,0.0,0.188226,539539.74,0.188385
2025-04-08,526733.36,0.02071866,0.01899721,0.707187,0.324538,0.541795,0.02071866,-0.01754624,0.00417947,0.01899721,0.03439157,0.00019935,1.0,0.0,0.0,0.202845,529823.46,0.203001
2025-04-09,589957.57,0.02071866,0.01899721,0.707187,0.324538,0.541795,0.02071866,-0.01754624,0.00417947,0.01899721,0.03439157,0.00019935,1.0,0.0,0.0,0.107161,593418.57,0.107337
2025-04-10,564865.37,0.02071866,0.01899721,0.707187,0.324538,0.541795,0.02071866,-0.01754624,0.00417947,0.01899721,0.03439157,0.00019935,1.0,0.0,0.0,0.145136,568179.17,0.145304
2025-04-11,575271.92,0.02071866,0.01899721,0.707187,0.324538,0.541795,0.02071866,-0.01754624,0.00417947,0.01899721,0.03439157,0.00019935,1.0,0.0,0.0,0.129387,578646.77,0.129558
2025-04-14,579171.24,0.02071866,0.01899721,0.707187,0.324538,0.541795,0.02071866,-0.01754624,0.00417947,0.01899721,0.03439157,0.00019935,1.0,0.0,0.0,0.123485,582568.96,0.123658
2025-04-15,579816.87,0.02071866,0.01899721,0.707187,0.324538,0.541795,0.02071866,-0.01754624,0.00417947,0.01899721,0.03439157,0.00019935,1.0,0.0,0.0,0.122508,583218.38,0.122681
2025-04-16,562333.37,0.02071866,0.01899721,0.707187,0.324538,0.541795,0.02071866,-0.01754624,0.00417947,0.01899721,0.03439157,0.00019935,1.0,0.0,0.0,0.148968,565632.31,0.149135
2025-04-17,562232.1,0.02071866,0.01899721,0.707187,0.324538,0.541795,0.02071866,-0.01754624,0.00417947,0.01899721,0.03439157,0.00019935,1.0,0.0,0.0,0.149121,565530.46,0.149288
2025-04-21,548318.7,0.02071866,0.01899721,0.707187,0.324538,0.541795,0.02071866,-0.01754624,0.00417947,0.01899721,0.03439157,0.00019935,1.0,0.0,0.0,0.170177,551535.43,0.17034
2025-04-22,562713.19,0.02071866,0.01899721,0.707187,0.324538,0.541795,0.02071866,-0.01754624,0.00417947,0.01899721,0.03439157,0.00019935,1.0,0.0,0.0,0.148393,566014.37,0.14856
2025-04-23,575474.49,0.02071866,0.01899721,0.707187,0.324538,0.541795,0.02071866,-0.01754624,0.00417947,0.01899721,0.03439157,0.00019935,1.0,0.0,0.0,0.12908,578850.53,0.129251
2025-04-24,591666.68,0.02071866,0.01899721,0.707187,0.324538,0.541795,0.02071866,-0.01754624,0.00417947,0.01899721,0.03439157,0.00019935,1.0,0.0,0.0,0.104575,595137.71,0.104751
2025-04-25,598262.55,0.02071866,0.01899721,0.707187,0.324538,0.541795,0.02071866,-0.01754624,0.00417947,0.01899721,0.03439157,0.00019935,1.0,0.0,0.0,0.094593,601772.28,0.094771
2025-04-28,598072.66,0.02071866,0.01899721,0.707187,0.324538,0.541795,0.02071866,-0.01754624,0.00417947,0.01899721,0.03439157,0.00019935,1.0,0.0,0.0,0.09488,601581.27,0.095058
2025-04-29,602022.58,0.02071866,0.01899721,0.707187,0.324538,0.541795,0.02071866,-0.01754624,0.00417947,0.01899721,0.03439157,0.00019935,1.0,0.0,0.0,0.088902,605554.37,0.089081
2025-04-30,601946.62,0.02071866,0.01899721,0.707187,0.324538,0.541795,0.02071866,-0.01754624,0.00417947,0.01899721,0.03439157,0.00019935,1.0,0.0,0.0,0.089017,605477.96,0.089196
2025-05-01,619808.49,0.01275773,0.08621913,0.627577,0.375838,0.531357,0.01275773,-0.01241615,0.0031357,0.08621913,0.0477712,9.958e-05,1.0,0.0,0.0,0.061985,623385.95,0.062258
2025-05-02,629008.85,0.01275773,0.08621913,0.627577,0.375838,0.531357,0.01275773,-0.01241615,0.0031357,0.08621913,0.0477712,9.958e-05,1.0,0.0,0.0,0.048061,632639.41,0.048338
2025-05-05,625277.24,0.01275773,0.08621913,0.627577,0.375838,0.531357,0.01275773,-0.01241615,0.0031357,0.08621913,0.0477712,9.958e-05,1.0,0.0,0.0,0.053709,628886.27,0.053984
2025-05-06,619461.08,0.01275773,0.08621913,0.627577,0.375838,0.531357,0.01275773,-0.01241615,0.0031357,0.08621913,0.0477712,9.958e-05,1.0,0.0,0.0,0.062511,623036.54,0.062783
2025-05-07,621893.05,0.01275773,0.08621913,0.627577,0.375838,0.531357,0.01275773,-0.01241615,0.0031357,0.08621913,0.0477712,9.958e-05,1.0,0.0,0.0,0.05883,625482.54,0.059104
2025-05-08,628314.02,0.01275773,0.08621913,0.627577,0.375838,0.531357,0.01275773,-0.01241615,0.0031357,0.08621913,0.0477712,9.958e-05,1.0,0.0,0.0,0.049113,631940.58,0.049389
2025-05-09,627902.25,0.01275773,0.08621913,0.627577,0.375838,0.531357,0.01275773,-0.01241615,0.0031357,0.08621913,0.0477712,9.958e-05,1.0,0.0,0.0,0.049736,631526.43,0.050012
2025-05-12,653483.13,0.01275773,0.08621913,0.627577,0.375838,0.531357,0.01275773,-0.01241615,0.0031357,0.08621913,0.0477712,9.958e-05,1.0,0.0,0.0,0.011022,657254.95,0.011309
2025-05-13,663442.71,0.01275773,0.08621913,0.627577,0.375838,0.531357,0.01275773,-0.01241615,0.0031357,0.08621913,0.0477712,9.958e-05,1.0,0.0,0.0,0.0,667272.02,0.0
2025-05-14,667418.76,0.01275773,0.08621913,0.627577,0.375838,0.531357,0.01275773,-0.01241615,0.0031357,0.08621913,0.0477712,9.958e-05,1.0,0.0,0.0,0.0,671271.02,0.0
2025-05-15,668152.23,0.01275773,0.08621913,0.627577,0.375838,0.531357,0.01275773,-0.01241615,0.0031357,0.08621913,0.0477712,9.958e-05,1.0,0.0,0.0,0.0,672008.72,0.0
2025-05-16,671060.33,0.01275773,0.08621913,0.627577,0.375838,0.531357,0.01275773,-0.01241615,0.0031357,0.08621913,0.0477712,9.958e-05,1.0,0.0,0.0,0.0,674933.61,0.0
2025-05-19,671703.71,0.01275773,0.08621913,0.627577,0.375838,0.531357,0.01275773,-0.01241615,0.0031357,0.08621913,0.0477712,9.958e-05,1.0,0.0,0.0,0.0,675580.7,0.0
2025-05-20,669464.75,0.01275773,0.08621913,0.627577,0.375838,0.531357,0.01275773,-0.01241615,0.0031357,0.08621913,0.0477712,9.958e-05,1.0,0.0,0.0,0.003333,673328.82,0.003333
2025-05-21,660161.4,0.01275773,0.08621913,0.627577,0.375838,0.531357,0.01275773,-0.01241615,0.0031357,0.08621913,0.0477712,9.958e-05,1.0,0.0,0.0,0.017184,663971.77,0.017184
2025-05-22,661396.72,0.01275773,0.08621913,0.627577,0.375838,0.531357,0.01275773,-0.01241615,0.0031357,0.08621913,0.0477712,9.958e-05,1.0,0.0,0.0,0.015345,665214.22,0.015345
2025-05-23,655271.71,0.01275773,0.08621913,0.627577,0.375838,0.531357,0.01275773,-0.01241615,0.0031357,0.08621913,0.0477712,9.958e-05,1.0,0.0,0.0,0.024463,659053.86,0.024463
2025-05-27,670687.12,0.01275773,0.08621913,0.627577,0.375838,0.531357,0.01275773,-0.01241615,0.0031357,0.08621913,0.0477712,9.958e-05,1.0,0.0,0.0,0.001513,674558.24,0.001513
2025-05-28,667714.69,0.01275773,0.08621913,0.627577,0.375838,0.531357,0.01275773,-0.01241615,0.0031357,0.08621913,0.0477712,9.958e-05,1.0,0.0,0.0,0.005939,671568.66,0.005939
2025-05-29,669027.22,0.01275773,0.08621913,0.627577,0.375838,0.531357,0.01275773,-0.01241615,0.0031357,0.08621913,0.0477712,9.958e-05,1.0,0.0,0.0,0.003985,672888.76,0.003985
2025-05-30,667972.06,0.01275773,0.08621913,0.627577,0.375838,0.531357,0.01275773,-0.01241615,0.0031357,0.08621913,0.0477712,9.958e-05,1.0,0.0,0.0,0.005556,671827.52,0.005555
2025-06-02,683247.84,0.01578884,0.05273211,0.657888,0.353886,0.540598,0.01578884,-0.01461138,0.00405977,0.05273211,-0.00776467,-9.957e-05,1.0,0.0,0.0,0.0,687133.75,0.0
2025-06-03,688588.83,0.01578884,0.05273211,0.657888,0.353886,0.540598,0.01578884,-0.01461138,0.00405977,0.05273211,-0.00776467,-9.957e-05,1.0,0.0,0.0,0.0,692505.12,0.0
2025-06-04,690508.51,0.01578884,0.05273211,0.657888,0.353886,0.540598,0.01578884,-0.01461138,0.00405977,0.05273211,-0.00776467,-9.957e-05,1.0,0.0,0.0,0.0,694435.71,0.0
2025-06-05,685311.07,0.01578884,0.05273211,0.657888,0.353886,0.540598,0.01578884,-0.01461138,0.00405977,0.05273211,-0.00776467,-9.957e-05,1.0,0.0,0.0,0.007527,689208.71,0.007527
2025-06-06,692010.22,0.01578884,0.05273211,0.657888,0.353886,0.540598,0.01578884,-0.01461138,0.00405977,0.05273211,-0.00776467,-9.957e-05,1.0,0.0,0.0,0.0,695945.97,0.0
2025-06-09,693028.85,0.01578884,0.05273211,0.657888,0.353886,0.540598,0.01578884,-0.01461138,0.00405977,0.05273211,-0.00776467,-9.957e-05,1.0,0.0,0.0,0.0,696970.38,0.0
2025-06-10,697612.49,0.01578884,0.05273211,0.657888,0.353886,0.540598,0.01578884,-0.01461138,0.00405977,0.05273211,-0.00776467,-9.957e-05,1.0,0.0,0.0,0.0,701580.09,0.0
2025-06-11,695261.85,0.01578884,0.05273211,0.657888,0.353886,0.540598,0.01578884,-0.01461138,0.00405977,0.05273211,-0.00776467,-9.957e-05,1.0,0.0,0.0,0.00337,699216.08,0.00337
2025-06-12,696894.19,0.01578884,0.05273211,0.657888,0.353886,0.540598,0.01578884,-0.01461138,0.00405977,0.05273211,-0.00776467,-9.957e-05,1.0,0.0,0.0,0.00103,700857.71,0.00103
2025-06-13,688144.88,0.01578884,0.05273211,0.657888,0.353886,0.540598,0.01578884,-0.01461138,0.00405977,0.05273211,-0.00776467,-9.957e-05,1.0,0.0,0.0,0.013571,692058.64,0.013571
2025-06-16,697716.9,0.01578884,0.05273211,0.657888,0.353886,0.540598,0.01578884,-0.01461138,0.00405977,0.05273211,-0.00776467,-9.957e-05,1.0,0.0,0.0,0.0,701685.1,0.0
2025-06-17,690913.33,0.01578884,0.05273211,0.657888,0.353886,0.540598,0.01578884,-0.01461138,0.00405977,0.05273211,-0.00776467,-9.957e-05,1.0,0.0,0.0,0.009751,694842.84,0.009751
2025-06-18,690795.77,0.01578884,0.05273211,0.657888,0.353886,0.540598,0.01578884,-0.01461138,0.00405977,0.05273211,-0.00776467,-9.957e-05,1.0,0.0,0.0,0.00992,694724.6,0.00992
2025-06-20,687975.11,0.01578884,0.05273211,0.657888,0.353886,0.540598,0.01578884,-0.01461138,0.00405977,0.05273211,-0.00776467,-9.957e-05,1.0,0.0,0.0,0.013962,691887.9,0.013962
2025-06-23,694269.45,0.01578884,0.05273211,0.657888,0.353886,0.540598,0.01578884,-0.01461138,0.00405977,0.05273211,-0.00776467,-9.957e-05,1.0,0.0,0.0,0.004941,698218.04,0.004941
2025-06-24,704886.23,0.01578884,0.05273211,0.657888,0.353886,0.540598,0.01578884,-0.01461138,0.00405977,0.05273211,-0.00776467,-9.957e-05,1.0,0.0,0.0,0.0,708895.2,0.0
2025-06-25,706688.27,0.01578884,0.05273211,0.657888,0.353886,0.540598,0.01578884,-0.01461138,0.00405977,0.05273211,-0.00776467,-9.957e-05,1.0,0.0,0.0,0.0,710707.49,0.0
2025-06-26,713296.0,0.01578884,0.05273211,0.657888,0.353886,0.540598,0.01578884,-0.01461138,0.00405977,0.05273211,-0.00776467,-9.957e-05,1.0,0.0,0.0,0.0,717352.8,0.0
2025-06-27,715738.06,0.01578884,0.05273211,0.657888,0.353886,0.540598,0.01578884,-0.01461138,0.00405977,0.05273211,-0.00776467,-9.957e-05,1.0,0.0,0.0,0.0,719808.76,0.0
2025-06-30,720373.91,0.01578884,0.05273211,0.657888,0.353886,0.540598,0.01578884,-0.01461138,0.00405977,0.05273211,-0.00776467,-9.957e-05,1.0,0.0,0.0,0.0,724470.97,0.0
2025-07-01,724301.55,0.01935727,0.03294397,0.693573,0.38335,0.53106,0.01935727,-0.01166501,0.003106,0.03294397,-0.01492439,0.00348708,1.0,0.0,0.0,0.0,728364.07,0.0
2025-07-02,729346.59,0.01935727,0.03294397,0.693573,0.38335,0.53106,0.01935727,-0.01166501,0.003106,0.03294397,-0.01492439,0.00348708,1.0,0.0,0.0,0.0,733437.41,0.0
2025-07-03,736523.51,0.01935727,0.03294397,0.693573,0.38335,0.53106,0.01935727,-0.01166501,0.003106,0.03294397,-0.01492439,0.00348708,1.0,0.0,0.0,0.0,740654.58,0.0
2025-07-07,730975.36,0.01935727,0.03294397,0.693573,0.38335,0.53106,0.01935727,-0.01166501,0.003106,0.03294397,-0.01492439,0.00348708,1.0,0.0,0.0,0.007533,735075.32,0.007533
2025-07-08,731385.85,0.01935727,0.03294397,0.693573,0.38335,0.53106,0.01935727,-0.01166501,0.003106,0.03294397,-0.01492439,0.00348708,1.0,0.0,0.0,0.006976,735488.11,0.006976
2025-07-09,736563.27,0.01935727,0.03294397,0.693573,0.38335,0.53106,0.01935727,-0.01166501,0.003106,0.03294397,-0.01492439,0.00348708,1.0,0.0,0.0,0.0,740694.57,0.0
2025-07-10,735503.96,0.01935727,0.03294397,0.693573,0.38335,0.53106,0.01935727,-0.01166501,0.003106,0.03294397,-0.01492439,0.00348708,1.0,0.0,0.0,0.001438,739629.32,0.001438
2025-07-11,733848.77,0.01935727,0.03294397,0.693573,0.38335,0.53106,0.01935727,-0.01166501,0.003106,0.03294397,-0.01492439,0.00348708,1.0,0.0,0.0,0.003685,737964.84,0.003685
2025-07-14,736510.34,0.01935727,0.03294397,0.693573,0.38335,0.53106,0.01935727,-0.01166501,0.003106,0.03294397,-0.01492439,0.00348708,1.0,0.0,0.0,7.2e-05,740641.34,7.2e-05
2025-07-15,737185.59,0.01935727,0.03294397,0.693573,0.38335,0.53106,0.01935727,-0.01166501,0.003106,0.03294397,-0.01492439,0.00348708,1.0,0.0,0.0,0.0,741320.38,0.0
2025-07-16,737940.37,0.01935727,0.03294397,0.693573,0.38335,0.53106,0.01935727,-0.01166501,0.003106,0.03294397,-0.01492439,0.00348708,1.0,0.0,0.0,0.0,742079.39,0.0
2025-07-17,743912.34,0.01935727,0.03294397,0.693573,0.38335,0.53106,0.01935727,-0.01166501,0.003106,0.03294397,-0.01492439,0.00348708,1.0,0.0,0.0,0.0,748084.85,0.0
2025-07-18,743197.32,0.01935727,0.03294397,0.693573,0.38335,0.53106,0.01935727,-0.01166501,0.003106,0.03294397,-0.01492439,0.00348708,1.0,0.0,0.0,0.000961,747365.83,0.000961
2025-07-21,747050.59,0.01935727,0.03294397,0.693573,0.38335,0.53106,0.01935727,-0.01166501,0.003106,0.03294397,-0.01492439,0.00348708,1.0,0.0,0.0,0.0,751240.71,0.0
2025-07-22,743184.07,0.01935727,0.03294397,0.693573,0.38335,0.53106,0.01935727,-0.01166501,0.003106,0.03294397,-0.01492439,0.00348708,1.0,0.0,0.0,0.005176,747352.5,0.005176
2025-07-23,746573.91,0.01935727,0.03294397,0.693573,0.38335,0.53106,0.01935727,-0.01166501,0.003106,0.03294397,-0.01492439,0.00348708,1.0,0.0,0.0,0.000638,750761.35,0.000638
2025-07-24,748162.92,0.01935727,0.03294397,0.693573,0.38335,0.53106,0.01935727,-0.01166501,0.003106,0.03294397,-0.01492439,0.00348708,1.0,0.0,0.0,0.0,752359.27,0.0
2025-07-25,749963.75,0.01935727,0.03294397,0.693573,0.38335,0.53106,0.01935727,-0.01166501,0.003106,0.03294397,-0.01492439,0.00348708,1.0,0.0,0.0,0.0,754170.21,0.0
2025-07-28,752307.54,0.01935727,0.03294397,0.693573,0.38335,0.53106,0.01935727,-0.01166501,0.003106,0.03294397,-0.01492439,0.00348708,1.0,0.0,0.0,0.0,756527.14,0.0
2025-07-29,751142.27,0.01935727,0.03294397,0.693573,0.38335,0.53106,0.01935727,-0.01166501,0.003106,0.03294397,-0.01492439,0.00348708,1.0,0.0,0.0,0.001549,755355.34,0.001549
2025-07-30,752148.65,0.01935727,0.03294397,0.693573,0.38335,0.53106,0.01935727,-0.01166501,0.003106,0.03294397,-0.01492439,0.00348708,1.0,0.0,0.0,0.000211,756367.36,0.000211
2025-07-31,748162.92,0.01935727,0.03294397,0.693573,0.38335,0.53106,0.01935727,-0.01166501,0.003106,0.03294397,-0.01492439,0.00348708,1.0,0.0,0.0,0.005509,752359.27,0.005509
2025-08-01,743425.02,0.02197029,0.02119591,0.719703,0.389372,0.540598,0.02197029,-0.01106284,0.00405977,0.02119591,0.05331439,0.0,1.0,0.0,0.0,0.011807,747538.72,0.011881
2025-08-04,757142.4,0.02197029,0.02119591,0.719703,0.389372,0.540598,0.02197029,-0.01106284,0.00405977,0.02119591,0.05331439,0.0,1.0,0.0,0.0,0.0,761332.0,0.0
2025-08-05,752001.79,0.02197029,0.02119591,0.719703,0.389372,0.540598,0.02197029,-0.01106284,0.00405977,0.02119591,0.05331439,0.0,1.0,0.0,0.0,0.006789,756162.94,0.006789
2025-08-06,761464.37,0.02197029,0.02119591,0.719703,0.389372,0.540598,0.02197029,-0.01106284,0.00405977,0.02119591,0.05331439,0.0,1.0,0.0,0.0,0.0,765677.89,0.0
2025-08-07,764041.4,0.02197029,0.02119591,0.719703,0.389372,0.540598,0.02197029,-0.01106284,0.00405977,0.02119591,0.05331439,0.0,1.0,0.0,0.0,0.0,768269.17,0.0
2025-08-08,771168.55,0.02197029,0.02119591,0.719703,0.389372,0.540598,0.02197029,-0.01106284,0.00405977,0.02119591,0.05331439,0.0,1.0,0.0,0.0,0.0,775435.76,0.0
2025-08-11,768886.77,0.02197029,0.02119591,0.719703,0.389372,0.540598,0.02197029,-0.01106284,0.00405977,0.02119591,0.05331439,0.0,1.0,0.0,0.0,0.002959,773141.35,0.002959
2025-08-12,778550.72,0.02197029,0.02119591,0.719703,0.389372,0.540598,0.02197029,-0.01106284,0.00405977,0.02119591,0.05331439,0.0,1.0,0.0,0.0,0.0,782858.78,0.0
2025-08-13,778940.01,0.02197029,0.02119591,0.719703,0.389372,0.540598,0.02197029,-0.01106284,0.00405977,0.02119591,0.05331439,0.0,1.0,0.0,0.0,0.0,783250.23,0.0
2025-08-14,778336.0,0.02197029,0.02119591,0.719703,0.389372,0.540598,0.02197029,-0.01106284,0.00405977,0.02119591,0.05331439,0.0,1.0,0.0,0.0,0.000775,782642.87,0.000775
2025-08-15,774913.37,0.02197029,0.02119591,0.719703,0.389372,0.540598,0.02197029,-0.01106284,0.00405977,0.02119591,0.05331439,0.0,1.0,0.0,0.0,0.005169,779201.31,0.005169
2025-08-18,774604.61,0.02197029,0.02119591,0.719703,0.389372,0.540598,0.02197029,-0.01106284,0.00405977,0.02119591,0.05331439,0.0,1.0,0.0,0.0,0.005566,778890.83,0.005566
2025-08-19,764095.14,0.02197029,0.02119591,0.719703,0.389372,0.540598,0.02197029,-0.01106284,0.00405977,0.02119591,0.05331439,0.0,1.0,0.0,0.0,0.019058,768323.21,0.019058
2025-08-20,759558.45,0.02197029,0.02119591,0.719703,0.389372,0.540598,0.02197029,-0.01106284,0.00405977,0.02119591,0.05331439,0.0,1.0,0.0,0.0,0.024882,763761.42,0.024882
2025-08-21,756041.86,0.02197029,0.02119591,0.719703,0.389372,0.540598,0.02197029,-0.01106284,0.00405977,0.02119591,0.05331439,0.0,1.0,0.0,0.0,0.029397,760225.37,0.029397
2025-08-22,767705.61,0.02197029,0.02119591,0.719703,0.389372,0.540598,0.02197029,-0.01106284,0.00405977,0.02119591,0.05331439,0.0,1.0,0.0,0.0,0.014423,771953.66,0.014423
2025-08-25,765491.01,0.02197029,0.02119591,0.719703,0.389372,0.540598,0.02197029,-0.01106284,0.00405977,0.02119591,0.05331439,0.0,1.0,0.0,0.0,0.017266,769726.81,0.017266
2025-08-26,768564.65,0.02197029,0.02119591,0.719703,0.389372,0.540598,0.02197029,-0.01106284,0.00405977,0.02119591,0.05331439,0.0,1.0,0.0,0.0,0.01332,772817.45,0.01332
2025-08-27,769745.8,0.02197029,0.02119591,0.719703,0.389372,0.540598,0.02197029,-0.01106284,0.00405977,0.02119591,0.05331439,0.0,1.0,0.0,0.0,0.011803,774005.14,0.011803
2025-08-28,774564.39,0.02197029,0.02119591,0.719703,0.389372,0.540598,0.02197029,-0.01106284,0.00405977,0.02119591,0.05331439,0.0,1.0,0.0,0.0,0.005617,778850.39,0.005617
2025-08-29,765598.41,0.02197029,0.02119591,0.719703,0.389372,0.540598,0.02197029,-0.01106284,0.00405977,0.02119591,0.05331439,0.0,1.0,0.0,0.0,0.017128,769834.8,0.017128
2025-09-02,769182.59,0.02181794,0.07091331,0.718179,0.318897,0.540299,0.02181794,-0.01811032,0.00402989,0.07091331,0.08968338,-9.963e-05,1.0,0.0,0.0,0.012527,773383.48,0.012597
2025-09-03,775234.13,0.02181794,0.07091331,0.718179,0.318897,0.540299,0.02181794,-0.01811032,0.00402989,0.07091331,0.08968338,-9.963e-05,1.0,0.0,0.0,0.004758,779468.07,0.004829
2025-09-04,782251.14,0.02181794,0.07091331,0.718179,0.318897,0.540299,0.02181794,-0.01811032,0.00402989,0.07091331,0.08968338,-9.963e-05,1.0,0.0,0.0,0.0,786523.41,0.0
2025-09-05,783379.88,0.02181794,0.07091331,0.718179,0.318897,0.540299,0.02181794,-0.01811032,0.00402989,0.07091331,0.08968338,-9.963e-05,1.0,0.0,0.0,0.0,787658.3,0.0
2025-09-08,787201.17,0.02181794,0.07091331,0.718179,0.318897,0.540299,0.02181794,-0.01811032,0.00402989,0.07091331,0.08968338,-9.963e-05,1.0,0.0,0.0,0.0,791500.47,0.0
2025-09-09,789431.42,0.02181794,0.07091331,0.718179,0.318897,0.540299,0.02181794,-0.01811032,0.00402989,0.07091331,0.08968338,-9.963e-05,1.0,0.0,0.0,0.0,793742.89,0.0
2025-09-10,789689.8,0.02181794,0.07091331,0.718179,0.318897,0.540299,0.02181794,-0.01811032,0.00402989,0.07091331,0.08968338,-9.963e-05,1.0,0.0,0.0,0.0,794002.69,0.0
2025-09-11,794286.25,0.02181794,0.07091331,0.718179,0.318897,0.540299,0.02181794,-0.01811032,0.00402989,0.07091331,0.08968338,-9.963e-05,1.0,0.0,0.0,0.0,798624.24,0.0
2025-09-12,797794.71,0.02181794,0.07091331,0.718179,0.318897,0.540299,0.02181794,-0.01811032,0.00402989,0.07091331,0.08968338,-9.963e-05,1.0,0.0,0.0,0.0,802151.86,0.0
2025-09-15,804621.4,0.02181794,0.07091331,0.718179,0.318897,0.540299,0.02181794,-0.01811032,0.00402989,0.07091331,0.08968338,-9.963e-05,1.0,0.0,0.0,0.0,809015.83,0.0
2025-09-16,803941.45,0.02181794,0.07091331,0.718179,0.318897,0.540299,0.02181794,-0.01811032,0.00402989,0.07091331,0.08968338,-9.963e-05,1.0,0.0,0.0,0.000845,808332.17,0.000845
2025-09-17,802336.79,0.02181794,0.07091331,0.718179,0.318897,0.540299,0.02181794,-0.01811032,0.00402989,0.07091331,0.08968338,-9.963e-05,1.0,0.0,0.0,0.002839,806718.75,0.002839
2025-09-18,809571.43,0.02181794,0.07091331,0.718179,0.318897,0.540299,0.02181794,-0.01811032,0.00402989,0.07091331,0.08968338,-9.963e-05,1.0,0.0,0.0,0.0,813992.9,0.0
2025-09-19,815051.75,0.02181794,0.07091331,0.718179,0.318897,0.540299,0.02181794,-0.01811032,0.00402989,0.07091331,0.08968338,-9.963e-05,1.0,0.0,0.0,0.0,819503.15,0.0
2025-09-22,818927.5,0.02181794,0.07091331,0.718179,0.318897,0.540299,0.02181794,-0.01811032,0.00402989,0.07091331,0.08968338,-9.963e-05,1.0,0.0,0.0,0.0,823400.07,0.0
2025-09-23,813487.93,0.02181794,0.07091331,0.718179,0.318897,0.540299,0.02181794,-0.01811032,0.00402989,0.07091331,0.08968338,-9.963e-05,1.0,0.0,0.0,0.006642,817930.79,0.006642
2025-09-24,810632.1,0.02181794,0.07091331,0.718179,0.318897,0.540299,0.02181794,-0.01811032,0.00402989,0.07091331,0.08968338,-9.963e-05,1.0,0.0,0.0,0.01013,815059.36,0.01013
2025-09-25,807137.25,0.02181794,0.07091331,0.718179,0.318897,0.540299,0.02181794,-0.01811032,0.00402989,0.07091331,0.08968338,-9.963e-05,1.0,0.0,0.0,0.014397,811545.43,0.014397
2025-09-26,810455.31,0.02181794,0.07091331,0.718179,0.318897,0.540299,0.02181794,-0.01811032,0.00402989,0.07091331,0.08968338,-9.963e-05,1.0,0.0,0.0,0.010345,814881.61,0.010345
2025-09-29,814208.63,0.02181794,0.07091331,0.718179,0.318897,0.540299,0.02181794,-0.01811032,0.00402989,0.07091331,0.08968338,-9.963e-05,1.0,0.0,0.0,0.005762,818655.42,0.005762
2025-09-30,816438.87,0.02181794,0.07091331,0.718179,0.318897,0.540299,0.02181794,-0.01811032,0.00402989,0.07091331,0.08968338,-9.963e-05,1.0,0.0,0.0,0.003039,820897.85,0.003039
2025-10-01,830355.37,0.01245427,0.0428015,0.624543,0.305424,0.54,0.01245427,-0.01945758,0.004,0.0428015,0.0339578,0.00348708,1.0,0.0,0.0,0.0,834835.74,0.0
2025-10-02,833768.99,0.01245427,0.0428015,0.624543,0.305424,0.54,0.01245427,-0.01945758,0.004,0.0428015,0.0339578,0.00348708,1.0,0.0,0.0,0.0,838267.77,0.0
2025-10-03,830259.01,0.01245427,0.0428015,0.624543,0.305424,0.54,0.01245427,-0.01945758,0.004,0.0428015,0.0339578,0.00348708,1.0,0.0,0.0,0.00421,834738.85,0.00421
2025-10-06,836494.45,0.01245427,0.0428015,0.624543,0.305424,0.54,0.01245427,-0.01945758,0.004,0.0428015,0.0339578,0.00348708,1.0,0.0,0.0,0.0,841007.95,0.0
2025-10-07,832089.73,0.01245427,0.0428015,0.624543,0.305424,0.54,0.01245427,-0.01945758,0.004,0.0428015,0.0339578,0.00348708,1.0,0.0,0.0,0.005266,836579.46,0.005266
2025-10-08,841628.66,0.01245427,0.0428015,0.624543,0.305424,0.54,0.01245427,-0.01945758,0.004,0.0428015,0.0339578,0.00348708,1.0,0.0,0.0,0.0,846169.85,0.0
2025-10-09,840610.09,0.01245427,0.0428015,0.624543,0.305424,0.54,0.01245427,-0.01945758,0.004,0.0428015,0.0339578,0.00348708,1.0,0.0,0.0,0.00121,845145.78,0.00121
2025-10-10,811428.91,0.01245427,0.0428015,0.624543,0.305424,0.54,0.01245427,-0.01945758,0.004,0.0428015,0.0339578,0.00348708,1.0,0.0,0.0,0.035883,815807.15,0.035883
2025-10-13,828648.56,0.01245427,0.0428015,0.624543,0.305424,0.54,0.01245427,-0.01945758,0.004,0.0428015,0.0339578,0.00348708,1.0,0.0,0.0,0.015423,833119.72,0.015423
2025-10-14,823128.9,0.01245427,0.0428015,0.624543,0.305424,0.54,0.01245427,-0.01945758,0.004,0.0428015,0.0339578,0.00348708,1.0,0.0,0.0,0.021981,827570.28,0.021981
2025-10-15,828937.56,0.01245427,0.0428015,0.624543,0.305424,0.54,0.01245427,-0.01945758,0.004,0.0428015,0.0339578,0.00348708,1.0,0.0,0.0,0.015079,833410.28,0.015079
2025-10-16,825868.06,0.01245427,0.0428015,0.624543,0.305424,0.54,0.01245427,-0.01945758,0.004,0.0428015,0.0339578,0.00348708,1.0,0.0,0.0,0.018726,830324.22,0.018726
2025-10-17,831291.36,0.01245427,0.0428015,0.624543,0.305424,0.54,0.01245427,-0.01945758,0.004,0.0428015,0.0339578,0.00348708,1.0,0.0,0.0,0.012282,835776.78,0.012282
2025-10-20,841766.27,0.01245427,0.0428015,0.624543,0.305424,0.54,0.01245427,-0.01945758,0.004,0.0428015,0.0339578,0.00348708,1.0,0.0,0.0,0.0,846308.21,0.0
2025-10-21,841546.07,0.01245427,0.0428015,0.624543,0.305424,0.54,0.01245427,-0.01945758,0.004,0.0428015,0.0339578,0.00348708,1.0,0.0,0.0,0.000262,846086.82,0.000262
2025-10-22,833438.65,0.01245427,0.0428015,0.624543,0.305424,0.54,0.01245427,-0.01945758,0.004,0.0428015,0.0339578,0.00348708,1.0,0.0,0.0,0.009893,837935.65,0.009893
2025-10-23,840444.92,0.01245427,0.0428015,0.624543,0.305424,0.54,0.01245427,-0.01945758,0.004,0.0428015,0.0339578,0.00348708,1.0,0.0,0.0,0.00157,844979.72,0.00157
2025-10-24,849419.44,0.01245427,0.0428015,0.624543,0.305424,0.54,0.01245427,-0.01945758,0.004,0.0428015,0.0339578,0.00348708,1.0,0.0,0.0,0.0,854002.67,0.0
2025-10-27,864546.91,0.01245427,0.0428015,0.624543,0.305424,0.54,0.01245427,-0.01945758,0.004,0.0428015,0.0339578,0.00348708,1.0,0.0,0.0,0.0,869211.77,0.0
2025-10-28,871195.2,0.01245427,0.0428015,0.624543,0.305424,0.54,0.01245427,-0.01945758,0.004,0.0428015,0.0339578,0.00348708,1.0,0.0,0.0,0.0,875895.93,0.0
2025-10-29,875118.19,0.01245427,0.0428015,0.624543,0.305424,0.54,0.01245427,-0.01945758,0.004,0.0428015,0.0339578,0.00348708,1.0,0.0,0.0,0.0,879840.09,0.0
2025-10-30,861738.86,0.01245427,0.0428015,0.624543,0.305424,0.54,0.01245427,-0.01945758,0.004,0.0428015,0.0339578,0.00348708,1.0,0.0,0.0,0.015289,866388.57,0.015289
2025-10-31,865895.83,0.01245427,0.0428015,0.624543,0.305424,0.54,0.01245427,-0.01945758,0.004,0.0428015,0.0339578,0.00348708,1.0,0.0,0.0,0.010538,870567.96,0.010538
2025-11-03,880039.01,0.01247134,-0.01354259,0.624713,0.391625,0.539403,0.01247134,-0.01083748,0.00394026,-0.01354259,0.04908077,9.962e-05,1.0,0.0,0.0,0.0,884733.5,0.0
2025-11-04,862175.9,0.01247134,-0.01354259,0.624713,0.391625,0.539403,0.01247134,-0.01083748,0.00394026,-0.01354259,0.04908077,9.962e-05,1.0,0.0,0.0,0.020298,866775.1,0.020298
2025-11-05,867786.88,0.01247134,-0.01354259,0.624713,0.391625,0.539403,0.01247134,-0.01083748,0.00394026,-0.01354259,0.04908077,9.962e-05,1.0,0.0,0.0,0.013922,872416.01,0.013922
2025-11-06,851622.32,0.01247134,-0.01354259,0.624713,0.391625,0.539403,0.01247134,-0.01083748,0.00394026,-0.01354259,0.04908077,9.962e-05,1.0,0.0,0.0,0.03229,856165.22,0.03229
2025-11-07,848935.21,0.01247134,-0.01354259,0.624713,0.391625,0.539403,0.01247134,-0.01083748,0.00394026,-0.01354259,0.04908077,9.962e-05,1.0,0.0,0.0,0.035344,853463.78,0.035344
2025-11-10,867717.19,0.01247134,-0.01354259,0.624713,0.391625,0.539403,0.01247134,-0.01083748,0.00394026,-0.01354259,0.04908077,9.962e-05,1.0,0.0,0.0,0.014001,872345.95,0.014001
2025-11-11,865406.03,0.01247134,-0.01354259,0.624713,0.391625,0.539403,0.01247134,-0.01083748,0.00394026,-0.01354259,0.04908077,9.962e-05,1.0,0.0,0.0,0.016628,870022.46,0.016628
2025-11-12,864723.82,0.01247134,-0.01354259,0.624713,0.391625,0.539403,0.01247134,-0.01083748,0.00394026,-0.01354259,0.04908077,9.962e-05,1.0,0.0,0.0,0.017403,869336.61,0.017403
2025-11-13,847069.59,0.01247134,-0.01354259,0.624713,0.391625,0.539403,0.01247134,-0.01083748,0.00394026,-0.01354259,0.04908077,9.962e-05,1.0,0.0,0.0,0.037464,851588.2,0.037464
2025-11-14,847709.98,0.01247134,-0.01354259,0.624713,0.391625,0.539403,0.01247134,-0.01083748,0.00394026,-0.01354259,0.04908077,9.962e-05,1.0,0.0,0.0,0.036736,852232.02,0.036736
2025-11-17,840470.06,0.01247134,-0.01354259,0.624713,0.391625,0.539403,0.01247134,-0.01083748,0.00394026,-0.01354259,0.04908077,9.962e-05,1.0,0.0,0.0,0.044963,844953.47,0.044963
2025-11-18,830236.76,0.01247134,-0.01354259,0.624713,0.391625,0.539403,0.01247134,-0.01083748,0.00394026,-0.01354259,0.04908077,9.962e-05,1.0,0.0,0.0,0.056591,834665.58,0.056591
2025-11-19,835193.31,0.01247134,-0.01354259,0.624713,0.391625,0.539403,0.01247134,-0.01083748,0.00394026,-0.01354259,0.04908077,9.962e-05,1.0,0.0,0.0,0.050959,839648.57,0.050959
2025-11-20,815422.76,0.01247134,-0.01354259,0.624713,0.391625,0.539403,0.01247134,-0.01083748,0.00394026,-0.01354259,0.04908077,9.962e-05,1.0,0.0,0.0,0.073424,819772.56,0.073424
2025-11-21,821548.88,0.01247134,-0.01354259,0.624713,0.391625,0.539403,0.01247134,-0.01083748,0.00394026,-0.01354259,0.04908077,9.962e-05,1.0,0.0,0.0,0.066463,825931.35,0.066463
2025-11-24,842558.49,0.01247134,-0.01354259,0.624713,0.391625,0.539403,0.01247134,-0.01083748,0.00394026,-0.01354259,0.04908077,9.962e-05,1.0,0.0,0.0,0.04259,847053.05,0.04259
2025-11-25,847751.79,0.01247134,-0.01354259,0.624713,0.391625,0.539403,0.01247134,-0.01083748,0.00394026,-0.01354259,0.04908077,9.962e-05,1.0,0.0,0.0,0.036688,852274.05,0.036688
2025-11-26,855242.32,0.01247134,-0.01354259,0.624713,0.391625,0.539403,0.01247134,-0.01083748,0.00394026,-0.01354259,0.04908077,9.962e-05,1.0,0.0,0.0,0.028177,859804.54,0.028177
2025-11-28,862175.9,0.01247134,-0.01354259,0.624713,0.391625,0.539403,0.01247134,-0.01083748,0.00394026,-0.01354259,0.04908077,9.962e-05,1.0,0.0,0.0,0.020298,866775.1,0.020298
2025-12-01,869279.92,0.01834444,-0.00463403,0.683444,0.342042,0.539701,0.01834444,-0.01579578,0.00397011,-0.00463403,0.0168313,0.0,1.0,0.0,0.0,0.012226,873863.67,0.012286
2025-12-02,876082.96,0.01834444,-0.00463403,0.683444,0.342042,0.539701,0.01834444,-0.01579578,0.00397011,-0.00463403,0.0168313,0.0,1.0,0.0,0.0,0.004495,880702.59,0.004556
2025-12-03,878223.9,0.01834444,-0.00463403,0.683444,0.342042,0.539701,0.01834444,-0.01579578,0.00397011,-0.00463403,0.0168313,0.0,1.0,0.0,0.0,0.002063,882854.81,0.002123
2025-12-04,877406.95,0.01834444,-0.00463403,0.683444,0.342042,0.539701,0.01834444,-0.01579578,0.00397011,-0.00463403,0.0168313,0.0,1.0,0.0,0.0,0.002991,882033.56,0.003052
2025-12-05,880984.49,0.01834444,-0.00463403,0.683444,0.342042,0.539701,0.01834444,-0.01579578,0.00397011,-0.00463403,0.0168313,0.0,1.0,0.0,0.0,0.0,885629.96,0.0
2025-12-08,879294.37,0.01834444,-0.00463403,0.683444,0.342042,0.539701,0.01834444,-0.01579578,0.00397011,-0.00463403,0.0168313,0.0,1.0,0.0,0.0,0.001918,883930.93,0.001918
2025-12-09,880378.85,0.01834444,-0.00463403,0.683444,0.342042,0.539701,0.01834444,-0.01579578,0.00397011,-0.00463403,0.0168313,0.0,1.0,0.0,0.0,0.000687,885021.13,0.000687
2025-12-10,883984.59,0.01834444,-0.00463403,0.683444,0.342042,0.539701,0.01834444,-0.01579578,0.00397011,-0.00463403,0.0168313,0.0,1.0,0.0,0.0,0.0,888645.88,0.0
2025-12-11,881125.39,0.01834444,-0.00463403,0.683444,0.342042,0.539701,0.01834444,-0.01579578,0.00397011,-0.00463403,0.0168313,0.0,1.0,0.0,0.0,0.003234,885771.61,0.003234
2025-12-12,864279.78,0.01834444,-0.00463403,0.683444,0.342042,0.539701,0.01834444,-0.01579578,0.00397011,-0.00463403,0.0168313,0.0,1.0,0.0,0.0,0.022291,868837.17,0.022291
2025-12-15,859941.6,0.01834444,-0.00463403,0.683444,0.342042,0.539701,0.01834444,-0.01579578,0.00397011,-0.00463403,0.0168313,0.0,1.0,0.0,0.0,0.027198,864476.11,0.027198
2025-12-16,861645.9,0.01834444,-0.00463403,0.683444,0.342042,0.539701,0.01834444,-0.01579578,0.00397011,-0.00463403,0.0168313,0.0,1.0,0.0,0.0,0.02527,866189.4,0.02527
2025-12-17,845673.55,0.01834444,-0.00463403,0.683444,0.342042,0.539701,0.01834444,-0.01579578,0.00397011,-0.00463403,0.0168313,0.0,1.0,0.0,0.0,0.043339,850132.82,0.043339
2025-12-18,857927.46,0.01834444,-0.00463403,0.683444,0.342042,0.539701,0.01834444,-0.01579578,0.00397011,-0.00463403,0.0168313,0.0,1.0,0.0,0.0,0.029477,862451.35,0.029477
2025-12-19,869110.9,0.01834444,-0.00463403,0.683444,0.342042,0.539701,0.01834444,-0.01579578,0.00397011,-0.00463403,0.0168313,0.0,1.0,0.0,0.0,0.016826,873693.76,0.016826
2025-12-22,872153.3,0.01834444,-0.00463403,0.683444,0.342042,0.539701,0.01834444,-0.01579578,0.00397011,-0.00463403,0.0168313,0.0,1.0,0.0,0.0,0.013384,876752.2,0.013384
2025-12-23,876237.88,0.01834444,-0.00463403,0.683444,0.342042,0.539701,0.01834444,-0.01579578,0.00397011,-0.00463403,0.0168313,0.0,1.0,0.0,0.0,0.008763,880858.32,0.008763
2025-12-24,878801.35,0.01834444,-0.00463403,0.683444,0.342042,0.539701,0.01834444,-0.01579578,0.00397011,-0.00463403,0.0168313,0.0,1.0,0.0,0.0,0.005863,883435.3,0.005864
2025-12-26,878745.04,0.01834444,-0.00463403,0.683444,0.342042,0.539701,0.01834444,-0.01579578,0.00397011,-0.00463403,0.0168313,0.0,1.0,0.0,0.0,0.005927,883378.7,0.005927
2025-12-29,874491.36,0.01834444,-0.00463403,0.683444,0.342042,0.539701,0.01834444,-0.01579578,0.00397011,-0.00463403,0.0168313,0.0,1.0,0.0,0.0,0.010739,879102.59,0.010739
2025-12-30,872463.12,0.01834444,-0.00463403,0.683444,0.342042,0.539701,0.01834444,-0.01579578,0.00397011,-0.00463403,0.0168313,0.0,1.0,0.0,0.0,0.013034,877063.66,0.013034
2025-12-31,865251.64,0.01834444,-0.00463403,0.683444,0.342042,0.539701,0.01834444,-0.01579578,0.00397011,-0.00463403,0.0168313,0.0,1.0,0.0,0.0,0.021191,869814.15,0.021191
2026-01-02,873575.53,0.01801572,0.02123568,0.680157,0.35985,0.540897,0.01801572,-0.01401502,0.00408968,0.02123568,0.07243649,-0.00039838,1.0,0.0,0.0,0.011775,878129.21,0.011834
2026-01-05,880514.32,0.01801572,0.02123568,0.680157,0.35985,0.540897,0.01801572,-0.01401502,0.00408968,0.02123568,0.07243649,-0.00039838,1.0,0.0,0.0,0.003926,885104.16,0.003986
2026-01-06,888250.99,0.01801572,0.02123568,0.680157,0.35985,0.540897,0.01801572,-0.01401502,0.00408968,0.02123568,0.07243649,-0.00039838,1.0,0.0,0.0,0.0,892881.16,0.0
2026-01-07,889105.93,0.01801572,0.02123568,0.680157,0.35985,0.540897,0.01801572,-0.01401502,0.00408968,0.02123568,0.07243649,-0.00039838,1.0,0.0,0.0,0.0,893740.55,0.0
2026-01-08,884047.81,0.01801572,0.02123568,0.680157,0.35985,0.540897,0.01801572,-0.01401502,0.00408968,0.02123568,0.07243649,-0.00039838,1.0,0.0,0.0,0.005689,888656.07,0.005689
2026-01-09,892853.17,0.01801572,0.02123568,0.680157,0.35985,0.540897,0.01801572,-0.01401502,0.00408968,0.02123568,0.07243649,-0.00039838,1.0,0.0,0.0,0.0,897507.33,0.0
2026-01-12,893594.01,0.01801572,0.02123568,0.680157,0.35985,0.540897,0.01801572,-0.01401502,0.00408968,0.02123568,0.07243649,-0.00039838,1.0,0.0,0.0,0.0,898252.03,0.0
2026-01-13,892268.95,0.01801572,0.02123568,0.680157,0.35985,0.540897,0.01801572,-0.01401502,0.00408968,0.02123568,0.07243649,-0.00039838,1.0,0.0,0.0,0.001483,896920.06,0.001483
2026-01-14,882737.01,0.01801572,0.02123568,0.680157,0.35985,0.540897,0.01801572,-0.01401502,0.00408968,0.02123568,0.07243649,-0.00039838,1.0,0.0,0.0,0.01215,887338.44,0.01215
2026-01-15,885914.38,0.01801572,0.02123568,0.680157,0.35985,0.540897,0.01801572,-0.01401502,0.00408968,0.02123568,0.07243649,-0.00039838,1.0,0.0,0.0,0.008594,890532.37,0.008594
2026-01-16,885173.46,0.01801572,0.02123568,0.680157,0.35985,0.540897,0.01801572,-0.01401502,0.00408968,0.02123568,0.07243649,-0.00039838,1.0,0.0,0.0,0.009423,889787.58,0.009423
2026-01-20,866366.03,0.01801572,0.02123568,0.680157,0.35985,0.540897,0.01801572,-0.01401502,0.00408968,0.02123568,0.07243649,-0.00039838,1.0,0.0,0.0,0.03047,870882.12,0.03047
2026-01-21,878077.96,0.01801572,0.02123568,0.680157,0.35985,0.540897,0.01801572,-0.01401502,0.00408968,0.02123568,0.07243649,-0.00039838,1.0,0.0,0.0,0.017364,882655.1,0.017364
2026-01-22,884461.05,0.01801572,0.02123568,0.680157,0.35985,0.540897,0.01801572,-0.01401502,0.00408968,0.02123568,0.07243649,-0.00039838,1.0,0.0,0.0,0.01022,889071.47,0.01022
2026-01-23,887253.61,0.01801572,0.02123568,0.680157,0.35985,0.540897,0.01801572,-0.01401502,0.00408968,0.02123568,0.07243649,-0.00039838,1.0,0.0,0.0,0.007095,891878.58,0.007095
2026-01-26,891157.65,0.01801572,0.02123568,0.680157,0.35985,0.540897,0.01801572,-0.01401502,0.00408968,0.02123568,0.07243649,-0.00039838,1.0,0.0,0.0,0.002726,895802.97,0.002726
2026-01-27,899236.26,0.01801572,0.02123568,0.680157,0.35985,0.540897,0.01801572,-0.01401502,0.00408968,0.02123568,0.07243649,-0.00039838,1.0,0.0,0.0,0.0,903923.69,0.0
2026-01-28,902214.05,0.01801572,0.02123568,0.680157,0.35985,0.540897,0.01801572,-0.01401502,0.00408968,0.02123568,0.07243649,-0.00039838,1.0,0.0,0.0,0.0,906917.01,0.0
2026-01-29,896814.08,0.01801572,0.02123568,0.680157,0.35985,0.540897,0.01801572,-0.01401502,0.00408968,0.02123568,0.07243649,-0.00039838,1.0,0.0,0.0,0.005985,901488.88,0.005985
2026-01-30,886042.57,0.01801572,0.02123568,0.680157,0.35985,0.540897,0.01801572,-0.01401502,0.00408968,0.02123568,0.07243649,-0.00039838,1.0,0.0,0.0,0.017924,890661.22,0.017924
2026-02-02,902126.5,0.01601533,-0.02457919,0.660153,0.357686,0.530466,0.01601533,-0.01423139,0.00304658,-0.02457919,0.1045817,0.00029888,1.0,0.0,0.0,9.7e-05,906776.88,0.000155
2026-02-03,888266.26,0.01601533,-0.02457919,0.660153,0.357686,0.530466,0.01601533,-0.01423139,0.00304658,-0.02457919,0.1045817,0.00029888,1.0,0.0,0.0,0.01546,892845.19,0.015516
2026-02-04,872749.09,0.01601533,-0.02457919,0.660153,0.357686,0.530466,0.01601533,-0.01423139,0.00304658,-0.02457919,0.1045817,0.00029888,1.0,0.0,0.0,0.032659,877248.03,0.032714
2026-02-05,860185.58,0.01601533,-0.02457919,0.660153,0.357686,0.530466,0.01601533,-0.01423139,0.00304658,-0.02457919,0.1045817,0.00029888,1.0,0.0,0.0,0.046584,864619.75,0.046639
2026-02-06,878368.15,0.01601533,-0.02457919,0.660153,0.357686,0.530466,0.01601533,-0.01423139,0.00304658,-0.02457919,0.1045817,0.00029888,1.0,0.0,0.0,0.02643,882896.05,0.026486
2026-02-09,885096.54,0.01601533,-0.02457919,0.660153,0.357686,0.530466,0.01601533,-0.01423139,0.00304658,-0.02457919,0.1045817,0.00029888,1.0,0.0,0.0,0.018973,889659.12,0.019029
2026-02-10,880990.28,0.01601533,-0.02457919,0.660153,0.357686,0.530466,0.01601533,-0.01423139,0.00304658,-0.02457919,0.1045817,0.00029888,1.0,0.0,0.0,0.023524,885531.7,0.02358
2026-02-11,883353.17,0.01601533,-0.02457919,0.660153,0.357686,0.530466,0.01601533,-0.01423139,0.00304658,-0.02457919,0.1045817,0.00029888,1.0,0.0,0.0,0.020905,887906.77,0.020961
2026-02-12,865386.76,0.01601533,-0.02457919,0.660153,0.357686,0.530466,0.01601533,-0.01423139,0.00304658,-0.02457919,0.1045817,0.00029888,1.0,0.0,0.0,0.040819,869847.74,0.040874
2026-02-13,867230.9,0.01601533,-0.02457919,0.660153,0.357686,0.530466,0.01601533,-0.01423139,0.00304658,-0.02457919,0.1045817,0.00029888,1.0,0.0,0.0,0.038775,871701.39,0.03883
2026-02-17,866337.63,0.01601533,-0.02457919,0.660153,0.357686,0.530466,0.01601533,-0.01423139,0.00304658,-0.02457919,0.1045817,0.00029888,1.0,0.0,0.0,0.039765,870803.51,0.03982
2026-02-18,872806.69,0.01601533,-0.02457919,0.660153,0.357686,0.530466,0.01601533,-0.01423139,0.00304658,-0.02457919,0.1045817,0.00029888,1.0,0.0,0.0,0.032595,877305.92,0.03265
2026-02-19,869464.08,0.01601533,-0.02457919,0.660153,0.357686,0.530466,0.01601533,-0.01423139,0.00304658,-0.02457919,0.1045817,0.00029888,1.0,0.0,0.0,0.0363,873946.09,0.036355
2026-02-20,877157.86,0.01601533,-0.02457919,0.660153,0.357686,0.530466,0.01601533,-0.01423139,0.00304658,-0.02457919,0.1045817,0.00029888,1.0,0.0,0.0,0.027772,881679.52,0.027828
2026-02-23,866496.09,0.01601533,-0.02457919,0.660153,0.357686,0.530466,0.01601533,-0.01423139,0.00304658,-0.02457919,0.1045817,0.00029888,1.0,0.0,0.0,0.039589,870962.79,0.039644
2026-02-24,875803.53,0.01601533,-0.02457919,0.660153,0.357686,0.530466,0.01601533,-0.01423139,0.00304658,-0.02457919,0.1045817,0.00029888,1.0,0.0,0.0,0.029273,880318.21,0.029329
2026-02-25,888496.75,0.01601533,-0.02457919,0.660153,0.357686,0.530466,0.01601533,-0.01423139,0.00304658,-0.02457919,0.1045817,0.00029888,1.0,0.0,0.0,0.015204,893076.86,0.015261
2026-02-26,877777.38,0.01601533,-0.02457919,0.660153,0.357686,0.530466,0.01601533,-0.01423139,0.00304658,-0.02457919,0.1045817,0.00029888,1.0,0.0,0.0,0.027085,882302.24,0.027141
2026-02-27,874967.85,0.01601533,-0.02457919,0.660153,0.357686,0.530466,0.01601533,-0.01423139,0.00304658,-0.02457919,0.1045817,0.00029888,1.0,0.0,0.0,0.030199,879478.23,0.030255
2026-03-02,886120.54,0.02137338,-0.0391061,0.713734,0.303661,0.53225,0.02137338,-0.01963389,0.00322495,-0.0391061,-0.10648978,9.964e-05,1.0,0.0,0.0,0.017838,890636.86,0.017951
2026-03-03,876634.03,0.02137338,-0.0391061,0.713734,0.303661,0.53225,0.02137338,-0.01963389,0.00322495,-0.0391061,-0.10648978,9.964e-05,1.0,0.0,0.0,0.028352,881102.0,0.028465
2026-03-04,889996.71,0.02137338,-0.0391061,0.713734,0.303661,0.53225,0.02137338,-0.01963389,0.00322495,-0.0391061,-0.10648978,9.964e-05,1.0,0.0,0.0,0.013542,894532.78,0.013655
2026-03-05,887315.39,0.02137338,-0.0391061,0.713734,0.303661,0.53225,0.02137338,-0.01963389,0.00322495,-0.0391061,-0.10648978,9.964e-05,1.0,0.0,0.0,0.016513,891837.79,0.016627
2026-03-06,873967.3,0.02137338,-0.0391061,0.713734,0.303661,0.53225,0.02137338,-0.01963389,0.00322495,-0.0391061,-0.10648978,9.964e-05,1.0,0.0,0.0,0.031308,878421.67,0.03142
2026-03-09,885639.64,0.02137338,-0.0391061,0.713734,0.303661,0.53225,0.02137338,-0.01963389,0.00322495,-0.0391061,-0.10648978,9.964e-05,1.0,0.0,0.0,0.018371,890153.5,0.018484
2026-03-10,885654.22,0.02137338,-0.0391061,0.713734,0.303661,0.53225,0.02137338,-0.01963389,0.00322495,-0.0391061,-0.10648978,9.964e-05,1.0,0.0,0.0,0.018355,890168.16,0.018468
2026-03-11,885537.62,0.02137338,-0.0391061,0.713734,0.303661,0.53225,0.02137338,-0.01963389,0.00322495,-0.0391061,-0.10648978,9.964e-05,1.0,0.0,0.0,0.018484,890050.96,0.018597
2026-03-12,870338.83,0.02137338,-0.0391061,0.713734,0.303661,0.53225,0.02137338,-0.01963389,0.00322495,-0.0391061,-0.10648978,9.964e-05,1.0,0.0,0.0,0.03533,874774.71,0.035441
2026-03-13,865180.22,0.02137338,-0.0391061,0.713734,0.303661,0.53225,0.02137338,-0.01963389,0.00322495,-0.0391061,-0.10648978,9.964e-05,1.0,0.0,0.0,0.041048,869589.81,0.041158
2026-03-16,874885.35,0.02137338,-0.0391061,0.713734,0.303661,0.53225,0.02137338,-0.01963389,0.00322495,-0.0391061,-0.10648978,9.964e-05,1.0,0.0,0.0,0.030291,879344.4,0.030403
2026-03-17,879154.99,0.02137338,-0.0391061,0.713734,0.303661,0.53225,0.02137338,-0.01963389,0.00322495,-0.0391061,-0.10648978,9.964e-05,1.0,0.0,0.0,0.025558,883635.8,0.025671
2026-03-18,866899.82,0.02137338,-0.0391061,0.713734,0.303661,0.53225,0.02137338,-0.01963389,0.00322495,-0.0391061,-0.10648978,9.964e-05,1.0,0.0,0.0,0.039142,871318.17,0.039253
2026-03-19,864160.24,0.02137338,-0.0391061,0.713734,0.303661,0.53225,0.02137338,-0.01963389,0.00322495,-0.0391061,-0.10648978,9.964e-05,1.0,0.0,0.0,0.042178,868564.63,0.042289
2026-03-20,848189.08,0.02137338,-0.0391061,0.713734,0.303661,0.53225,0.02137338,-0.01963389,0.00322495,-0.0391061,-0.10648978,9.964e-05,1.0,0.0,0.0,0.05988,852512.07,0.059989
2026-03-23,856844.97,0.02137338,-0.0391061,0.713734,0.303661,0.53225,0.02137338,-0.01963389,0.00322495,-0.0391061,-0.10648978,9.964e-05,1.0,0.0,0.0,0.050286,861212.07,0.050396
2026-03-24,850986.92,0.02137338,-0.0391061,0.713734,0.303661,0.53225,0.02137338,-0.01963389,0.00322495,-0.0391061,-0.10648978,9.964e-05,1.0,0.0,0.0,0.056779,855324.17,0.056888
2026-03-25,856582.68,0.02137338,-0.0391061,0.713734,0.303661,0.53225,0.02137338,-0.01963389,0.00322495,-0.0391061,-0.10648978,9.964e-05,1.0,0.0,0.0,0.050577,860948.45,0.050687
2026-03-26,836137.85,0.02137338,-0.0391061,0.713734,0.303661,0.53225,0.02137338,-0.01963389,0.00322495,-0.0391061,-0.10648978,9.964e-05,1.0,0.0,0.0,0.073238,840399.42,0.073345
2026-03-27,819802.48,0.02137338,-0.0391061,0.713734,0.303661,0.53225,0.02137338,-0.01963389,0.00322495,-0.0391061,-0.10648978,9.964e-05,1.0,0.0,0.0,0.091344,823980.79,0.091449
2026-03-30,813536.45,0.02137338,-0.0391061,0.713734,0.303661,0.53225,0.02137338,-0.01963389,0.00322495,-0.0391061,-0.10648978,9.964e-05,1.0,0.0,0.0,0.098289,817682.82,0.098393
2026-03-31,841077.84,0.02137338,-0.0391061,0.713734,0.303661,0.53225,0.02137338,-0.01963389,0.00322495,-0.0391061,-0.10648978,9.964e-05,1.0,0.0,0.0,0.067762,845364.59,0.06787
2026-04-01,861467.83,0.02187535,0.15375405,0.718753,0.406611,0.540598,0.02187535,-0.00933887,0.00405977,0.15375405,-0.03343843,0.00019927,1.0,0.0,0.0,0.045162,865807.52,0.045329
2026-04-02,862455.6,0.02187535,0.15375405,0.718753,0.406611,0.540598,0.02187535,-0.00933887,0.00405977,0.15375405,-0.03343843,0.00019927,1.0,0.0,0.0,0.044068,866800.28,0.044234
2026-04-06,867645.29,0.02187535,0.15375405,0.718753,0.406611,0.540598,0.02187535,-0.00933887,0.00405977,0.15375405,-0.03343843,0.00019927,1.0,0.0,0.0,0.038315,872016.1,0.038483
2026-04-07,867778.02,0.02187535,0.15375405,0.718753,0.406611,0.540598,0.02187535,-0.00933887,0.00405977,0.15375405,-0.03343843,0.00019927,1.0,0.0,0.0,0.038168,872149.5,0.038336
2026-04-08,893578.85,0.02187535,0.15375405,0.718753,0.406611,0.540598,0.02187535,-0.00933887,0.00405977,0.15375405,-0.03343843,0.00019927,1.0,0.0,0.0,0.009571,898080.31,0.009744
2026-04-09,899623.58,0.02187535,0.15375405,0.718753,0.406611,0.540598,0.02187535,-0.00933887,0.00405977,0.15375405,-0.03343843,0.00019927,1.0,0.0,0.0,0.002871,904155.49,0.003045
2026-04-10,900921.0,0.02187535,0.15375405,0.718753,0.406611,0.540598,0.02187535,-0.00933887,0.00405977,0.15375405,-0.03343843,0.00019927,1.0,0.0,0.0,0.001433,905459.45,0.001607
2026-04-13,910238.8,0.02187535,0.15375405,0.718753,0.406611,0.540598,0.02187535,-0.00933887,0.00405977,0.15375405,-0.03343843,0.00019927,1.0,0.0,0.0,0.0,914824.19,0.0
2026-04-14,926766.03,0.02187535,0.15375405,0.718753,0.406611,0.540598,0.02187535,-0.00933887,0.00405977,0.15375405,-0.03343843,0.00019927,1.0,0.0,0.0,0.0,931434.67,0.0
2026-04-15,939740.23,0.02187535,0.15375405,0.718753,0.406611,0.540598,0.02187535,-0.00933887,0.00405977,0.15375405,-0.03343843,0.00019927,1.0,0.0,0.0,0.0,944474.23,0.0
2026-04-16,944266.36,0.02187535,0.15375405,0.718753,0.406611,0.540598,0.02187535,-0.00933887,0.00405977,0.15375405,-0.03343843,0.00019927,1.0,0.0,0.0,0.0,949023.16,0.0
2026-04-17,956621.28,0.02187535,0.15375405,0.718753,0.406611,0.540598,0.02187535,-0.00933887,0.00405977,0.15375405,-0.03343843,0.00019927,1.0,0.0,0.0,0.0,961440.32,0.0
2026-04-20,953584.16,0.02187535,0.15375405,0.718753,0.406611,0.540598,0.02187535,-0.00933887,0.00405977,0.15375405,-0.03343843,0.00019927,1.0,0.0,0.0,0.003175,958387.9,0.003175
2026-04-21,949957.35,0.02187535,0.15375405,0.718753,0.406611,0.540598,0.02187535,-0.00933887,0.00405977,0.15375405,-0.03343843,0.00019927,1.0,0.0,0.0,0.006966,954742.82,0.006966
2026-04-22,965850.62,0.02187535,0.15375405,0.718753,0.406611,0.540598,0.02187535,-0.00933887,0.00405977,0.15375405,-0.03343843,0.00019927,1.0,0.0,0.0,0.0,970716.15,0.0
2026-04-23,960410.33,0.02187535,0.15375405,0.718753,0.406611,0.540598,0.02187535,-0.00933887,0.00405977,0.15375405,-0.03343843,0.00019927,1.0,0.0,0.0,0.005633,965248.45,0.005633
2026-04-24,978780.56,0.02187535,0.15375405,0.718753,0.406611,0.540598,0.02187535,-0.00933887,0.00405977,0.15375405,-0.03343843,0.00019927,1.0,0.0,0.0,0.0,983711.22,0.0
2026-04-27,979296.54,0.02187535,0.15375405,0.718753,0.406611,0.540598,0.02187535,-0.00933887,0.00405977,0.15375405,-0.03343843,0.00019927,1.0,0.0,0.0,0.0,984229.8,0.0
2026-04-28,969448.0,0.02187535,0.15375405,0.718753,0.406611,0.540598,0.02187535,-0.00933887,0.00405977,0.15375405,-0.03343843,0.00019927,1.0,0.0,0.0,0.010057,974331.65,0.010057
2026-04-29,975374.85,0.02187535,0.15375405,0.718753,0.406611,0.540598,0.02187535,-0.00933887,0.00405977,0.15375405,-0.03343843,0.00019927,1.0,0.0,0.0,0.004005,980288.36,0.004005
2026-04-30,984471.46,0.02187535,0.15375405,0.718753,0.406611,0.540598,0.02187535,-0.00933887,0.00405977,0.15375405,-0.03343843,0.00019927,1.0,0.0,0.0,0.0,989430.8,0.0
2026-05-01,1003921.99,0.00332408,0.10174288,0.533241,0.533287,0.532252,0.00332408,0.00332874,0.00322521,0.10174288,-0.02816764,-9.961e-05,0.9,0.1,0.0,0.0,1008928.93,0.0
2026-05-04,1000210.48,0.00332408,0.10174288,0.533241,0.533287,0.532252,0.00332408,0.00332874,0.00322521,0.10174288,-0.02816764,-9.961e-05,0.9,0.1,0.0,0.003697,1007028.23,0.001884
2026-05-05,1012755.39,0.00332408,0.10174288,0.533241,0.533287,0.532252,0.00332408,0.00332874,0.00322521,0.10174288,-0.02816764,-9.961e-05,0.9,0.1,0.0,0.0,1020093.47,0.0
2026-05-06,1034743.87,0.00332408,0.10174288,0.533241,0.533287,0.532252,0.00332408,0.00332874,0.00322521,0.10174288,-0.02816764,-9.961e-05,0.9,0.1,0.0,0.0,1041285.29,0.0
2026-05-07,1033802.24,0.00332408,0.10174288,0.533241,0.533287,0.532252,0.00332408,0.00332874,0.00322521,0.10174288,-0.02816764,-9.961e-05,0.9,0.1,0.0,0.00091,1040043.09,0.001193
2026-05-08,1056130.71,0.00332408,0.10174288,0.533241,0.533287,0.532252,0.00332408,0.00332874,0.00322521,0.10174288,-0.02816764,-9.961e-05,0.9,0.1,0.0,0.0,1064422.58,0.0
2026-05-11,1059100.39,0.00332408,0.10174288,0.533241,0.533287,0.532252,0.00332408,0.00332874,0.00322521,0.10174288,-0.02816764,-9.961e-05,0.9,0.1,0.0,0.0,1067505.56,0.0
2026-05-12,1050583.85,0.00332408,0.10174288,0.533241,0.533287,0.532252,0.00332408,0.00332874,0.00322521,0.10174288,-0.02816764,-9.961e-05,0.9,0.1,0.0,0.008041,1058451.18,0.008482
2026-05-13,1060019.09,0.00332408,0.10174288,0.533241,0.533287,0.532252,0.00332408,0.00332874,0.00322521,0.10174288,-0.02816764,-9.961e-05,0.9,0.1,0.0,0.0,1069630.79,0.0
2026-05-14,1066047.0,0.00332408,0.10174288,0.533241,0.533287,0.532252,0.00332408,0.00332874,0.00322521,0.10174288,-0.02816764,-9.961e-05,0.9,0.1,0.0,0.0,1077233.42,0.0
2026-05-15,1049138.56,0.00332408,0.10174288,0.533241,0.533287,0.532252,0.00332408,0.00332874,0.00322521,0.10174288,-0.02816764,-9.961e-05,0.9,0.1,0.0,0.015861,1060980.43,0.015088
2026-05-18,1045321.25,0.00332408,0.10174288,0.533241,0.533287,0.532252,0.00332408,0.00332874,0.00322521,0.10174288,-0.02816764,-9.961e-05,0.9,0.1,0.0,0.019442,1056415.84,0.019325
2026-05-19,1037847.17,0.00332408,0.10174288,0.533241,0.533287,0.532252,0.00332408,0.00332874,0.00322521,0.10174288,-0.02816764,-9.961e-05,0.9,0.1,0.0,0.026453,1049905.69,0.025368
2026-05-20,1054820.55,0.00332408,0.10174288,0.533241,0.533287,0.532252,0.00332408,0.00332874,0.00322521,0.10174288,-0.02816764,-9.961e-05,0.9,0.1,0.0,0.010531,1067296.1,0.009225
2026-05-21,1056546.0,0.00332408,0.10174288,0.533241,0.533287,0.532252,0.00332408,0.00332874,0.00322521,0.10174288,-0.02816764,-9.961e-05,0.9,0.1,0.0,0.008912,1069331.45,0.007335
2026-05-22,1059854.89,0.00332408,0.10174288,0.533241,0.533287,0.532252,0.00332408,0.00332874,0.00322521,0.10174288,-0.02816764,-9.961e-05,0.9,0.1,0.0,0.005808,1073866.08,0.003126
2026-05-26,1076972.45,0.00332408,0.10174288,0.533241,0.533287,0.532252,0.00332408,0.00332874,0.00322521,0.10174288,-0.02816764,-9.961e-05,0.9,0.1,0.0,0.0,1092932.77,0.0
2026-05-27,1074552.87,0.00332408,0.10174288,0.533241,0.533287,0.532252,0.00332408,0.00332874,0.00322521,0.10174288,-0.02816764,-9.961e-05,0.9,0.1,0.0,0.002247,1091690.57,0.001137
2026-05-28,1083810.71,0.00332408,0.10174288,0.533241,0.533287,0.532252,0.00332408,0.00332874,0.00322521,0.10174288,-0.02816764,-9.961e-05,0.9,0.1,0.0,0.0,1100894.57,0.0
2026-05-29,1088474.78,0.00332408,0.10174288,0.533241,0.533287,0.532252,0.00332408,0.00332874,0.00322521,0.10174288,-0.02816764,-9.961e-05,0.9,0.1,0.0,0.0,1104950.37,0.0
2026-06-01,1103021.9,0.00803654,,0.580365,0.568762,0.540598,0.00803654,0.00687623,0.00405979,,,,0.9,0.1,0.0,0.0,1121580.27,0.0
2026-06-02,1107777.99,0.00803654,,0.580365,0.568762,0.540598,0.00803654,0.00687623,0.00405979,,,,0.9,0.1,0.0,0.0,1126744.64,0.0
2026-06-03,1104077.47,0.00803654,,0.580365,0.568762,0.540598,0.00803654,0.00687623,0.00405979,,,,0.9,0.1,0.0,0.00334,1123800.1,0.002613
2026-06-04,1100177.69,0.00803654,,0.580365,0.568762,0.540598,0.00803654,0.00687623,0.00405979,,,,0.9,0.1,0.0,0.006861,1118363.84,0.007438
2026-06-05,1048631.72,0.00803654,,0.580365,0.568762,0.540598,0.00803654,0.00687623,0.00405979,,,,0.9,0.1,0.0,0.053392,1064681.31,0.055082
