date,asset,estimator,eps_revision_score,forward_peg_score,fcf_yield_minus_tbill,ai_profit_conversion_score,top_weight_concentration,breadth_200dma,crowding_score,asset_extension_200dma,asset_rsi_14,asset_return_63d,score,predicted_1m_return,actual_forward_1m_return,actual_forward_1m_avg_return,label_end_i,max_train_label_end_i,actual_up,actual_avg_up,prediction_error,model_coefficients,sample_size
2021-06-01,QQQ,model_walk_forward,,,,,,,,0.08279203,59.14740945,0.04528899,0.5,0.0,0.06535064,0.03295391,274,,1,1,-0.06535064,"{""return_intercept"": 0.0, ""score_intercept"": 0.5, ""score_oos_orientation_samples"": 0, ""score_orientation"": 1, ""score_orientation_source"": 0, ""score_probability_component"": 0.5, ""score_raw"": 0.5, ""score_return_component"": 0.5, ""score_selected_component"": 0, ""score_selected_component_samples"": 0}",0
2021-06-01,GLD,model_walk_forward,,,,,,,,0.02763639,76.76571153,0.09537584,0.5,0.0,-0.06576727,-0.03860439,274,,0,0,0.06576727,"{""return_intercept"": 0.0, ""score_intercept"": 0.5, ""score_oos_orientation_samples"": 0, ""score_orientation"": 1, ""score_orientation_source"": 0, ""score_probability_component"": 0.5, ""score_raw"": 0.5, ""score_return_component"": 0.5, ""score_selected_component"": 0, ""score_selected_component_samples"": 0}",0
2021-06-01,SGOV,model_walk_forward,,,,,,,,6.826e-05,53.84796121,-4.996e-05,0.5,0.0,-3.997e-05,-1.819e-05,274,,0,0,3.997e-05,"{""return_intercept"": 0.0, ""score_intercept"": 0.5, ""score_oos_orientation_samples"": 0, ""score_orientation"": 1, ""score_orientation_source"": 0, ""score_probability_component"": 0.5, ""score_raw"": 0.5, ""score_return_component"": 0.5, ""score_selected_component"": 0, ""score_selected_component_samples"": 0}",0
2021-07-01,QQQ,model_walk_forward,,,,,,,,0.12891676,74.03533564,0.09242998,0.5,0.0,0.02828778,0.02164794,295,,1,1,-0.02828778,"{""return_intercept"": 0.0, ""score_intercept"": 0.5, ""score_oos_orientation_samples"": 0, ""score_orientation"": 1, ""score_orientation_source"": 0, ""score_probability_component"": 0.5, ""score_raw"": 0.5, ""score_return_component"": 0.5, ""score_selected_component"": 0, ""score_selected_component_samples"": 0}",0
2021-07-01,GLD,model_walk_forward,,,,,,,,-0.03253355,22.61767741,0.02605261,0.5,0.0,0.02051747,0.01818522,295,,1,1,-0.02051747,"{""return_intercept"": 0.0, ""score_intercept"": 0.5, ""score_oos_orientation_samples"": 0, ""score_orientation"": 1, ""score_orientation_source"": 0, ""score_probability_component"": 0.5, ""score_raw"": 0.5, ""score_return_component"": 0.5, ""score_selected_component"": 0, ""score_selected_component_samples"": 0}",0
2021-07-01,SGOV,model_walk_forward,,,,,,,,2.264e-05,46.87723059,-3.997e-05,0.5,0.0,-6.003e-05,2.376e-05,295,,0,1,6.003e-05,"{""return_intercept"": 0.0, ""score_intercept"": 0.5, ""score_oos_orientation_samples"": 0, ""score_orientation"": 1, ""score_orientation_source"": 0, ""score_probability_component"": 0.5, ""score_raw"": 0.5, ""score_return_component"": 0.5, ""score_selected_component"": 0, ""score_selected_component_samples"": 0}",0
2021-08-02,QQQ,model_walk_forward,,,,,,,,0.12880639,53.52521649,0.0845058,0.5,0.0,0.0438288,0.01608985,317,274,1,1,-0.0438288,"{""return_intercept"": 0.0, ""score_intercept"": 0.5, ""score_oos_orientation_samples"": 1, ""score_orientation"": 1, ""score_orientation_source"": 0, ""score_probability_component"": 0.5, ""score_raw"": 0.5, ""score_return_component"": 0.5, ""score_selected_component"": 0, ""score_selected_component_samples"": 1}",1
2021-08-02,GLD,model_walk_forward,,,,,,,,-0.00694744,51.87680179,0.01072644,0.5,0.0,0.00053061,-0.01471826,317,274,1,0,-0.00053061,"{""return_intercept"": 0.0, ""score_intercept"": 0.5, ""score_oos_orientation_samples"": 1, ""score_orientation"": 1, ""score_orientation_source"": 0, ""score_probability_component"": 0.5, ""score_raw"": 0.5, ""score_return_component"": 0.5, ""score_selected_component"": 0, ""score_selected_component_samples"": 1}",1
2021-08-02,SGOV,model_walk_forward,,,,,,,,-4.524e-05,42.64557398,-0.00014995,0.5,0.0,0.00010001,8.181e-05,317,274,1,1,-0.00010001,"{""return_intercept"": 0.0, ""score_intercept"": 0.5, ""score_oos_orientation_samples"": 1, ""score_orientation"": 1, ""score_orientation_source"": 0, ""score_probability_component"": 0.5, ""score_raw"": 0.5, ""score_return_component"": 0.5, ""score_selected_component"": 0, ""score_selected_component_samples"": 1}",1
2021-09-01,QQQ,model_walk_forward,,,,,,,,0.14447479,70.40975876,0.15327269,0.5,0.0,-0.05360238,-0.02178502,338,295,0,0,0.05360238,"{""return_intercept"": 0.0, ""score_intercept"": 0.5, ""score_oos_orientation_samples"": 2, ""score_orientation"": 1, ""score_orientation_source"": 0, ""score_probability_component"": 0.5, ""score_raw"": 0.5, ""score_return_component"": 0.5, ""score_selected_component"": 0, ""score_selected_component_samples"": 2}",2
2021-09-01,GLD,model_walk_forward,,,,,,,,0.00067634,75.0,-0.03177958,0.5,0.0,-0.03011197,-0.02299855,338,295,0,0,0.03011197,"{""return_intercept"": 0.0, ""score_intercept"": 0.5, ""score_oos_orientation_samples"": 2, ""score_orientation"": 1, ""score_orientation_source"": 0, ""score_probability_component"": 0.5, ""score_raw"": 0.5, ""score_return_component"": 0.5, ""score_selected_component"": 0, ""score_selected_component_samples"": 2}",2
2021-09-01,SGOV,model_walk_forward,,,,,,,,4.776e-05,55.55555556,5.004e-05,0.5,0.0,-0.0001,-6.2e-06,338,295,0,0,0.0001,"{""return_intercept"": 0.0, ""score_intercept"": 0.5, ""score_oos_orientation_samples"": 2, ""score_orientation"": 1, ""score_orientation_source"": 0, ""score_probability_component"": 0.5, ""score_raw"": 0.5, ""score_return_component"": 0.5, ""score_selected_component"": 0, ""score_selected_component_samples"": 2}",2
2021-10-01,QQQ,model_walk_forward,,,,,,,,0.05876655,30.75086478,0.00429394,0.5,0.0,0.07565662,0.0278168,359,317,1,1,-0.07565662,"{""return_intercept"": 0.0, ""score_intercept"": 0.5, ""score_oos_orientation_samples"": 3, ""score_orientation"": 1, ""score_orientation_source"": 0, ""score_probability_component"": 0.5, ""score_raw"": 0.5, ""score_return_component"": 0.5, ""score_selected_component"": 0, ""score_selected_component_samples"": 3}",3
2021-10-01,GLD,model_walk_forward,,,,,,,,-0.02532245,40.77323889,-0.01613962,0.5,0.0,0.01780186,0.01019852,359,317,1,1,-0.01780186,"{""return_intercept"": 0.0, ""score_intercept"": 0.5, ""score_oos_orientation_samples"": 3, ""score_orientation"": 1, ""score_orientation_source"": 0, ""score_probability_component"": 0.5, ""score_raw"": 0.5, ""score_return_component"": 0.5, ""score_selected_component"": 0, ""score_selected_component_samples"": 3}",3
2021-10-01,SGOV,model_walk_forward,,,,,,,,-6.234e-05,42.18619928,-6.003e-05,0.5,0.0,4.997e-05,5.237e-05,359,317,1,1,-4.997e-05,"{""return_intercept"": 0.0, ""score_intercept"": 0.5, ""score_oos_orientation_samples"": 3, ""score_orientation"": 1, ""score_orientation_source"": 0, ""score_probability_component"": 0.5, ""score_raw"": 0.5, ""score_return_component"": 0.5, ""score_selected_component"": 0, ""score_selected_component_samples"": 3}",3
2021-11-01,QQQ,model_walk_forward,,,,,,,,0.11877467,90.26859743,0.05621438,0.5,0.0,-0.00080014,0.02138269,380,338,0,1,0.00080014,"{""return_intercept"": 0.0, ""score_intercept"": 0.5, ""score_oos_orientation_samples"": 4, ""score_orientation"": 1, ""score_orientation_source"": 0, ""score_probability_component"": 0.5, ""score_raw"": 0.5, ""score_return_component"": 0.5, ""score_selected_component"": 0, ""score_selected_component_samples"": 4}",4
2021-11-01,GLD,model_walk_forward,,,,,,,,-0.00177184,59.68835255,-0.01162311,0.5,0.0,-0.00811844,0.01488945,380,338,0,1,0.00811844,"{""return_intercept"": 0.0, ""score_intercept"": 0.5, ""score_oos_orientation_samples"": 4, ""score_orientation"": 1, ""score_orientation_source"": 0, ""score_probability_component"": 0.5, ""score_raw"": 0.5, ""score_return_component"": 0.5, ""score_selected_component"": 0, ""score_selected_component_samples"": 4}",4
2021-11-01,SGOV,model_walk_forward,,,,,,,,-1.912e-05,50.0,-5.004e-05,0.5,0.0,-4.996e-05,1.953e-05,380,338,0,1,4.996e-05,"{""return_intercept"": 0.0, ""score_intercept"": 0.5, ""score_oos_orientation_samples"": 4, ""score_orientation"": 1, ""score_orientation_source"": 0, ""score_probability_component"": 0.5, ""score_raw"": 0.5, ""score_return_component"": 0.5, ""score_selected_component"": 0, ""score_selected_component_samples"": 4}",4
2021-12-01,QQQ,model_walk_forward,,,,,,,,0.09530266,47.6600604,0.01718432,0.5,0.0,0.02771753,0.01645486,401,359,1,1,-0.02771753,"{""return_intercept"": 0.0, ""score_intercept"": 0.5, ""score_oos_orientation_samples"": 5, ""score_orientation"": 1, ""score_orientation_source"": 0, ""score_probability_component"": 0.5, ""score_raw"": 0.5, ""score_return_component"": 0.5, ""score_selected_component"": 0, ""score_selected_component_samples"": 5}",5
2021-12-01,GLD,model_walk_forward,,,,,,,,-0.00865722,25.15996232,-0.0208603,0.5,0.0,0.02888784,0.00816194,401,359,1,1,-0.02888784,"{""return_intercept"": 0.0, ""score_intercept"": 0.5, ""score_oos_orientation_samples"": 5, ""score_orientation"": 1, ""score_orientation_source"": 0, ""score_probability_component"": 0.5, ""score_raw"": 0.5, ""score_return_component"": 0.5, ""score_selected_component"": 0, ""score_selected_component_samples"": 5}",5
2021-12-01,SGOV,model_walk_forward,,,,,,,,-7.663e-05,38.46244257,-0.0001,0.5,0.0,0.00010001,5.046e-05,401,359,1,1,-0.00010001,"{""return_intercept"": 0.0, ""score_intercept"": 0.5, ""score_oos_orientation_samples"": 5, ""score_orientation"": 1, ""score_orientation_source"": 0, ""score_probability_component"": 0.5, ""score_raw"": 0.5, ""score_return_component"": 0.5, ""score_selected_component"": 0, ""score_selected_component_samples"": 5}",5
2022-01-03,QQQ,model_walk_forward,,,,,,,,0.10980852,57.65603809,0.13912994,0.5,0.0,-0.08262797,-0.08254734,423,401,0,0,0.08262797,"{""return_intercept"": 0.0, ""score_intercept"": 0.5, ""score_oos_orientation_samples"": 7, ""score_orientation"": 1, ""score_orientation_source"": 0, ""score_probability_component"": 0.5, ""score_raw"": 0.5, ""score_return_component"": 0.5, ""score_selected_component"": 0, ""score_selected_component_samples"": 7}",7
2022-01-03,GLD,model_walk_forward,,,,,,,,0.00136259,54.90775473,0.01796082,0.5,0.0,0.00302973,0.00736364,423,401,1,1,-0.00302973,"{""return_intercept"": 0.0, ""score_intercept"": 0.5, ""score_oos_orientation_samples"": 7, ""score_orientation"": 1, ""score_orientation_source"": 0, ""score_probability_component"": 0.5, ""score_raw"": 0.5, ""score_return_component"": 0.5, ""score_selected_component"": 0, ""score_selected_component_samples"": 7}",7
2022-01-03,SGOV,model_walk_forward,,,,,,,,-2.797e-05,46.02905195,-1.007e-05,0.5,0.0,0.0,9.55e-06,423,401,0,1,0.0,"{""return_intercept"": 0.0, ""score_intercept"": 0.5, ""score_oos_orientation_samples"": 7, ""score_orientation"": 1, ""score_orientation_source"": 0, ""score_probability_component"": 0.5, ""score_raw"": 0.5, ""score_return_component"": 0.5, ""score_selected_component"": 0, ""score_selected_component_samples"": 7}",7
2022-02-01,QQQ,model_walk_forward,,,,,,,,-0.00140455,37.33148572,-0.05655216,0.5,0.0,-0.06363531,-0.04315441,443,401,0,0,0.06363531,"{""return_intercept"": 0.0, ""score_intercept"": 0.5, ""score_oos_orientation_samples"": 7, ""score_orientation"": 1, ""score_orientation_source"": 0, ""score_probability_component"": 0.5, ""score_raw"": 0.5, ""score_return_component"": 0.5, ""score_selected_component"": 0, ""score_selected_component_samples"": 7}",7
2022-02-01,GLD,model_walk_forward,,,,,,,,-0.0033647,42.41533517,0.00423825,0.5,0.0,0.07471918,0.03873385,443,401,1,1,-0.07471918,"{""return_intercept"": 0.0, ""score_intercept"": 0.5, ""score_oos_orientation_samples"": 7, ""score_orientation"": 1, ""score_orientation_source"": 0, ""score_probability_component"": 0.5, ""score_raw"": 0.5, ""score_return_component"": 0.5, ""score_selected_component"": 0, ""score_selected_component_samples"": 7}",7
2022-02-01,SGOV,model_walk_forward,,,,,,,,4.475e-05,55.07519176,7.002e-05,0.5,0.0,-1.998e-05,-3.286e-05,443,401,0,0,1.998e-05,"{""return_intercept"": 0.0, ""score_intercept"": 0.5, ""score_oos_orientation_samples"": 7, ""score_orientation"": 1, ""score_orientation_source"": 0, ""score_probability_component"": 0.5, ""score_raw"": 0.5, ""score_return_component"": 0.5, ""score_selected_component"": 0, ""score_selected_component_samples"": 7}",7
2022-03-01,QQQ,model_walk_forward,,,,,,,,-0.07125495,39.72011377,-0.14561288,0.5,0.0,0.06164168,0.01052076,463,423,1,1,-0.06164168,"{""return_intercept"": 0.0, ""score_intercept"": 0.5, ""score_oos_orientation_samples"": 8, ""score_orientation"": 1, ""score_orientation_source"": 0, ""score_probability_component"": 0.5, ""score_raw"": 0.5, ""score_return_component"": 0.5, ""score_selected_component"": 0, ""score_selected_component_samples"": 8}",8
2022-03-01,GLD,model_walk_forward,,,,,,,,0.07255417,78.39789864,0.09002521,0.5,0.0,-0.00534083,0.00299579,463,423,0,1,0.00534083,"{""return_intercept"": 0.0, ""score_intercept"": 0.5, ""score_oos_orientation_samples"": 8, ""score_orientation"": 1, ""score_orientation_source"": 0, ""score_probability_component"": 0.5, ""score_raw"": 0.5, ""score_return_component"": 0.5, ""score_selected_component"": 0, ""score_selected_component_samples"": 8}",8
2022-03-01,SGOV,model_walk_forward,,,,,,,,7.568e-05,54.66476969,4.996e-05,0.5,0.0,0.00019998,1.818e-05,463,423,1,1,-0.00019998,"{""return_intercept"": 0.0, ""score_intercept"": 0.5, ""score_oos_orientation_samples"": 8, ""score_orientation"": 1, ""score_orientation_source"": 0, ""score_probability_component"": 0.5, ""score_raw"": 0.5, ""score_return_component"": 0.5, ""score_selected_component"": 0, ""score_selected_component_samples"": 8}",8
2022-04-01,QQQ,model_walk_forward,,,,,,,,-0.01942092,78.72172888,-0.09048636,0.5,0.0,-0.11985628,-0.06577865,484,463,0,0,0.11985628,"{""return_intercept"": 0.0, ""score_intercept"": 0.5, ""score_oos_orientation_samples"": 10, ""score_orientation"": 1, ""score_orientation_source"": 0, ""score_probability_component"": 0.5, ""score_raw"": 0.5, ""score_return_component"": 0.5, ""score_selected_component"": 0, ""score_selected_component_samples"": 10}",10
2022-04-01,GLD,model_walk_forward,,,,,,,,0.05561752,43.08982278,0.04995316,0.5,0.0,-0.03270192,0.00423955,484,463,0,1,0.03270192,"{""return_intercept"": 0.0, ""score_intercept"": 0.5, ""score_oos_orientation_samples"": 10, ""score_orientation"": 1, ""score_orientation_source"": 0, ""score_probability_component"": 0.5, ""score_raw"": 0.5, ""score_return_component"": 0.5, ""score_selected_component"": 0, ""score_selected_component_samples"": 10}",10
2022-04-01,SGOV,model_walk_forward,,,,,,,,6.678e-05,50.0,4.996e-05,0.5,0.0,0.0,8.349e-05,484,463,0,1,0.0,"{""return_intercept"": 0.0, ""score_intercept"": 0.5, ""score_oos_orientation_samples"": 10, ""score_orientation"": 1, ""score_orientation_source"": 0, ""score_probability_component"": 0.5, ""score_raw"": 0.5, ""score_return_component"": 0.5, ""score_selected_component"": 0, ""score_selected_component_samples"": 10}",10
2022-05-02,QQQ,model_walk_forward,,,,,,,,-0.13290817,37.97617999,-0.1227654,0.5,0.0,-0.03918617,-0.05470482,505,463,0,0,0.03918617,"{""return_intercept"": 0.0, ""score_intercept"": 0.5, ""score_oos_orientation_samples"": 10, ""score_orientation"": 1, ""score_orientation_source"": 0, ""score_probability_component"": 0.5, ""score_raw"": 0.5, ""score_return_component"": 0.5, ""score_selected_component"": 0, ""score_selected_component_samples"": 10}",10
2022-05-02,GLD,model_walk_forward,,,,,,,,0.01354746,26.5809525,0.03295859,0.5,0.0,-0.00806318,-0.00756949,505,463,0,0,0.00806318,"{""return_intercept"": 0.0, ""score_intercept"": 0.5, ""score_oos_orientation_samples"": 10, ""score_orientation"": 1, ""score_orientation_source"": 0, ""score_probability_component"": 0.5, ""score_raw"": 0.5, ""score_return_component"": 0.5, ""score_selected_component"": 0, ""score_selected_component_samples"": 10}",10
2022-05-02,SGOV,model_walk_forward,,,,,,,,5.028e-05,50.0,4.996e-05,0.5,0.0,9.999e-05,0.00021186,505,463,1,1,-9.999e-05,"{""return_intercept"": 0.0, ""score_intercept"": 0.5, ""score_oos_orientation_samples"": 10, ""score_orientation"": 1, ""score_orientation_source"": 0, ""score_probability_component"": 0.5, ""score_raw"": 0.5, ""score_return_component"": 0.5, ""score_selected_component"": 0, ""score_selected_component_samples"": 10}",10
2022-06-01,QQQ,model_walk_forward,,,,,,,,-0.15119081,59.29132833,-0.11871436,0.5,0.0,-0.07800652,-0.05428571,526,484,0,0,0.07800652,"{""return_intercept"": 0.0, ""score_intercept"": 0.5, ""score_oos_orientation_samples"": 11, ""score_orientation"": 1, ""score_orientation_source"": 0, ""score_probability_component"": 0.5, ""score_raw"": 0.5, ""score_return_component"": 0.5, ""score_selected_component"": 0, ""score_selected_component_samples"": 11}",11
2022-06-01,GLD,model_walk_forward,,,,,,,,0.00247634,48.12932692,-0.04172926,0.5,0.0,-0.02270213,-0.00671303,526,484,0,0,0.02270213,"{""return_intercept"": 0.0, ""score_intercept"": 0.5, ""score_oos_orientation_samples"": 11, ""score_orientation"": 1, ""score_orientation_source"": 0, ""score_probability_component"": 0.5, ""score_raw"": 0.5, ""score_return_component"": 0.5, ""score_selected_component"": 0, ""score_selected_component_samples"": 11}",11
2022-06-01,SGOV,model_walk_forward,,,,,,,,0.00012203,50.0,0.0002,0.5,0.0,0.0,0.00023561,526,484,0,1,0.0,"{""return_intercept"": 0.0, ""score_intercept"": 0.5, ""score_oos_orientation_samples"": 11, ""score_orientation"": 1, ""score_orientation_source"": 0, ""score_probability_component"": 0.5, ""score_raw"": 0.5, ""score_return_component"": 0.5, ""score_selected_component"": 0, ""score_selected_component_samples"": 11}",11
2022-07-01,QQQ,model_walk_forward,,,,,,,,-0.19731228,45.40221448,-0.22179622,0.04134259,-0.08346296,0.11746352,0.05406193,546,505,1,1,-0.20092649,"{""return_ai_profit_conversion_score"": 0.0, ""return_asset_extension_200dma"": 0.09553073, ""return_asset_return_63d"": -0.07227332, ""return_asset_rsi_14"": -0.03480417, ""return_breadth_200dma"": 0.0, ""return_crowding_score"": 0.0, ""return_eps_revision_score"": 0.0, ""return_fcf_yield_minus_tbill"": 0.0, ""return_forward_peg_score"": 0.0, ""return_intercept"": -0.00476877, ""return_top_weight_concentration"": 0.0, ""score_ai_profit_conversion_score"": 0.0, ""score_asset_extension_200dma"": 0.87498589, ""score_asset_return_63d"": -0.67997048, ""score_asset_rsi_14"": -0.28559282, ""score_breadth_200dma"": 0.0, ""score_crowding_score"": 0.0, ""score_eps_revision_score"": 0.0, ""score_fcf_yield_minus_tbill"": 0.0, ""score_forward_peg_score"": 0.0, ""score_intercept"": 0.5, ""score_oos_auc_for_orientation"": 0.5, ""score_oos_orientation_samples"": 12, ""score_orientation"": 1, ""score_orientation_source"": 1, ""score_probability_component"": 0.0, ""score_raw"": 0.04134259, ""score_return_component"": 0.08268518, ""score_selected_component"": 0, ""score_selected_component_auc"": 0.5, ""score_selected_component_samples"": 12, ""score_top_weight_concentration"": 0.0, ""score_train_auc_for_orientation"": 0.91666667}",12
2022-07-01,GLD,model_walk_forward,,,,,,,,-0.02195569,30.34133666,-0.06825346,0.74203164,0.03738741,-0.01954615,-0.04170335,546,505,0,0,0.05693356,"{""return_ai_profit_conversion_score"": 0.0, ""return_asset_extension_200dma"": -0.00184036, ""return_asset_return_63d"": -0.00932984, ""return_asset_rsi_14"": -0.01465256, ""return_breadth_200dma"": 0.0, ""return_crowding_score"": 0.0, ""return_eps_revision_score"": 0.0, ""return_fcf_yield_minus_tbill"": 0.0, ""return_forward_peg_score"": 0.0, ""return_intercept"": -0.00038474, ""return_top_weight_concentration"": 0.0, ""score_ai_profit_conversion_score"": 0.0, ""score_asset_extension_200dma"": -0.33591778, ""score_asset_return_63d"": 0.07157847, ""score_asset_rsi_14"": -0.11786257, ""score_breadth_200dma"": 0.0, ""score_crowding_score"": 0.0, ""score_eps_revision_score"": 0.0, ""score_fcf_yield_minus_tbill"": 0.0, ""score_forward_peg_score"": 0.0, ""score_intercept"": 0.5, ""score_oos_auc_for_orientation"": 0.5, ""score_oos_orientation_samples"": 12, ""score_orientation"": 1, ""score_orientation_source"": 1, ""score_probability_component"": 0.79712624, ""score_raw"": 0.74203164, ""score_return_component"": 0.68693704, ""score_selected_component"": 0, ""score_selected_component_auc"": 0.5, ""score_selected_component_samples"": 12, ""score_top_weight_concentration"": 0.0, ""score_train_auc_for_orientation"": 0.94444444}",12
2022-07-01,SGOV,model_walk_forward,,,,,,,,8.024e-05,47.91607209,-9.997e-05,0.5528098,7.836e-05,-9.998e-05,0.00035485,546,505,0,1,0.00017834,"{""return_ai_profit_conversion_score"": 0.0, ""return_asset_extension_200dma"": 4.555e-05, ""return_asset_return_63d"": 1.275e-05, ""return_asset_rsi_14"": -7.531e-05, ""return_breadth_200dma"": 0.0, ""return_crowding_score"": 0.0, ""return_eps_revision_score"": 0.0, ""return_fcf_yield_minus_tbill"": 0.0, ""return_forward_peg_score"": 0.0, ""return_intercept"": 2.333e-05, ""return_top_weight_concentration"": 0.0, ""score_ai_profit_conversion_score"": 0.0, ""score_asset_extension_200dma"": 0.1320974, ""score_asset_return_63d"": 0.03584918, ""score_asset_rsi_14"": -0.39078484, ""score_breadth_200dma"": 0.0, ""score_crowding_score"": 0.0, ""score_eps_revision_score"": 0.0, ""score_fcf_yield_minus_tbill"": 0.0, ""score_forward_peg_score"": 0.0, ""score_intercept"": 0.41666667, ""score_oos_auc_for_orientation"": 0.5, ""score_oos_orientation_samples"": 12, ""score_orientation"": 1, ""score_orientation_source"": 1, ""score_probability_component"": 0.60522782, ""score_raw"": 0.5528098, ""score_return_component"": 0.50039178, ""score_selected_component"": 0, ""score_selected_component_auc"": 0.5, ""score_selected_component_samples"": 12, ""score_top_weight_concentration"": 0.0, ""score_train_auc_for_orientation"": 0.8}",12
2022-08-01,QQQ,model_walk_forward,,,,,,,,-0.08573854,73.58244529,0.00644849,0.0,-0.14770893,-0.05075015,0.01265584,568,526,0,1,-0.09695878,"{""return_ai_profit_conversion_score"": 0.0, ""return_asset_extension_200dma"": 0.0858894, ""return_asset_return_63d"": -0.05945242, ""return_asset_rsi_14"": -0.02941245, ""return_breadth_200dma"": 0.0, ""return_crowding_score"": 0.0, ""return_eps_revision_score"": 0.0, ""return_fcf_yield_minus_tbill"": 0.0, ""return_forward_peg_score"": 0.0, ""return_intercept"": -0.01040244, ""return_top_weight_concentration"": 0.0, ""score_ai_profit_conversion_score"": 0.0, ""score_asset_extension_200dma"": 0.72928066, ""score_asset_return_63d"": -0.52739901, ""score_asset_rsi_14"": -0.22784242, ""score_breadth_200dma"": 0.0, ""score_crowding_score"": 0.0, ""score_eps_revision_score"": 0.0, ""score_fcf_yield_minus_tbill"": 0.0, ""score_forward_peg_score"": 0.0, ""score_intercept"": 0.46153846, ""score_oos_auc_for_orientation"": 0.5, ""score_oos_orientation_samples"": 13, ""score_orientation"": 1, ""score_orientation_source"": 1, ""score_probability_component"": 0.0, ""score_raw"": 0.0, ""score_return_component"": 0.0, ""score_selected_component"": 0, ""score_selected_component_auc"": 0.5, ""score_selected_component_samples"": 13, ""score_top_weight_concentration"": 0.0, ""score_train_auc_for_orientation"": 0.9047619}",13
2022-08-01,GLD,model_walk_forward,,,,,,,,-0.03938812,65.39584951,-0.06715282,0.58717701,0.00159113,-0.03490271,-0.00492747,568,526,0,0,0.03649385,"{""return_ai_profit_conversion_score"": 0.0, ""return_asset_extension_200dma"": -0.0062673, ""return_asset_return_63d"": -0.00263634, ""return_asset_rsi_14"": -0.0138836, ""return_breadth_200dma"": 0.0, ""return_crowding_score"": 0.0, ""return_eps_revision_score"": 0.0, ""return_fcf_yield_minus_tbill"": 0.0, ""return_forward_peg_score"": 0.0, ""return_intercept"": -0.00210147, ""return_top_weight_concentration"": 0.0, ""score_ai_profit_conversion_score"": 0.0, ""score_asset_extension_200dma"": -0.37632164, ""score_asset_return_63d"": 0.15963792, ""score_asset_rsi_14"": -0.11092733, ""score_breadth_200dma"": 0.0, ""score_crowding_score"": 0.0, ""score_eps_revision_score"": 0.0, ""score_fcf_yield_minus_tbill"": 0.0, ""score_forward_peg_score"": 0.0, ""score_intercept"": 0.46153846, ""score_oos_auc_for_orientation"": 0.5, ""score_oos_orientation_samples"": 13, ""score_orientation"": 1, ""score_orientation_source"": 1, ""score_probability_component"": 0.66639835, ""score_raw"": 0.58717701, ""score_return_component"": 0.50795567, ""score_selected_component"": 0, ""score_selected_component_auc"": 0.5, ""score_selected_component_samples"": 13, ""score_top_weight_concentration"": 0.0, ""score_train_auc_for_orientation"": 0.92857143}",13
2022-08-01,SGOV,model_walk_forward,,,,,,,,-7.273e-05,45.45391534,-0.00029981,0.63114641,3.537e-05,0.00169947,0.00088838,568,526,1,1,-0.00166411,"{""return_ai_profit_conversion_score"": 0.0, ""return_asset_extension_200dma"": 2.681e-05, ""return_asset_return_63d"": -8.59e-06, ""return_asset_rsi_14"": -4.067e-05, ""return_breadth_200dma"": 0.0, ""return_crowding_score"": 0.0, ""return_eps_revision_score"": 0.0, ""return_fcf_yield_minus_tbill"": 0.0, ""return_forward_peg_score"": 0.0, ""return_intercept"": 2.154e-05, ""return_top_weight_concentration"": 0.0, ""score_ai_profit_conversion_score"": 0.0, ""score_asset_extension_200dma"": 0.02656689, ""score_asset_return_63d"": -0.08020453, ""score_asset_rsi_14"": -0.21522044, ""score_breadth_200dma"": 0.0, ""score_crowding_score"": 0.0, ""score_eps_revision_score"": 0.0, ""score_fcf_yield_minus_tbill"": 0.0, ""score_forward_peg_score"": 0.0, ""score_intercept"": 0.38461538, ""score_oos_auc_for_orientation"": 0.5, ""score_oos_orientation_samples"": 13, ""score_orientation"": 1, ""score_orientation_source"": 1, ""score_probability_component"": 0.76211599, ""score_raw"": 0.63114641, ""score_return_component"": 0.50017683, ""score_selected_component"": 0, ""score_selected_component_auc"": 0.5, ""score_selected_component_samples"": 13, ""score_top_weight_concentration"": 0.0, ""score_train_auc_for_orientation"": 0.75}",13
2022-09-01,QQQ,model_walk_forward,,,,,,,,-0.11214666,19.69485989,-0.04764938,0.45944324,0.00086438,-0.08640613,-0.03997516,590,568,0,0,0.08727051,"{""return_ai_profit_conversion_score"": 0.0, ""return_asset_extension_200dma"": 0.05506375, ""return_asset_return_63d"": -0.05120263, ""return_asset_rsi_14"": -0.02248368, ""return_breadth_200dma"": 0.0, ""return_crowding_score"": 0.0, ""return_eps_revision_score"": 0.0, ""return_fcf_yield_minus_tbill"": 0.0, ""return_forward_peg_score"": 0.0, ""return_intercept"": -0.00456789, ""return_top_weight_concentration"": 0.0, ""score_ai_profit_conversion_score"": 0.0, ""score_asset_extension_200dma"": 0.53999464, ""score_asset_return_63d"": -0.4449464, ""score_asset_rsi_14"": -0.18165338, ""score_breadth_200dma"": 0.0, ""score_crowding_score"": 0.0, ""score_eps_revision_score"": 0.0, ""score_fcf_yield_minus_tbill"": 0.0, ""score_forward_peg_score"": 0.0, ""score_intercept"": 0.46666667, ""score_oos_auc_for_orientation"": 0.5, ""score_oos_orientation_samples"": 15, ""score_orientation"": 1, ""score_orientation_source"": 1, ""score_probability_component"": 0.41456457, ""score_raw"": 0.45944324, ""score_return_component"": 0.5043219, ""score_selected_component"": 0, ""score_selected_component_auc"": 0.5, ""score_selected_component_samples"": 15, ""score_top_weight_concentration"": 0.0, ""score_train_auc_for_orientation"": 0.89285714}",15
2022-09-01,GLD,model_walk_forward,,,,,,,,-0.07812684,15.32596847,-0.09452257,0.8234725,0.029389,0.00354721,-0.00913046,590,568,1,0,0.02584179,"{""return_ai_profit_conversion_score"": 0.0, ""return_asset_extension_200dma"": -0.00651336, ""return_asset_return_63d"": 0.00541503, ""return_asset_rsi_14"": -0.01518161, ""return_breadth_200dma"": 0.0, ""return_crowding_score"": 0.0, ""return_eps_revision_score"": 0.0, ""return_fcf_yield_minus_tbill"": 0.0, ""return_forward_peg_score"": 0.0, ""return_intercept"": -0.00545119, ""return_top_weight_concentration"": 0.0, ""score_ai_profit_conversion_score"": 0.0, ""score_asset_extension_200dma"": -0.37931894, ""score_asset_return_63d"": 0.31624276, ""score_asset_rsi_14"": -0.14538235, ""score_breadth_200dma"": 0.0, ""score_crowding_score"": 0.0, ""score_eps_revision_score"": 0.0, ""score_fcf_yield_minus_tbill"": 0.0, ""score_forward_peg_score"": 0.0, ""score_intercept"": 0.4, ""score_oos_auc_for_orientation"": 0.38888889, ""score_oos_orientation_samples"": 15, ""score_orientation"": -1, ""score_orientation_source"": 1, ""score_probability_component"": 1.0, ""score_raw"": 0.8234725, ""score_return_component"": 0.646945, ""score_selected_component"": 0, ""score_selected_component_auc"": 0.38888889, ""score_selected_component_samples"": 15, ""score_top_weight_concentration"": 0.0, ""score_train_auc_for_orientation"": 0.90740741}",15
2022-09-01,SGOV,model_walk_forward,,,,,,,,0.00011832,43.33308011,9.99e-05,0.36697915,-0.00040476,0.00059969,0.00099943,590,568,1,1,-0.00100445,"{""return_ai_profit_conversion_score"": 0.0, ""return_asset_extension_200dma"": -4.181e-05, ""return_asset_return_63d"": -0.00030647, ""return_asset_rsi_14"": 0.0001094, ""return_breadth_200dma"": 0.0, ""return_crowding_score"": 0.0, ""return_eps_revision_score"": 0.0, ""return_fcf_yield_minus_tbill"": 0.0, ""return_forward_peg_score"": 0.0, ""return_intercept"": 0.0001253, ""return_top_weight_concentration"": 0.0, ""score_ai_profit_conversion_score"": 0.0, ""score_asset_extension_200dma"": -0.14607204, ""score_asset_return_63d"": -0.04139755, ""score_asset_rsi_14"": -0.11249226, ""score_breadth_200dma"": 0.0, ""score_crowding_score"": 0.0, ""score_eps_revision_score"": 0.0, ""score_fcf_yield_minus_tbill"": 0.0, ""score_forward_peg_score"": 0.0, ""score_intercept"": 0.4, ""score_oos_auc_for_orientation"": 0.53703704, ""score_oos_orientation_samples"": 15, ""score_orientation"": 1, ""score_orientation_source"": 1, ""score_probability_component"": 0.23598207, ""score_raw"": 0.36697915, ""score_return_component"": 0.49797622, ""score_selected_component"": 0, ""score_selected_component_auc"": 0.53703704, ""score_selected_component_samples"": 15, ""score_top_weight_concentration"": 0.0, ""score_train_auc_for_orientation"": 0.77777778}",15
2022-10-03,QQQ,model_walk_forward,,,,,,,,-0.1607648,30.59453853,-0.04680092,0.18550341,-0.03785597,-0.02869889,-0.00233312,612,568,0,0,-0.00915708,"{""return_ai_profit_conversion_score"": 0.0, ""return_asset_extension_200dma"": 0.05506375, ""return_asset_return_63d"": -0.05120263, ""return_asset_rsi_14"": -0.02248368, ""return_breadth_200dma"": 0.0, ""return_crowding_score"": 0.0, ""return_eps_revision_score"": 0.0, ""return_fcf_yield_minus_tbill"": 0.0, ""return_forward_peg_score"": 0.0, ""return_intercept"": -0.00456789, ""return_top_weight_concentration"": 0.0, ""score_ai_profit_conversion_score"": 0.0, ""score_asset_extension_200dma"": 0.53999464, ""score_asset_return_63d"": -0.4449464, ""score_asset_rsi_14"": -0.18165338, ""score_breadth_200dma"": 0.0, ""score_crowding_score"": 0.0, ""score_eps_revision_score"": 0.0, ""score_fcf_yield_minus_tbill"": 0.0, ""score_forward_peg_score"": 0.0, ""score_intercept"": 0.46666667, ""score_oos_auc_for_orientation"": 0.5, ""score_oos_orientation_samples"": 15, ""score_orientation"": 1, ""score_orientation_source"": 1, ""score_probability_component"": 0.06028666, ""score_raw"": 0.18550341, ""score_return_component"": 0.31072017, ""score_selected_component"": 0, ""score_selected_component_auc"": 0.5, ""score_selected_component_samples"": 15, ""score_top_weight_concentration"": 0.0, ""score_train_auc_for_orientation"": 0.89285714}",15
2022-10-03,GLD,model_walk_forward,,,,,,,,-0.06832576,49.6939324,-0.0383612,0.76249468,0.00499787,-0.03812405,-0.02300122,612,568,0,0,0.04312193,"{""return_ai_profit_conversion_score"": 0.0, ""return_asset_extension_200dma"": -0.00651336, ""return_asset_return_63d"": 0.00541503, ""return_asset_rsi_14"": -0.01518161, ""return_breadth_200dma"": 0.0, ""return_crowding_score"": 0.0, ""return_eps_revision_score"": 0.0, ""return_fcf_yield_minus_tbill"": 0.0, ""return_forward_peg_score"": 0.0, ""return_intercept"": -0.00545119, ""return_top_weight_concentration"": 0.0, ""score_ai_profit_conversion_score"": 0.0, ""score_asset_extension_200dma"": -0.37931894, ""score_asset_return_63d"": 0.31624276, ""score_asset_rsi_14"": -0.14538235, ""score_breadth_200dma"": 0.0, ""score_crowding_score"": 0.0, ""score_eps_revision_score"": 0.0, ""score_fcf_yield_minus_tbill"": 0.0, ""score_forward_peg_score"": 0.0, ""score_intercept"": 0.4, ""score_oos_auc_for_orientation"": 0.38888889, ""score_oos_orientation_samples"": 15, ""score_orientation"": -1, ""score_orientation_source"": 1, ""score_probability_component"": 1.0, ""score_raw"": 0.76249468, ""score_return_component"": 0.52498937, ""score_selected_component"": 0, ""score_selected_component_auc"": 0.38888889, ""score_selected_component_samples"": 15, ""score_top_weight_concentration"": 0.0, ""score_train_auc_for_orientation"": 0.90740741}",15
2022-10-03,SGOV,model_walk_forward,,,,,,,,0.00057127,48.38789172,0.00069965,0.24438882,-0.00224447,-0.0001998,0.00086257,612,568,0,1,-0.00204467,"{""return_ai_profit_conversion_score"": 0.0, ""return_asset_extension_200dma"": -4.181e-05, ""return_asset_return_63d"": -0.00030647, ""return_asset_rsi_14"": 0.0001094, ""return_breadth_200dma"": 0.0, ""return_crowding_score"": 0.0, ""return_eps_revision_score"": 0.0, ""return_fcf_yield_minus_tbill"": 0.0, ""return_forward_peg_score"": 0.0, ""return_intercept"": 0.0001253, ""return_top_weight_concentration"": 0.0, ""score_ai_profit_conversion_score"": 0.0, ""score_asset_extension_200dma"": -0.14607204, ""score_asset_return_63d"": -0.04139755, ""score_asset_rsi_14"": -0.11249226, ""score_breadth_200dma"": 0.0, ""score_crowding_score"": 0.0, ""score_eps_revision_score"": 0.0, ""score_fcf_yield_minus_tbill"": 0.0, ""score_forward_peg_score"": 0.0, ""score_intercept"": 0.4, ""score_oos_auc_for_orientation"": 0.53703704, ""score_oos_orientation_samples"": 15, ""score_orientation"": 1, ""score_orientation_source"": 1, ""score_probability_component"": 0.0, ""score_raw"": 0.24438882, ""score_return_component"": 0.48877763, ""score_selected_component"": 0, ""score_selected_component_auc"": 0.53703704, ""score_selected_component_samples"": 15, ""score_top_weight_concentration"": 0.0, ""score_train_auc_for_orientation"": 0.77777778}",15
2022-11-01,QQQ,model_walk_forward,,,,,,,,-0.12285978,59.12085347,-0.14797617,0.40783105,-0.00843471,0.06764573,0.01878735,632,590,1,1,-0.07608044,"{""return_ai_profit_conversion_score"": 0.0, ""return_asset_extension_200dma"": 0.07369689, ""return_asset_return_63d"": -0.06862526, ""return_asset_rsi_14"": -0.0143737, ""return_breadth_200dma"": 0.0, ""return_crowding_score"": 0.0, ""return_eps_revision_score"": 0.0, ""return_fcf_yield_minus_tbill"": 0.0, ""return_forward_peg_score"": 0.0, ""return_intercept"": -0.00968278, ""return_top_weight_concentration"": 0.0, ""score_ai_profit_conversion_score"": 0.0, ""score_asset_extension_200dma"": 0.6300874, ""score_asset_return_63d"": -0.522033, ""score_asset_rsi_14"": -0.15102588, ""score_breadth_200dma"": 0.0, ""score_crowding_score"": 0.0, ""score_eps_revision_score"": 0.0, ""score_fcf_yield_minus_tbill"": 0.0, ""score_forward_peg_score"": 0.0, ""score_intercept"": 0.4375, ""score_oos_auc_for_orientation"": 0.53968254, ""score_oos_orientation_samples"": 16, ""score_orientation"": 1, ""score_orientation_source"": 1, ""score_probability_component"": 0.35783566, ""score_raw"": 0.40783105, ""score_return_component"": 0.45782644, ""score_selected_component"": 0, ""score_selected_component_auc"": 0.53968254, ""score_selected_component_samples"": 16, ""score_top_weight_concentration"": 0.0, ""score_train_auc_for_orientation"": 0.88888889}",16
2022-11-01,GLD,model_walk_forward,,,,,,,,-0.08971272,41.69403494,-0.06682877,0.75988414,0.00395366,0.09370513,0.05269244,632,590,1,1,-0.08975147,"{""return_ai_profit_conversion_score"": 0.0, ""return_asset_extension_200dma"": -0.00481256, ""return_asset_return_63d"": 0.00606914, ""return_asset_rsi_14"": -0.01517217, ""return_breadth_200dma"": 0.0, ""return_crowding_score"": 0.0, ""return_eps_revision_score"": 0.0, ""return_fcf_yield_minus_tbill"": 0.0, ""return_forward_peg_score"": 0.0, ""return_intercept"": -0.00488879, ""return_top_weight_concentration"": 0.0, ""score_ai_profit_conversion_score"": 0.0, ""score_asset_extension_200dma"": -0.43893229, ""score_asset_return_63d"": 0.34516426, ""score_asset_rsi_14"": -0.15341685, ""score_breadth_200dma"": 0.0, ""score_crowding_score"": 0.0, ""score_eps_revision_score"": 0.0, ""score_fcf_yield_minus_tbill"": 0.0, ""score_forward_peg_score"": 0.0, ""score_intercept"": 0.4375, ""score_oos_auc_for_orientation"": 0.47619048, ""score_oos_orientation_samples"": 16, ""score_orientation"": -1, ""score_orientation_source"": 1, ""score_probability_component"": 1.0, ""score_raw"": 0.75988414, ""score_return_component"": 0.51976828, ""score_selected_component"": 0, ""score_selected_component_auc"": 0.47619048, ""score_selected_component_samples"": 16, ""score_top_weight_concentration"": 0.0, ""score_train_auc_for_orientation"": 0.92063492}",16
2022-11-01,SGOV,model_walk_forward,,,,,,,,-2.971e-05,40.47558461,0.00029984,0.60043724,-0.00075079,0.00049955,0.00157967,632,590,1,1,-0.00125034,"{""return_ai_profit_conversion_score"": 0.0, ""return_asset_extension_200dma"": 0.00014923, ""return_asset_return_63d"": -0.00031094, ""return_asset_rsi_14"": -6.296e-05, ""return_breadth_200dma"": 0.0, ""return_crowding_score"": 0.0, ""return_eps_revision_score"": 0.0, ""return_fcf_yield_minus_tbill"": 0.0, ""return_forward_peg_score"": 0.0, ""return_intercept"": 0.00015495, ""return_top_weight_concentration"": 0.0, ""score_ai_profit_conversion_score"": 0.0, ""score_asset_extension_200dma"": -0.00592875, ""score_asset_return_63d"": -0.04366533, ""score_asset_rsi_14"": -0.24402387, ""score_breadth_200dma"": 0.0, ""score_crowding_score"": 0.0, ""score_eps_revision_score"": 0.0, ""score_fcf_yield_minus_tbill"": 0.0, ""score_forward_peg_score"": 0.0, ""score_intercept"": 0.4375, ""score_oos_auc_for_orientation"": 0.46031746, ""score_oos_orientation_samples"": 16, ""score_orientation"": 1, ""score_orientation_source"": 1, ""score_probability_component"": 0.70462842, ""score_raw"": 0.60043724, ""score_return_component"": 0.49624605, ""score_selected_component"": 0, ""score_selected_component_auc"": 0.46031746, ""score_selected_component_samples"": 16, ""score_top_weight_concentration"": 0.0, ""score_train_auc_for_orientation"": 0.82539683}",16
2022-12-01,QQQ,model_walk_forward,,,,,,,,-0.03902638,61.54008153,-0.01897125,0.24920517,-0.03529576,-0.09955056,-0.06164115,653,612,0,0,0.0642548,"{""return_ai_profit_conversion_score"": 0.0, ""return_asset_extension_200dma"": 0.06448486, ""return_asset_return_63d"": -0.05685303, ""return_asset_rsi_14"": -0.01681426, ""return_breadth_200dma"": 0.0, ""return_crowding_score"": 0.0, ""return_eps_revision_score"": 0.0, ""return_fcf_yield_minus_tbill"": 0.0, ""return_forward_peg_score"": 0.0, ""return_intercept"": -0.01080137, ""return_top_weight_concentration"": 0.0, ""score_ai_profit_conversion_score"": 0.0, ""score_asset_extension_200dma"": 0.61914195, ""score_asset_return_63d"": -0.48186767, ""score_asset_rsi_14"": -0.15929995, ""score_breadth_200dma"": 0.0, ""score_crowding_score"": 0.0, ""score_eps_revision_score"": 0.0, ""score_fcf_yield_minus_tbill"": 0.0, ""score_forward_peg_score"": 0.0, ""score_intercept"": 0.41176471, ""score_oos_auc_for_orientation"": 0.57142857, ""score_oos_orientation_samples"": 17, ""score_orientation"": 1, ""score_orientation_source"": 1, ""score_probability_component"": 0.17488914, ""score_raw"": 0.24920517, ""score_return_component"": 0.3235212, ""score_selected_component"": 0, ""score_selected_component_auc"": 0.57142857, ""score_selected_component_samples"": 17, ""score_top_weight_concentration"": 0.0, ""score_train_auc_for_orientation"": 0.91428571}",17
2022-12-01,GLD,model_walk_forward,,,,,,,,0.00115629,65.37375942,0.06315324,0.43101519,-0.01965027,0.01918495,-0.00269813,653,612,1,0,-0.03883521,"{""return_ai_profit_conversion_score"": 0.0, ""return_asset_extension_200dma"": 0.00254836, ""return_asset_return_63d"": 0.00227743, ""return_asset_rsi_14"": -0.01719499, ""return_breadth_200dma"": 0.0, ""return_crowding_score"": 0.0, ""return_eps_revision_score"": 0.0, ""return_fcf_yield_minus_tbill"": 0.0, ""return_forward_peg_score"": 0.0, ""return_intercept"": -0.00684381, ""return_top_weight_concentration"": 0.0, ""score_ai_profit_conversion_score"": 0.0, ""score_asset_extension_200dma"": -0.25486205, ""score_asset_return_63d"": 0.23693798, ""score_asset_rsi_14"": -0.21757073, ""score_breadth_200dma"": 0.0, ""score_crowding_score"": 0.0, ""score_eps_revision_score"": 0.0, ""score_fcf_yield_minus_tbill"": 0.0, ""score_forward_peg_score"": 0.0, ""score_intercept"": 0.41176471, ""score_oos_auc_for_orientation"": 0.44285714, ""score_oos_orientation_samples"": 17, ""score_orientation"": -1, ""score_orientation_source"": 1, ""score_probability_component"": 0.46028172, ""score_raw"": 0.43101519, ""score_return_component"": 0.40174866, ""score_selected_component"": 0, ""score_selected_component_auc"": 0.44285714, ""score_selected_component_samples"": 17, ""score_top_weight_concentration"": 0.0, ""score_train_auc_for_orientation"": 0.84285714}",17
2022-12-01,SGOV,model_walk_forward,,,,,,,,0.00024257,40.4762776,0.00069958,0.48666706,-0.00106135,0.00029967,-6.655e-05,653,612,1,0,-0.00136103,"{""return_ai_profit_conversion_score"": 0.0, ""return_asset_extension_200dma"": 0.00041337, ""return_asset_return_63d"": -0.00055537, ""return_asset_rsi_14"": -8.16e-05, ""return_breadth_200dma"": 0.0, ""return_crowding_score"": 0.0, ""return_eps_revision_score"": 0.0, ""return_fcf_yield_minus_tbill"": 0.0, ""return_forward_peg_score"": 0.0, ""return_intercept"": 0.00013408, ""return_top_weight_concentration"": 0.0, ""score_ai_profit_conversion_score"": 0.0, ""score_asset_extension_200dma"": -0.03603488, ""score_asset_return_63d"": -0.07823752, ""score_asset_rsi_14"": -0.23098984, ""score_breadth_200dma"": 0.0, ""score_crowding_score"": 0.0, ""score_eps_revision_score"": 0.0, ""score_fcf_yield_minus_tbill"": 0.0, ""score_forward_peg_score"": 0.0, ""score_intercept"": 0.41176471, ""score_oos_auc_for_orientation"": 0.51428571, ""score_oos_orientation_samples"": 17, ""score_orientation"": 1, ""score_orientation_source"": 1, ""score_probability_component"": 0.47864089, ""score_raw"": 0.48666706, ""score_return_component"": 0.49469324, ""score_selected_component"": 0, ""score_selected_component_auc"": 0.51428571, ""score_selected_component_samples"": 17, ""score_top_weight_concentration"": 0.0, ""score_train_auc_for_orientation"": 0.84285714}",17
2023-01-03,QQQ,model_walk_forward,,,,,,,,-0.1159807,28.44299056,-0.03308591,0.20195432,-0.04091148,0.1786146,0.07065431,674,632,1,1,-0.21952608,"{""return_ai_profit_conversion_score"": 0.0, ""return_asset_extension_200dma"": 0.06447193, ""return_asset_return_63d"": -0.06426326, ""return_asset_rsi_14"": -0.01274347, ""return_breadth_200dma"": 0.0, ""return_crowding_score"": 0.0, ""return_eps_revision_score"": 0.0, ""return_fcf_yield_minus_tbill"": 0.0, ""return_forward_peg_score"": 0.0, ""return_intercept"": -0.0064432, ""return_top_weight_concentration"": 0.0, ""score_ai_profit_conversion_score"": 0.0, ""score_asset_extension_200dma"": 0.61901104, ""score_asset_return_63d"": -0.54491325, ""score_asset_rsi_14"": -0.1242319, ""score_breadth_200dma"": 0.0, ""score_crowding_score"": 0.0, ""score_eps_revision_score"": 0.0, ""score_fcf_yield_minus_tbill"": 0.0, ""score_forward_peg_score"": 0.0, ""score_intercept"": 0.44444444, ""score_oos_auc_for_orientation"": 0.525, ""score_oos_orientation_samples"": 18, ""score_orientation"": 1, ""score_orientation_source"": 1, ""score_probability_component"": 0.10846607, ""score_raw"": 0.20195432, ""score_return_component"": 0.29544258, ""score_selected_component"": 0, ""score_selected_component_auc"": 0.525, ""score_selected_component_samples"": 18, ""score_top_weight_concentration"": 0.0, ""score_train_auc_for_orientation"": 0.85}",18
2023-01-03,GLD,model_walk_forward,,,,,,,,0.029114,64.30855612,0.07971978,0.39596131,-0.01384627,0.03998595,0.03752514,674,632,1,1,-0.05383222,"{""return_ai_profit_conversion_score"": 0.0, ""return_asset_extension_200dma"": -0.01529547, ""return_asset_return_63d"": 0.00865518, ""return_asset_rsi_14"": -0.0127391, ""return_breadth_200dma"": 0.0, ""return_crowding_score"": 0.0, ""return_eps_revision_score"": 0.0, ""return_fcf_yield_minus_tbill"": 0.0, ""return_forward_peg_score"": 0.0, ""return_intercept"": -0.00125776, ""return_top_weight_concentration"": 0.0, ""score_ai_profit_conversion_score"": 0.0, ""score_asset_extension_200dma"": -0.32221843, ""score_asset_return_63d"": 0.25442938, ""score_asset_rsi_14"": -0.20268598, ""score_breadth_200dma"": 0.0, ""score_crowding_score"": 0.0, ""score_eps_revision_score"": 0.0, ""score_fcf_yield_minus_tbill"": 0.0, ""score_forward_peg_score"": 0.0, ""score_intercept"": 0.44444444, ""score_oos_auc_for_orientation"": 0.5, ""score_oos_orientation_samples"": 18, ""score_orientation"": 1, ""score_orientation_source"": 1, ""score_probability_component"": 0.36115395, ""score_raw"": 0.39596131, ""score_return_component"": 0.43076867, ""score_selected_component"": 0, ""score_selected_component_auc"": 0.5, ""score_selected_component_samples"": 18, ""score_top_weight_concentration"": 0.0, ""score_train_auc_for_orientation"": 0.85}",18
2023-01-03,SGOV,model_walk_forward,,,,,,,,0.00044167,40.81680308,0.00039953,0.49489697,0.00017076,-0.00029958,0.00131214,674,632,0,1,0.00047034,"{""return_ai_profit_conversion_score"": 0.0, ""return_asset_extension_200dma"": 5.481e-05, ""return_asset_return_63d"": -0.00018094, ""return_asset_rsi_14"": -0.00012867, ""return_breadth_200dma"": 0.0, ""return_crowding_score"": 0.0, ""return_eps_revision_score"": 0.0, ""return_fcf_yield_minus_tbill"": 0.0, ""return_forward_peg_score"": 0.0, ""return_intercept"": 0.00015439, ""return_top_weight_concentration"": 0.0, ""score_ai_profit_conversion_score"": 0.0, ""score_asset_extension_200dma"": -0.11920831, ""score_asset_return_63d"": 0.01236231, ""score_asset_rsi_14"": -0.25092807, ""score_breadth_200dma"": 0.0, ""score_crowding_score"": 0.0, ""score_eps_revision_score"": 0.0, ""score_fcf_yield_minus_tbill"": 0.0, ""score_forward_peg_score"": 0.0, ""score_intercept"": 0.44444444, ""score_oos_auc_for_orientation"": 0.575, ""score_oos_orientation_samples"": 18, ""score_orientation"": 1, ""score_orientation_source"": 1, ""score_probability_component"": 0.48894015, ""score_raw"": 0.49489697, ""score_return_component"": 0.50085379, ""score_selected_component"": 0, ""score_selected_component_auc"": 0.575, ""score_selected_component_samples"": 18, ""score_top_weight_concentration"": 0.0, ""score_train_auc_for_orientation"": 0.85}",18
2023-02-01,QQQ,model_walk_forward,,,,,,,,0.03122588,73.09744923,0.08264076,0.07528305,-0.06988678,-0.00412077,-0.00133721,694,653,0,0,-0.06576601,"{""return_ai_profit_conversion_score"": 0.0, ""return_asset_extension_200dma"": 0.06790069, ""return_asset_return_63d"": -0.06620138, ""return_asset_rsi_14"": -0.01478097, ""return_breadth_200dma"": 0.0, ""return_crowding_score"": 0.0, ""return_eps_revision_score"": 0.0, ""return_fcf_yield_minus_tbill"": 0.0, ""return_forward_peg_score"": 0.0, ""return_intercept"": -0.01134359, ""return_top_weight_concentration"": 0.0, ""score_ai_profit_conversion_score"": 0.0, ""score_asset_extension_200dma"": 0.61951857, ""score_asset_return_63d"": -0.54200514, ""score_asset_rsi_14"": -0.12887185, ""score_breadth_200dma"": 0.0, ""score_crowding_score"": 0.0, ""score_eps_revision_score"": 0.0, ""score_fcf_yield_minus_tbill"": 0.0, ""score_forward_peg_score"": 0.0, ""score_intercept"": 0.42105263, ""score_oos_auc_for_orientation"": 0.55681818, ""score_oos_orientation_samples"": 19, ""score_orientation"": 1, ""score_orientation_source"": 1, ""score_probability_component"": 0.0, ""score_raw"": 0.07528305, ""score_return_component"": 0.15056611, ""score_selected_component"": 0, ""score_selected_component_auc"": 0.55681818, ""score_selected_component_samples"": 19, ""score_top_weight_concentration"": 0.0, ""score_train_auc_for_orientation"": 0.88636364}",19
2023-02-01,GLD,model_walk_forward,,,,,,,,0.09532795,71.61250004,0.19590543,0.45343495,-0.01615582,-0.05053114,-0.05405404,694,653,0,0,0.03437533,"{""return_ai_profit_conversion_score"": 0.0, ""return_asset_extension_200dma"": -0.01775729, ""return_asset_return_63d"": 0.01231748, ""return_asset_rsi_14"": -0.0116701, ""return_breadth_200dma"": 0.0, ""return_crowding_score"": 0.0, ""return_eps_revision_score"": 0.0, ""return_fcf_yield_minus_tbill"": 0.0, ""return_forward_peg_score"": 0.0, ""return_intercept"": -0.00018183, ""return_top_weight_concentration"": 0.0, ""score_ai_profit_conversion_score"": 0.0, ""score_asset_extension_200dma"": -0.36996056, ""score_asset_return_63d"": 0.32788412, ""score_asset_rsi_14"": -0.18180745, ""score_breadth_200dma"": 0.0, ""score_crowding_score"": 0.0, ""score_eps_revision_score"": 0.0, ""score_fcf_yield_minus_tbill"": 0.0, ""score_forward_peg_score"": 0.0, ""score_intercept"": 0.47368421, ""score_oos_auc_for_orientation"": 0.44444444, ""score_oos_orientation_samples"": 19, ""score_orientation"": 1, ""score_orientation_source"": 1, ""score_probability_component"": 0.48764898, ""score_raw"": 0.45343495, ""score_return_component"": 0.41922092, ""score_selected_component"": 0, ""score_selected_component_auc"": 0.44444444, ""score_selected_component_samples"": 19, ""score_top_weight_concentration"": 0.0, ""score_train_auc_for_orientation"": 0.86666667}",19
2023-02-01,SGOV,model_walk_forward,,,,,,,,-0.0006226,40.00023508,-0.00229285,0.66761522,0.00147901,0.00139887,0.00177476,694,653,1,1,8.014e-05,"{""return_ai_profit_conversion_score"": 0.0, ""return_asset_extension_200dma"": 7.61e-06, ""return_asset_return_63d"": -0.00011956, ""return_asset_rsi_14"": -0.00014687, ""return_breadth_200dma"": 0.0, ""return_crowding_score"": 0.0, ""return_eps_revision_score"": 0.0, ""return_fcf_yield_minus_tbill"": 0.0, ""return_forward_peg_score"": 0.0, ""return_intercept"": 0.00016203, ""return_top_weight_concentration"": 0.0, ""score_ai_profit_conversion_score"": 0.0, ""score_asset_extension_200dma"": -0.15355624, ""score_asset_return_63d"": 0.08081646, ""score_asset_rsi_14"": -0.26760892, ""score_breadth_200dma"": 0.0, ""score_crowding_score"": 0.0, ""score_eps_revision_score"": 0.0, ""score_fcf_yield_minus_tbill"": 0.0, ""score_forward_peg_score"": 0.0, ""score_intercept"": 0.47368421, ""score_oos_auc_for_orientation"": 0.52222222, ""score_oos_orientation_samples"": 19, ""score_orientation"": 1, ""score_orientation_source"": 1, ""score_probability_component"": 0.82783539, ""score_raw"": 0.66761522, ""score_return_component"": 0.50739506, ""score_selected_component"": 0, ""score_selected_component_auc"": 0.52222222, ""score_selected_component_samples"": 19, ""score_top_weight_concentration"": 0.0, ""score_train_auc_for_orientation"": 0.84444444}",19
2023-03-01,QQQ,model_walk_forward,,,,,,,,0.0038145,34.21999871,0.03003085,0.52857405,0.01203056,0.10209471,0.04210159,714,674,1,1,-0.09006415,"{""return_ai_profit_conversion_score"": 0.0, ""return_asset_extension_200dma"": 0.04079425, ""return_asset_return_63d"": -0.03847878, ""return_asset_rsi_14"": -0.02695084, ""return_breadth_200dma"": 0.0, ""return_crowding_score"": 0.0, ""return_eps_revision_score"": 0.0, ""return_fcf_yield_minus_tbill"": 0.0, ""return_forward_peg_score"": 0.0, ""return_intercept"": -0.00184568, ""return_top_weight_concentration"": 0.0, ""score_ai_profit_conversion_score"": 0.0, ""score_asset_extension_200dma"": 0.50820195, ""score_asset_return_63d"": -0.42305771, ""score_asset_rsi_14"": -0.1795948, ""score_breadth_200dma"": 0.0, ""score_crowding_score"": 0.0, ""score_eps_revision_score"": 0.0, ""score_fcf_yield_minus_tbill"": 0.0, ""score_forward_peg_score"": 0.0, ""score_intercept"": 0.45, ""score_oos_auc_for_orientation"": 0.51515152, ""score_oos_orientation_samples"": 20, ""score_orientation"": 1, ""score_orientation_source"": 1, ""score_probability_component"": 0.49699529, ""score_raw"": 0.52857405, ""score_return_component"": 0.56015281, ""score_selected_component"": 0, ""score_selected_component_auc"": 0.51515152, ""score_selected_component_samples"": 20, ""score_top_weight_concentration"": 0.0, ""score_train_auc_for_orientation"": 0.82828283}",20
2023-03-01,GLD,model_walk_forward,,,,,,,,0.0323919,32.46871655,0.05452975,0.58962246,0.00851856,0.07296795,0.04442176,714,674,1,1,-0.06444939,"{""return_ai_profit_conversion_score"": 0.0, ""return_asset_extension_200dma"": -0.01930657, ""return_asset_return_63d"": 0.01717337, ""return_asset_rsi_14"": -0.01087839, ""return_breadth_200dma"": 0.0, ""return_crowding_score"": 0.0, ""return_eps_revision_score"": 0.0, ""return_fcf_yield_minus_tbill"": 0.0, ""return_forward_peg_score"": 0.0, ""return_intercept"": 0.00182656, ""return_top_weight_concentration"": 0.0, ""score_ai_profit_conversion_score"": 0.0, ""score_asset_extension_200dma"": -0.38692362, ""score_asset_return_63d"": 0.38804008, ""score_asset_rsi_14"": -0.17269015, ""score_breadth_200dma"": 0.0, ""score_crowding_score"": 0.0, ""score_eps_revision_score"": 0.0, ""score_fcf_yield_minus_tbill"": 0.0, ""score_forward_peg_score"": 0.0, ""score_intercept"": 0.5, ""score_oos_auc_for_orientation"": 0.4, ""score_oos_orientation_samples"": 20, ""score_orientation"": 1, ""score_orientation_source"": 1, ""score_probability_component"": 0.63665209, ""score_raw"": 0.58962246, ""score_return_component"": 0.54259282, ""score_selected_component"": 0, ""score_selected_component_auc"": 0.4, ""score_selected_component_samples"": 20, ""score_top_weight_concentration"": 0.0, ""score_train_auc_for_orientation"": 0.84}",20
2023-03-01,SGOV,model_walk_forward,,,,,,,,-3.266e-05,49.09138801,-0.0019928,0.25150017,0.00060007,0.00419327,0.00235982,714,674,1,1,-0.00359321,"{""return_ai_profit_conversion_score"": 0.0, ""return_asset_extension_200dma"": -0.00010558, ""return_asset_return_63d"": -5.179e-05, ""return_asset_rsi_14"": -0.00010614, ""return_breadth_200dma"": 0.0, ""return_crowding_score"": 0.0, ""return_eps_revision_score"": 0.0, ""return_fcf_yield_minus_tbill"": 0.0, ""return_forward_peg_score"": 0.0, ""return_intercept"": 0.00013895, ""return_top_weight_concentration"": 0.0, ""score_ai_profit_conversion_score"": 0.0, ""score_asset_extension_200dma"": -0.288992, ""score_asset_return_63d"": 0.15217514, ""score_asset_rsi_14"": -0.22838605, ""score_breadth_200dma"": 0.0, ""score_crowding_score"": 0.0, ""score_eps_revision_score"": 0.0, ""score_fcf_yield_minus_tbill"": 0.0, ""score_forward_peg_score"": 0.0, ""score_intercept"": 0.45, ""score_oos_auc_for_orientation"": 0.54545455, ""score_oos_orientation_samples"": 20, ""score_orientation"": 1, ""score_orientation_source"": 1, ""score_probability_component"": 0.0, ""score_raw"": 0.25150017, ""score_return_component"": 0.50300033, ""score_selected_component"": 0, ""score_selected_component_auc"": 0.54545455, ""score_selected_component_samples"": 20, ""score_top_weight_concentration"": 0.0, ""score_train_auc_for_orientation"": 0.85858586}",20
2023-04-03,QQQ,model_walk_forward,,,,,,,,0.10061337,76.35350065,0.20230583,0.09569068,-0.06172373,-0.00893327,-0.00844097,736,714,0,0,-0.05279046,"{""return_ai_profit_conversion_score"": 0.0, ""return_asset_extension_200dma"": 0.03309595, ""return_asset_return_63d"": -0.02753834, ""return_asset_rsi_14"": -0.02970149, ""return_breadth_200dma"": 0.0, ""return_crowding_score"": 0.0, ""return_eps_revision_score"": 0.0, ""return_fcf_yield_minus_tbill"": 0.0, ""return_forward_peg_score"": 0.0, ""return_intercept"": 0.00277547, ""return_top_weight_concentration"": 0.0, ""score_ai_profit_conversion_score"": 0.0, ""score_asset_extension_200dma"": 0.48414933, ""score_asset_return_63d"": -0.39288482, ""score_asset_rsi_14"": -0.21137764, ""score_breadth_200dma"": 0.0, ""score_crowding_score"": 0.0, ""score_eps_revision_score"": 0.0, ""score_fcf_yield_minus_tbill"": 0.0, ""score_forward_peg_score"": 0.0, ""score_intercept"": 0.45454545, ""score_oos_auc_for_orientation"": 0.59166667, ""score_oos_orientation_samples"": 22, ""score_orientation"": 1, ""score_orientation_source"": 1, ""score_probability_component"": 0.0, ""score_raw"": 0.09569068, ""score_return_component"": 0.19138135, ""score_selected_component"": 0, ""score_selected_component_auc"": 0.59166667, ""score_selected_component_samples"": 22, ""score_top_weight_concentration"": 0.0, ""score_train_auc_for_orientation"": 0.84166667}",22
2023-04-03,GLD,model_walk_forward,,,,,,,,0.11044281,64.84403369,0.08783302,0.16010732,-0.03595707,0.02476432,0.00891539,736,714,1,1,-0.06072139,"{""return_ai_profit_conversion_score"": 0.0, ""return_asset_extension_200dma"": -0.01639372, ""return_asset_return_63d"": 0.01453796, ""return_asset_rsi_14"": -0.01576049, ""return_breadth_200dma"": 0.0, ""return_crowding_score"": 0.0, ""return_eps_revision_score"": 0.0, ""return_fcf_yield_minus_tbill"": 0.0, ""return_forward_peg_score"": 0.0, ""return_intercept"": 0.00268037, ""return_top_weight_concentration"": 0.0, ""score_ai_profit_conversion_score"": 0.0, ""score_asset_extension_200dma"": -0.39317989, ""score_asset_return_63d"": 0.38169081, ""score_asset_rsi_14"": -0.19974727, ""score_breadth_200dma"": 0.0, ""score_crowding_score"": 0.0, ""score_eps_revision_score"": 0.0, ""score_fcf_yield_minus_tbill"": 0.0, ""score_forward_peg_score"": 0.0, ""score_intercept"": 0.5, ""score_oos_auc_for_orientation"": 0.47107438, ""score_oos_orientation_samples"": 22, ""score_orientation"": 1, ""score_orientation_source"": 1, ""score_probability_component"": 0.0, ""score_raw"": 0.16010732, ""score_return_component"": 0.32021464, ""score_selected_component"": 0, ""score_selected_component_auc"": 0.47107438, ""score_selected_component_samples"": 22, ""score_top_weight_concentration"": 0.0, ""score_train_auc_for_orientation"": 0.85123967}",22
2023-04-03,SGOV,model_walk_forward,,,,,,,,0.00027972,40.6253728,0.00089878,0.53061351,-0.00058859,-0.00029938,0.00167231,736,714,0,1,-0.00028921,"{""return_ai_profit_conversion_score"": 0.0, ""return_asset_extension_200dma"": 0.00046927, ""return_asset_return_63d"": -0.00107079, ""return_asset_rsi_14"": -7.352e-05, ""return_breadth_200dma"": 0.0, ""return_crowding_score"": 0.0, ""return_eps_revision_score"": 0.0, ""return_fcf_yield_minus_tbill"": 0.0, ""return_forward_peg_score"": 0.0, ""return_intercept"": 0.00038051, ""return_top_weight_concentration"": 0.0, ""score_ai_profit_conversion_score"": 0.0, ""score_asset_extension_200dma"": -0.11695898, ""score_asset_return_63d"": -0.05427754, ""score_asset_rsi_14"": -0.22656875, ""score_breadth_200dma"": 0.0, ""score_crowding_score"": 0.0, ""score_eps_revision_score"": 0.0, ""score_fcf_yield_minus_tbill"": 0.0, ""score_forward_peg_score"": 0.0, ""score_intercept"": 0.5, ""score_oos_auc_for_orientation"": 0.54545455, ""score_oos_orientation_samples"": 22, ""score_orientation"": 1, ""score_orientation_source"": 1, ""score_probability_component"": 0.56416994, ""score_raw"": 0.53061351, ""score_return_component"": 0.49705707, ""score_selected_component"": 0, ""score_selected_component_auc"": 0.54545455, ""score_selected_component_samples"": 22, ""score_top_weight_concentration"": 0.0, ""score_train_auc_for_orientation"": 0.89256198}",22
2023-05-01,QQQ,model_walk_forward,,,,,,,,0.09619756,59.85134469,0.10996663,0.40310426,-0.01043533,0.08007693,0.02646029,755,714,1,1,-0.09051227,"{""return_ai_profit_conversion_score"": 0.0, ""return_asset_extension_200dma"": 0.03309595, ""return_asset_return_63d"": -0.02753834, ""return_asset_rsi_14"": -0.02970149, ""return_breadth_200dma"": 0.0, ""return_crowding_score"": 0.0, ""return_eps_revision_score"": 0.0, ""return_fcf_yield_minus_tbill"": 0.0, ""return_forward_peg_score"": 0.0, ""return_intercept"": 0.00277547, ""return_top_weight_concentration"": 0.0, ""score_ai_profit_conversion_score"": 0.0, ""score_asset_extension_200dma"": 0.48414933, ""score_asset_return_63d"": -0.39288482, ""score_asset_rsi_14"": -0.21137764, ""score_breadth_200dma"": 0.0, ""score_crowding_score"": 0.0, ""score_eps_revision_score"": 0.0, ""score_fcf_yield_minus_tbill"": 0.0, ""score_forward_peg_score"": 0.0, ""score_intercept"": 0.45454545, ""score_oos_auc_for_orientation"": 0.59166667, ""score_oos_orientation_samples"": 22, ""score_orientation"": 1, ""score_orientation_source"": 1, ""score_probability_component"": 0.35838519, ""score_raw"": 0.40310426, ""score_return_component"": 0.44782333, ""score_selected_component"": 0, ""score_selected_component_auc"": 0.59166667, ""score_selected_component_samples"": 22, ""score_top_weight_concentration"": 0.0, ""score_train_auc_for_orientation"": 0.84166667}",22
2023-05-01,GLD,model_walk_forward,,,,,,,,0.0949357,42.40631539,0.02914526,0.19052057,-0.02379177,-0.00896882,0.00683858,755,714,0,1,-0.01482295,"{""return_ai_profit_conversion_score"": 0.0, ""return_asset_extension_200dma"": -0.01639372, ""return_asset_return_63d"": 0.01453796, ""return_asset_rsi_14"": -0.01576049, ""return_breadth_200dma"": 0.0, ""return_crowding_score"": 0.0, ""return_eps_revision_score"": 0.0, ""return_fcf_yield_minus_tbill"": 0.0, ""return_forward_peg_score"": 0.0, ""return_intercept"": 0.00268037, ""return_top_weight_concentration"": 0.0, ""score_ai_profit_conversion_score"": 0.0, ""score_asset_extension_200dma"": -0.39317989, ""score_asset_return_63d"": 0.38169081, ""score_asset_rsi_14"": -0.19974727, ""score_breadth_200dma"": 0.0, ""score_crowding_score"": 0.0, ""score_eps_revision_score"": 0.0, ""score_fcf_yield_minus_tbill"": 0.0, ""score_forward_peg_score"": 0.0, ""score_intercept"": 0.5, ""score_oos_auc_for_orientation"": 0.47107438, ""score_oos_orientation_samples"": 22, ""score_orientation"": 1, ""score_orientation_source"": 1, ""score_probability_component"": 0.0, ""score_raw"": 0.19052057, ""score_return_component"": 0.38104115, ""score_selected_component"": 0, ""score_selected_component_auc"": 0.47107438, ""score_selected_component_samples"": 22, ""score_top_weight_concentration"": 0.0, ""score_train_auc_for_orientation"": 0.85123967}",22
2023-05-01,SGOV,model_walk_forward,,,,,,,,-0.00054896,37.70465195,-0.00278717,0.75844109,0.00337644,0.00409259,0.002139,755,714,1,1,-0.00071616,"{""return_ai_profit_conversion_score"": 0.0, ""return_asset_extension_200dma"": 0.00046927, ""return_asset_return_63d"": -0.00107079, ""return_asset_rsi_14"": -7.352e-05, ""return_breadth_200dma"": 0.0, ""return_crowding_score"": 0.0, ""return_eps_revision_score"": 0.0, ""return_fcf_yield_minus_tbill"": 0.0, ""return_forward_peg_score"": 0.0, ""return_intercept"": 0.00038051, ""return_top_weight_concentration"": 0.0, ""score_ai_profit_conversion_score"": 0.0, ""score_asset_extension_200dma"": -0.11695898, ""score_asset_return_63d"": -0.05427754, ""score_asset_rsi_14"": -0.22656875, ""score_breadth_200dma"": 0.0, ""score_crowding_score"": 0.0, ""score_eps_revision_score"": 0.0, ""score_fcf_yield_minus_tbill"": 0.0, ""score_forward_peg_score"": 0.0, ""score_intercept"": 0.5, ""score_oos_auc_for_orientation"": 0.54545455, ""score_oos_orientation_samples"": 22, ""score_orientation"": 1, ""score_orientation_source"": 1, ""score_probability_component"": 1.0, ""score_raw"": 0.75844109, ""score_return_component"": 0.51688218, ""score_selected_component"": 0, ""score_selected_component_auc"": 0.54545455, ""score_selected_component_samples"": 22, ""score_top_weight_concentration"": 0.0, ""score_train_auc_for_orientation"": 0.89256198}",22
2023-06-01,QQQ,model_walk_forward,,,,,,,,0.18898902,78.2817886,0.1989034,0.37051159,-0.01538517,0.05193034,0.02753842,777,755,1,1,-0.06731551,"{""return_ai_profit_conversion_score"": 0.0, ""return_asset_extension_200dma"": 0.02761482, ""return_asset_return_63d"": -0.01742697, ""return_asset_rsi_14"": -0.02834967, ""return_breadth_200dma"": 0.0, ""return_crowding_score"": 0.0, ""return_eps_revision_score"": 0.0, ""return_fcf_yield_minus_tbill"": 0.0, ""return_forward_peg_score"": 0.0, ""return_intercept"": 0.0055085, ""return_top_weight_concentration"": 0.0, ""score_ai_profit_conversion_score"": 0.0, ""score_asset_extension_200dma"": 0.46748142, ""score_asset_return_63d"": -0.36935343, ""score_asset_rsi_14"": -0.20853897, ""score_breadth_200dma"": 0.0, ""score_crowding_score"": 0.0, ""score_eps_revision_score"": 0.0, ""score_fcf_yield_minus_tbill"": 0.0, ""score_forward_peg_score"": 0.0, ""score_intercept"": 0.45833333, ""score_oos_auc_for_orientation"": 0.59440559, ""score_oos_orientation_samples"": 24, ""score_orientation"": 1, ""score_orientation_source"": 1, ""score_probability_component"": 0.31794905, ""score_raw"": 0.37051159, ""score_return_component"": 0.42307414, ""score_selected_component"": 0, ""score_selected_component_auc"": 0.59440559, ""score_selected_component_samples"": 24, ""score_top_weight_concentration"": 0.0, ""score_train_auc_for_orientation"": 0.84615385}",24
2023-06-01,GLD,model_walk_forward,,,,,,,,0.07826451,39.00844759,0.07676076,0.52323306,0.0084988,-0.02878751,-0.02064025,777,755,0,0,0.03728631,"{""return_ai_profit_conversion_score"": 0.0, ""return_asset_extension_200dma"": -0.00825266, ""return_asset_return_63d"": 0.00854838, ""return_asset_rsi_14"": -0.01533789, ""return_breadth_200dma"": 0.0, ""return_crowding_score"": 0.0, ""return_eps_revision_score"": 0.0, ""return_fcf_yield_minus_tbill"": 0.0, ""return_forward_peg_score"": 0.0, ""return_intercept"": 0.00311515, ""return_top_weight_concentration"": 0.0, ""score_ai_profit_conversion_score"": 0.0, ""score_asset_extension_200dma"": -0.25730197, ""score_asset_return_63d"": 0.27178567, ""score_asset_rsi_14"": -0.18993674, ""score_breadth_200dma"": 0.0, ""score_crowding_score"": 0.0, ""score_eps_revision_score"": 0.0, ""score_fcf_yield_minus_tbill"": 0.0, ""score_forward_peg_score"": 0.0, ""score_intercept"": 0.5, ""score_oos_auc_for_orientation"": 0.47222222, ""score_oos_orientation_samples"": 24, ""score_orientation"": -1, ""score_orientation_source"": 1, ""score_probability_component"": 0.50397213, ""score_raw"": 0.52323306, ""score_return_component"": 0.542494, ""score_selected_component"": 0, ""score_selected_component_auc"": 0.47222222, ""score_selected_component_samples"": 24, ""score_top_weight_concentration"": 0.0, ""score_train_auc_for_orientation"": 0.76388889}",24
2023-06-01,SGOV,model_walk_forward,,,,,,,,-0.00038593,39.34409833,0.00019962,0.73715654,-0.00091107,0.0002993,0.00195737,777,755,1,1,-0.00121037,"{""return_ai_profit_conversion_score"": 0.0, ""return_asset_extension_200dma"": 0.0005521, ""return_asset_return_63d"": -0.0014469, ""return_asset_rsi_14"": -0.00012446, ""return_breadth_200dma"": 0.0, ""return_crowding_score"": 0.0, ""return_eps_revision_score"": 0.0, ""return_fcf_yield_minus_tbill"": 0.0, ""return_forward_peg_score"": 0.0, ""return_intercept"": 0.00050685, ""return_top_weight_concentration"": 0.0, ""score_ai_profit_conversion_score"": 0.0, ""score_asset_extension_200dma"": -0.15186166, ""score_asset_return_63d"": -0.03911955, ""score_asset_rsi_14"": -0.18517512, ""score_breadth_200dma"": 0.0, ""score_crowding_score"": 0.0, ""score_eps_revision_score"": 0.0, ""score_fcf_yield_minus_tbill"": 0.0, ""score_forward_peg_score"": 0.0, ""score_intercept"": 0.5, ""score_oos_auc_for_orientation"": 0.5625, ""score_oos_orientation_samples"": 24, ""score_orientation"": 1, ""score_orientation_source"": 1, ""score_probability_component"": 0.97886842, ""score_raw"": 0.73715654, ""score_return_component"": 0.49544466, ""score_selected_component"": 0, ""score_selected_component_auc"": 0.5625, ""score_selected_component_samples"": 24, ""score_top_weight_concentration"": 0.0, ""score_train_auc_for_orientation"": 0.875}",24
2023-07-03,QQQ,model_walk_forward,,,,,,,,0.22767752,60.89856936,0.15380306,0.74192628,0.02867462,0.01107242,0.01714741,798,755,1,1,0.0176022,"{""return_ai_profit_conversion_score"": 0.0, ""return_asset_extension_200dma"": 0.02761482, ""return_asset_return_63d"": -0.01742697, ""return_asset_rsi_14"": -0.02834967, ""return_breadth_200dma"": 0.0, ""return_crowding_score"": 0.0, ""return_eps_revision_score"": 0.0, ""return_fcf_yield_minus_tbill"": 0.0, ""return_forward_peg_score"": 0.0, ""return_intercept"": 0.0055085, ""return_top_weight_concentration"": 0.0, ""score_ai_profit_conversion_score"": 0.0, ""score_asset_extension_200dma"": 0.46748142, ""score_asset_return_63d"": -0.36935343, ""score_asset_rsi_14"": -0.20853897, ""score_breadth_200dma"": 0.0, ""score_crowding_score"": 0.0, ""score_eps_revision_score"": 0.0, ""score_fcf_yield_minus_tbill"": 0.0, ""score_forward_peg_score"": 0.0, ""score_intercept"": 0.45833333, ""score_oos_auc_for_orientation"": 0.59440559, ""score_oos_orientation_samples"": 24, ""score_orientation"": 1, ""score_orientation_source"": 1, ""score_probability_component"": 0.84047945, ""score_raw"": 0.74192628, ""score_return_component"": 0.64337312, ""score_selected_component"": 0, ""score_selected_component_auc"": 0.59440559, ""score_selected_component_samples"": 24, ""score_top_weight_concentration"": 0.0, ""score_train_auc_for_orientation"": 0.84615385}",24
2023-07-03,GLD,model_walk_forward,,,,,,,,0.0351731,33.77735255,-0.02592512,0.44186243,0.00654543,0.00633162,0.014691,798,755,1,1,0.00021381,"{""return_ai_profit_conversion_score"": 0.0, ""return_asset_extension_200dma"": -0.00825266, ""return_asset_return_63d"": 0.00854838, ""return_asset_rsi_14"": -0.01533789, ""return_breadth_200dma"": 0.0, ""return_crowding_score"": 0.0, ""return_eps_revision_score"": 0.0, ""return_fcf_yield_minus_tbill"": 0.0, ""return_forward_peg_score"": 0.0, ""return_intercept"": 0.00311515, ""return_top_weight_concentration"": 0.0, ""score_ai_profit_conversion_score"": 0.0, ""score_asset_extension_200dma"": -0.25730197, ""score_asset_return_63d"": 0.27178567, ""score_asset_rsi_14"": -0.18993674, ""score_breadth_200dma"": 0.0, ""score_crowding_score"": 0.0, ""score_eps_revision_score"": 0.0, ""score_fcf_yield_minus_tbill"": 0.0, ""score_forward_peg_score"": 0.0, ""score_intercept"": 0.5, ""score_oos_auc_for_orientation"": 0.47222222, ""score_oos_orientation_samples"": 24, ""score_orientation"": -1, ""score_orientation_source"": 1, ""score_probability_component"": 0.3509977, ""score_raw"": 0.44186243, ""score_return_component"": 0.53272717, ""score_selected_component"": 0, ""score_selected_component_auc"": 0.47222222, ""score_selected_component_samples"": 24, ""score_top_weight_concentration"": 0.0, ""score_train_auc_for_orientation"": 0.76388889}",24
2023-07-03,SGOV,model_walk_forward,,,,,,,,-0.00039579,42.18751882,-0.00318154,0.76145341,0.00458136,-0.00029921,0.00167182,798,755,0,1,0.00488057,"{""return_ai_profit_conversion_score"": 0.0, ""return_asset_extension_200dma"": 0.0005521, ""return_asset_return_63d"": -0.0014469, ""return_asset_rsi_14"": -0.00012446, ""return_breadth_200dma"": 0.0, ""return_crowding_score"": 0.0, ""return_eps_revision_score"": 0.0, ""return_fcf_yield_minus_tbill"": 0.0, ""return_forward_peg_score"": 0.0, ""return_intercept"": 0.00050685, ""return_top_weight_concentration"": 0.0, ""score_ai_profit_conversion_score"": 0.0, ""score_asset_extension_200dma"": -0.15186166, ""score_asset_return_63d"": -0.03911955, ""score_asset_rsi_14"": -0.18517512, ""score_breadth_200dma"": 0.0, ""score_crowding_score"": 0.0, ""score_eps_revision_score"": 0.0, ""score_fcf_yield_minus_tbill"": 0.0, ""score_forward_peg_score"": 0.0, ""score_intercept"": 0.5, ""score_oos_auc_for_orientation"": 0.5625, ""score_oos_orientation_samples"": 24, ""score_orientation"": 1, ""score_orientation_source"": 1, ""score_probability_component"": 1.0, ""score_raw"": 0.76145341, ""score_return_component"": 0.52290682, ""score_selected_component"": 0, ""score_selected_component_auc"": 0.5625, ""score_selected_component_samples"": 24, ""score_top_weight_concentration"": 0.0, ""score_train_auc_for_orientation"": 0.875}",24
2023-08-01,QQQ,model_walk_forward,,,,,,,,0.22860164,63.6763003,0.18808779,0.72331325,0.02949439,-0.01253956,-0.03766606,819,777,0,0,0.04203395,"{""return_ai_profit_conversion_score"": 0.0, ""return_asset_extension_200dma"": 0.0296517, ""return_asset_return_63d"": -0.01498028, ""return_asset_rsi_14"": -0.02741981, ""return_breadth_200dma"": 0.0, ""return_crowding_score"": 0.0, ""return_eps_revision_score"": 0.0, ""return_fcf_yield_minus_tbill"": 0.0, ""return_forward_peg_score"": 0.0, ""return_intercept"": 0.00736537, ""return_top_weight_concentration"": 0.0, ""score_ai_profit_conversion_score"": 0.0, ""score_asset_extension_200dma"": 0.49577482, ""score_asset_return_63d"": -0.35396104, ""score_asset_rsi_14"": -0.19810936, ""score_breadth_200dma"": 0.0, ""score_crowding_score"": 0.0, ""score_eps_revision_score"": 0.0, ""score_fcf_yield_minus_tbill"": 0.0, ""score_forward_peg_score"": 0.0, ""score_intercept"": 0.48, ""score_oos_auc_for_orientation"": 0.57692308, ""score_oos_orientation_samples"": 25, ""score_orientation"": 1, ""score_orientation_source"": 1, ""score_probability_component"": 0.79915456, ""score_raw"": 0.72331325, ""score_return_component"": 0.64747193, ""score_selected_component"": 0, ""score_selected_component_auc"": 0.57692308, ""score_selected_component_samples"": 25, ""score_top_weight_concentration"": 0.0, ""score_train_auc_for_orientation"": 0.79487179}",25
2023-08-01,GLD,model_walk_forward,,,,,,,,0.03154487,44.8625331,-0.01907917,0.35868643,-0.0044525,-0.00243823,-0.01408525,819,777,0,0,-0.00201427,"{""return_ai_profit_conversion_score"": 0.0, ""return_asset_extension_200dma"": -0.01103512, ""return_asset_return_63d"": 0.00844325, ""return_asset_rsi_14"": -0.0132252, ""return_breadth_200dma"": 0.0, ""return_crowding_score"": 0.0, ""return_eps_revision_score"": 0.0, ""return_fcf_yield_minus_tbill"": 0.0, ""return_forward_peg_score"": 0.0, ""return_intercept"": 0.00183904, ""return_top_weight_concentration"": 0.0, ""score_ai_profit_conversion_score"": 0.0, ""score_asset_extension_200dma"": -0.29742134, ""score_asset_return_63d"": 0.26981305, ""score_asset_rsi_14"": -0.16161572, ""score_breadth_200dma"": 0.0, ""score_crowding_score"": 0.0, ""score_eps_revision_score"": 0.0, ""score_fcf_yield_minus_tbill"": 0.0, ""score_forward_peg_score"": 0.0, ""score_intercept"": 0.48, ""score_oos_auc_for_orientation"": 0.45512821, ""score_oos_orientation_samples"": 25, ""score_orientation"": 1, ""score_orientation_source"": 1, ""score_probability_component"": 0.23963533, ""score_raw"": 0.35868643, ""score_return_component"": 0.47773752, ""score_selected_component"": 0, ""score_selected_component_auc"": 0.45512821, ""score_selected_component_samples"": 25, ""score_top_weight_concentration"": 0.0, ""score_train_auc_for_orientation"": 0.78846154}",25
2023-08-01,SGOV,model_walk_forward,,,,,,,,-0.00124648,38.23516237,0.00019961,0.74581673,-0.00167331,0.00469063,0.00244515,819,777,1,1,-0.00636394,"{""return_ai_profit_conversion_score"": 0.0, ""return_asset_extension_200dma"": 0.0003699, ""return_asset_return_63d"": -0.00124556, ""return_asset_rsi_14"": -0.00015251, ""return_breadth_200dma"": 0.0, ""return_crowding_score"": 0.0, ""return_eps_revision_score"": 0.0, ""return_fcf_yield_minus_tbill"": 0.0, ""return_forward_peg_score"": 0.0, ""return_intercept"": 0.00049855, ""return_top_weight_concentration"": 0.0, ""score_ai_profit_conversion_score"": 0.0, ""score_asset_extension_200dma"": -0.1608239, ""score_asset_return_63d"": -0.03537576, ""score_asset_rsi_14"": -0.1876779, ""score_breadth_200dma"": 0.0, ""score_crowding_score"": 0.0, ""score_eps_revision_score"": 0.0, ""score_fcf_yield_minus_tbill"": 0.0, ""score_forward_peg_score"": 0.0, ""score_intercept"": 0.52, ""score_oos_auc_for_orientation"": 0.59615385, ""score_oos_orientation_samples"": 25, ""score_orientation"": 1, ""score_orientation_source"": 1, ""score_probability_component"": 1.0, ""score_raw"": 0.74581673, ""score_return_component"": 0.49163347, ""score_selected_component"": 0, ""score_selected_component_auc"": 0.59615385, ""score_selected_component_samples"": 25, ""score_top_weight_concentration"": 0.0, ""score_train_auc_for_orientation"": 0.87820513}",25
2023-09-01,QQQ,model_walk_forward,,,,,,,,0.17056236,57.3428002,0.0646835,0.78588902,0.03068229,-0.04324793,-0.02847797,840,819,0,0,0.07393022,"{""return_ai_profit_conversion_score"": 0.0, ""return_asset_extension_200dma"": 0.02613894, ""return_asset_return_63d"": -0.01416809, ""return_asset_rsi_14"": -0.02498406, ""return_breadth_200dma"": 0.0, ""return_crowding_score"": 0.0, ""return_eps_revision_score"": 0.0, ""return_fcf_yield_minus_tbill"": 0.0, ""return_forward_peg_score"": 0.0, ""return_intercept"": 0.00676545, ""return_top_weight_concentration"": 0.0, ""score_ai_profit_conversion_score"": 0.0, ""score_asset_extension_200dma"": 0.49201897, ""score_asset_return_63d"": -0.37054761, ""score_asset_rsi_14"": -0.17708989, ""score_breadth_200dma"": 0.0, ""score_crowding_score"": 0.0, ""score_eps_revision_score"": 0.0, ""score_fcf_yield_minus_tbill"": 0.0, ""score_forward_peg_score"": 0.0, ""score_intercept"": 0.48148148, ""score_oos_auc_for_orientation"": 0.57142857, ""score_oos_orientation_samples"": 27, ""score_orientation"": 1, ""score_orientation_source"": 1, ""score_probability_component"": 0.9183666, ""score_raw"": 0.78588902, ""score_return_component"": 0.65341143, ""score_selected_component"": 0, ""score_selected_component_auc"": 0.57142857, ""score_selected_component_samples"": 27, ""score_top_weight_concentration"": 0.0, ""score_train_auc_for_orientation"": 0.8021978}",27
2023-09-01,GLD,model_walk_forward,,,,,,,,0.01451047,69.7795097,-0.00519195,0.41330292,-0.01733942,-0.05807566,-0.01779468,840,819,0,0,0.04073624,"{""return_ai_profit_conversion_score"": 0.0, ""return_asset_extension_200dma"": -0.0101865, ""return_asset_return_63d"": 0.00775282, ""return_asset_rsi_14"": -0.01301683, ""return_breadth_200dma"": 0.0, ""return_crowding_score"": 0.0, ""return_eps_revision_score"": 0.0, ""return_fcf_yield_minus_tbill"": 0.0, ""return_forward_peg_score"": 0.0, ""return_intercept"": 0.00184702, ""return_top_weight_concentration"": 0.0, ""score_ai_profit_conversion_score"": 0.0, ""score_asset_extension_200dma"": -0.24409666, ""score_asset_return_63d"": 0.22587135, ""score_asset_rsi_14"": -0.17634932, ""score_breadth_200dma"": 0.0, ""score_crowding_score"": 0.0, ""score_eps_revision_score"": 0.0, ""score_fcf_yield_minus_tbill"": 0.0, ""score_forward_peg_score"": 0.0, ""score_intercept"": 0.48148148, ""score_oos_auc_for_orientation"": 0.46153846, ""score_oos_orientation_samples"": 27, ""score_orientation"": 1, ""score_orientation_source"": 1, ""score_probability_component"": 0.1762468, ""score_raw"": 0.29477486, ""score_return_component"": 0.41330292, ""score_selected_component"": 2, ""score_selected_component_auc"": 0.5, ""score_selected_component_samples"": 27, ""score_top_weight_concentration"": 0.0, ""score_train_auc_for_orientation"": 0.76923077}",27
2023-09-01,SGOV,model_walk_forward,,,,,,,,-0.00080521,40.29811604,0.00039902,1.0,0.00224635,0.0,0.00192484,840,819,0,1,0.00224635,"{""return_ai_profit_conversion_score"": 0.0, ""return_asset_extension_200dma"": -0.00078493, ""return_asset_return_63d"": -0.00022942, ""return_asset_rsi_14"": -5.743e-05, ""return_breadth_200dma"": 0.0, ""return_crowding_score"": 0.0, ""return_eps_revision_score"": 0.0, ""return_fcf_yield_minus_tbill"": 0.0, ""return_forward_peg_score"": 0.0, ""return_intercept"": 0.00062426, ""return_top_weight_concentration"": 0.0, ""score_ai_profit_conversion_score"": 0.0, ""score_asset_extension_200dma"": -0.14127795, ""score_asset_return_63d"": 0.01833529, ""score_asset_rsi_14"": -0.18235365, ""score_breadth_200dma"": 0.0, ""score_crowding_score"": 0.0, ""score_eps_revision_score"": 0.0, ""score_fcf_yield_minus_tbill"": 0.0, ""score_forward_peg_score"": 0.0, ""score_intercept"": 0.51851852, ""score_oos_auc_for_orientation"": 0.57692308, ""score_oos_orientation_samples"": 27, ""score_orientation"": 1, ""score_orientation_source"": 1, ""score_probability_component"": 1.0, ""score_raw"": 0.75561586, ""score_return_component"": 0.51123173, ""score_selected_component"": 1, ""score_selected_component_auc"": 0.57967033, ""score_selected_component_samples"": 27, ""score_top_weight_concentration"": 0.0, ""score_train_auc_for_orientation"": 0.82417582}",27
2023-10-02,QQQ,model_walk_forward,,,,,,,,0.09257344,34.86479407,-0.02438629,0.89049122,0.05619649,-0.01190284,-0.0052078,862,819,0,0,0.06809932,"{""return_ai_profit_conversion_score"": 0.0, ""return_asset_extension_200dma"": 0.02613894, ""return_asset_return_63d"": -0.01416809, ""return_asset_rsi_14"": -0.02498406, ""return_breadth_200dma"": 0.0, ""return_crowding_score"": 0.0, ""return_eps_revision_score"": 0.0, ""return_fcf_yield_minus_tbill"": 0.0, ""return_forward_peg_score"": 0.0, ""return_intercept"": 0.00676545, ""return_top_weight_concentration"": 0.0, ""score_ai_profit_conversion_score"": 0.0, ""score_asset_extension_200dma"": 0.49201897, ""score_asset_return_63d"": -0.37054761, ""score_asset_rsi_14"": -0.17708989, ""score_breadth_200dma"": 0.0, ""score_crowding_score"": 0.0, ""score_eps_revision_score"": 0.0, ""score_fcf_yield_minus_tbill"": 0.0, ""score_forward_peg_score"": 0.0, ""score_intercept"": 0.48148148, ""score_oos_auc_for_orientation"": 0.57142857, ""score_oos_orientation_samples"": 27, ""score_orientation"": 1, ""score_orientation_source"": 1, ""score_probability_component"": 1.0, ""score_raw"": 0.89049122, ""score_return_component"": 0.78098244, ""score_selected_component"": 0, ""score_selected_component_auc"": 0.57142857, ""score_selected_component_samples"": 27, ""score_top_weight_concentration"": 0.0, ""score_train_auc_for_orientation"": 0.8021978}",27
2023-10-02,GLD,model_walk_forward,,,,,,,,-0.05089452,21.71713115,-0.04942011,0.63287072,0.02657414,0.08169762,0.05145892,862,819,1,1,-0.05512347,"{""return_ai_profit_conversion_score"": 0.0, ""return_asset_extension_200dma"": -0.0101865, ""return_asset_return_63d"": 0.00775282, ""return_asset_rsi_14"": -0.01301683, ""return_breadth_200dma"": 0.0, ""return_crowding_score"": 0.0, ""return_eps_revision_score"": 0.0, ""return_fcf_yield_minus_tbill"": 0.0, ""return_forward_peg_score"": 0.0, ""return_intercept"": 0.00184702, ""return_top_weight_concentration"": 0.0, ""score_ai_profit_conversion_score"": 0.0, ""score_asset_extension_200dma"": -0.24409666, ""score_asset_return_63d"": 0.22587135, ""score_asset_rsi_14"": -0.17634932, ""score_breadth_200dma"": 0.0, ""score_crowding_score"": 0.0, ""score_eps_revision_score"": 0.0, ""score_fcf_yield_minus_tbill"": 0.0, ""score_forward_peg_score"": 0.0, ""score_intercept"": 0.48148148, ""score_oos_auc_for_orientation"": 0.46153846, ""score_oos_orientation_samples"": 27, ""score_orientation"": 1, ""score_orientation_source"": 1, ""score_probability_component"": 0.82478902, ""score_raw"": 0.72882987, ""score_return_component"": 0.63287072, ""score_selected_component"": 2, ""score_selected_component_auc"": 0.5, ""score_selected_component_samples"": 27, ""score_top_weight_concentration"": 0.0, ""score_train_auc_for_orientation"": 0.76923077}",27
2023-10-02,SGOV,model_walk_forward,,,,,,,,-0.00101327,42.02896961,9.969e-05,1.0,0.00276928,0.0001995,0.00218051,862,819,1,1,0.00256978,"{""return_ai_profit_conversion_score"": 0.0, ""return_asset_extension_200dma"": -0.00078493, ""return_asset_return_63d"": -0.00022942, ""return_asset_rsi_14"": -5.743e-05, ""return_breadth_200dma"": 0.0, ""return_crowding_score"": 0.0, ""return_eps_revision_score"": 0.0, ""return_fcf_yield_minus_tbill"": 0.0, ""return_forward_peg_score"": 0.0, ""return_intercept"": 0.00062426, ""return_top_weight_concentration"": 0.0, ""score_ai_profit_conversion_score"": 0.0, ""score_asset_extension_200dma"": -0.14127795, ""score_asset_return_63d"": 0.01833529, ""score_asset_rsi_14"": -0.18235365, ""score_breadth_200dma"": 0.0, ""score_crowding_score"": 0.0, ""score_eps_revision_score"": 0.0, ""score_fcf_yield_minus_tbill"": 0.0, ""score_forward_peg_score"": 0.0, ""score_intercept"": 0.51851852, ""score_oos_auc_for_orientation"": 0.57692308, ""score_oos_orientation_samples"": 27, ""score_orientation"": 1, ""score_orientation_source"": 1, ""score_probability_component"": 1.0, ""score_raw"": 0.75692321, ""score_return_component"": 0.51384642, ""score_selected_component"": 1, ""score_selected_component_auc"": 0.57967033, ""score_selected_component_samples"": 27, ""score_top_weight_concentration"": 0.0, ""score_train_auc_for_orientation"": 0.82417582}",27
2023-11-01,QQQ,model_walk_forward,,,,,,,,0.04876493,38.60080433,-0.04502533,0.75991076,0.03438586,0.09239134,0.07005856,883,840,1,1,-0.05800548,"{""return_ai_profit_conversion_score"": 0.0, ""return_asset_extension_200dma"": 0.01637917, ""return_asset_return_63d"": -0.00685816, ""return_asset_rsi_14"": -0.02323667, ""return_breadth_200dma"": 0.0, ""return_crowding_score"": 0.0, ""return_eps_revision_score"": 0.0, ""return_fcf_yield_minus_tbill"": 0.0, ""return_forward_peg_score"": 0.0, ""return_intercept"": 0.00497926, ""return_top_weight_concentration"": 0.0, ""score_ai_profit_conversion_score"": 0.0, ""score_asset_extension_200dma"": 0.37210168, ""score_asset_return_63d"": -0.27678124, ""score_asset_rsi_14"": -0.15776334, ""score_breadth_200dma"": 0.0, ""score_crowding_score"": 0.0, ""score_eps_revision_score"": 0.0, ""score_fcf_yield_minus_tbill"": 0.0, ""score_forward_peg_score"": 0.0, ""score_intercept"": 0.46428571, ""score_oos_auc_for_orientation"": 0.53333333, ""score_oos_orientation_samples"": 28, ""score_orientation"": 1, ""score_orientation_source"": 1, ""score_probability_component"": 0.84789221, ""score_raw"": 0.75991076, ""score_return_component"": 0.67192931, ""score_selected_component"": 0, ""score_selected_component_auc"": 0.53333333, ""score_selected_component_samples"": 28, ""score_top_weight_concentration"": 0.0, ""score_train_auc_for_orientation"": 0.71794872}",28
2023-11-01,GLD,model_walk_forward,,,,,,,,0.02188807,77.62805052,0.02211207,0.36655085,-0.02668983,0.046319,0.0051042,883,840,1,1,-0.07300883,"{""return_ai_profit_conversion_score"": 0.0, ""return_asset_extension_200dma"": -0.01101636, ""return_asset_return_63d"": 0.00992488, ""return_asset_rsi_14"": -0.0155113, ""return_breadth_200dma"": 0.0, ""return_crowding_score"": 0.0, ""return_eps_revision_score"": 0.0, ""return_fcf_yield_minus_tbill"": 0.0, ""return_forward_peg_score"": 0.0, ""return_intercept"": -0.00029308, ""return_top_weight_concentration"": 0.0, ""score_ai_profit_conversion_score"": 0.0, ""score_asset_extension_200dma"": -0.24409662, ""score_asset_return_63d"": 0.23214794, ""score_asset_rsi_14"": -0.1881435, ""score_breadth_200dma"": 0.0, ""score_crowding_score"": 0.0, ""score_eps_revision_score"": 0.0, ""score_fcf_yield_minus_tbill"": 0.0, ""score_forward_peg_score"": 0.0, ""score_intercept"": 0.46428571, ""score_oos_auc_for_orientation"": 0.49230769, ""score_oos_orientation_samples"": 28, ""score_orientation"": 1, ""score_orientation_source"": 1, ""score_probability_component"": 0.13436201, ""score_raw"": 0.25045643, ""score_return_component"": 0.36655085, ""score_selected_component"": 2, ""score_selected_component_auc"": 0.52307692, ""score_selected_component_samples"": 28, ""score_top_weight_concentration"": 0.0, ""score_train_auc_for_orientation"": 0.77948718}",28
2023-11-01,SGOV,model_walk_forward,,,,,,,,-0.00120106,37.87901573,0.00029921,0.88423009,0.00237559,0.00029912,0.00215565,883,840,1,1,0.00207647,"{""return_ai_profit_conversion_score"": 0.0, ""return_asset_extension_200dma"": -0.00061792, ""return_asset_return_63d"": -0.00036658, ""return_asset_rsi_14"": -5.716e-05, ""return_breadth_200dma"": 0.0, ""return_crowding_score"": 0.0, ""return_eps_revision_score"": 0.0, ""return_fcf_yield_minus_tbill"": 0.0, ""return_forward_peg_score"": 0.0, ""return_intercept"": 0.00060197, ""return_top_weight_concentration"": 0.0, ""score_ai_profit_conversion_score"": 0.0, ""score_asset_extension_200dma"": -0.05261573, ""score_asset_return_63d"": -0.04480562, ""score_asset_rsi_14"": -0.18187481, ""score_breadth_200dma"": 0.0, ""score_crowding_score"": 0.0, ""score_eps_revision_score"": 0.0, ""score_fcf_yield_minus_tbill"": 0.0, ""score_forward_peg_score"": 0.0, ""score_intercept"": 0.5, ""score_oos_auc_for_orientation"": 0.54081633, ""score_oos_orientation_samples"": 28, ""score_orientation"": 1, ""score_orientation_source"": 1, ""score_probability_component"": 0.88423009, ""score_raw"": 0.69805401, ""score_return_component"": 0.51187794, ""score_selected_component"": 1, ""score_selected_component_auc"": 0.54336735, ""score_selected_component_samples"": 28, ""score_top_weight_concentration"": 0.0, ""score_train_auc_for_orientation"": 0.77040816}",28
2023-12-01,QQQ,model_walk_forward,,,,,,,,0.11634491,75.16335873,0.03270745,0.45821392,-0.01245764,0.03244087,0.02954043,903,862,1,1,-0.04489851,"{""return_ai_profit_conversion_score"": 0.0, ""return_asset_extension_200dma"": 0.00911545, ""return_asset_return_63d"": -0.00123184, ""return_asset_rsi_14"": -0.02061619, ""return_breadth_200dma"": 0.0, ""return_crowding_score"": 0.0, ""return_eps_revision_score"": 0.0, ""return_fcf_yield_minus_tbill"": 0.0, ""return_forward_peg_score"": 0.0, ""return_intercept"": 0.00439712, ""return_top_weight_concentration"": 0.0, ""score_ai_profit_conversion_score"": 0.0, ""score_asset_extension_200dma"": 0.24557972, ""score_asset_return_63d"": -0.17731439, ""score_asset_rsi_14"": -0.11117783, ""score_breadth_200dma"": 0.0, ""score_crowding_score"": 0.0, ""score_eps_revision_score"": 0.0, ""score_fcf_yield_minus_tbill"": 0.0, ""score_forward_peg_score"": 0.0, ""score_intercept"": 0.44827586, ""score_oos_auc_for_orientation"": 0.5, ""score_oos_orientation_samples"": 29, ""score_orientation"": 1, ""score_orientation_source"": 1, ""score_probability_component"": 0.47871604, ""score_raw"": 0.45821392, ""score_return_component"": 0.43771181, ""score_selected_component"": 0, ""score_selected_component_auc"": 0.5, ""score_selected_component_samples"": 29, ""score_top_weight_concentration"": 0.0, ""score_train_auc_for_orientation"": 0.66346154}",29
2023-12-01,GLD,model_walk_forward,,,,,,,,0.06443071,86.21087176,0.0660707,0.29289678,-0.04142064,-0.00671837,-0.01840266,903,862,0,0,-0.03470228,"{""return_ai_profit_conversion_score"": 0.0, ""return_asset_extension_200dma"": -0.013016, ""return_asset_return_63d"": 0.01069839, ""return_asset_rsi_14"": -0.01824792, ""return_breadth_200dma"": 0.0, ""return_crowding_score"": 0.0, ""return_eps_revision_score"": 0.0, ""return_fcf_yield_minus_tbill"": 0.0, ""return_forward_peg_score"": 0.0, ""return_intercept"": 0.00253419, ""return_top_weight_concentration"": 0.0, ""score_ai_profit_conversion_score"": 0.0, ""score_asset_extension_200dma"": -0.2522718, ""score_asset_return_63d"": 0.23457771, ""score_asset_rsi_14"": -0.20004629, ""score_breadth_200dma"": 0.0, ""score_crowding_score"": 0.0, ""score_eps_revision_score"": 0.0, ""score_fcf_yield_minus_tbill"": 0.0, ""score_forward_peg_score"": 0.0, ""score_intercept"": 0.48275862, ""score_oos_auc_for_orientation"": 0.51904762, ""score_oos_orientation_samples"": 29, ""score_orientation"": 1, ""score_orientation_source"": 1, ""score_probability_component"": 0.0, ""score_raw"": 0.14644839, ""score_return_component"": 0.29289678, ""score_selected_component"": 2, ""score_selected_component_auc"": 0.55238095, ""score_selected_component_samples"": 29, ""score_top_weight_concentration"": 0.0, ""score_train_auc_for_orientation"": 0.7952381}",29
2023-12-01,SGOV,model_walk_forward,,,,,,,,-0.00113955,42.25355078,0.00049868,0.80774775,0.00155332,-0.00029903,-0.00064294,903,862,0,0,0.00185235,"{""return_ai_profit_conversion_score"": 0.0, ""return_asset_extension_200dma"": -0.00048087, ""return_asset_return_63d"": -0.00044227, ""return_asset_rsi_14"": -9.124e-05, ""return_breadth_200dma"": 0.0, ""return_crowding_score"": 0.0, ""return_eps_revision_score"": 0.0, ""return_fcf_yield_minus_tbill"": 0.0, ""return_forward_peg_score"": 0.0, ""return_intercept"": 0.00058809, ""return_top_weight_concentration"": 0.0, ""score_ai_profit_conversion_score"": 0.0, ""score_asset_extension_200dma"": -0.08463372, ""score_asset_return_63d"": -0.03244437, ""score_asset_rsi_14"": -0.17484938, ""score_breadth_200dma"": 0.0, ""score_crowding_score"": 0.0, ""score_eps_revision_score"": 0.0, ""score_fcf_yield_minus_tbill"": 0.0, ""score_forward_peg_score"": 0.0, ""score_intercept"": 0.51724138, ""score_oos_auc_for_orientation"": 0.56666667, ""score_oos_orientation_samples"": 29, ""score_orientation"": 1, ""score_orientation_source"": 1, ""score_probability_component"": 0.80774775, ""score_raw"": 0.65775718, ""score_return_component"": 0.50776661, ""score_selected_component"": 1, ""score_selected_component_auc"": 0.56904762, ""score_selected_component_samples"": 29, ""score_top_weight_concentration"": 0.0, ""score_train_auc_for_orientation"": 0.78571429}",29
2024-01-02,QQQ,model_walk_forward,,,,,,,,0.11882269,59.36424812,0.1144051,0.49475206,0.00640443,0.04791477,0.02832612,924,883,1,1,-0.04151034,"{""return_ai_profit_conversion_score"": 0.0, ""return_asset_extension_200dma"": 0.0146215, ""return_asset_return_63d"": -0.00632769, ""return_asset_rsi_14"": -0.02256186, ""return_breadth_200dma"": 0.0, ""return_crowding_score"": 0.0, ""return_eps_revision_score"": 0.0, ""return_fcf_yield_minus_tbill"": 0.0, ""return_forward_peg_score"": 0.0, ""return_intercept"": 0.00733026, ""return_top_weight_concentration"": 0.0, ""score_ai_profit_conversion_score"": 0.0, ""score_asset_extension_200dma"": 0.26736598, ""score_asset_return_63d"": -0.19861156, ""score_asset_rsi_14"": -0.11999751, ""score_breadth_200dma"": 0.0, ""score_crowding_score"": 0.0, ""score_eps_revision_score"": 0.0, ""score_fcf_yield_minus_tbill"": 0.0, ""score_forward_peg_score"": 0.0, ""score_intercept"": 0.46666667, ""score_oos_auc_for_orientation"": 0.52678571, ""score_oos_orientation_samples"": 30, ""score_orientation"": 1, ""score_orientation_source"": 1, ""score_probability_component"": 0.45748197, ""score_raw"": 0.49475206, ""score_return_component"": 0.53202215, ""score_selected_component"": 0, ""score_selected_component_auc"": 0.52678571, ""score_selected_component_samples"": 30, ""score_top_weight_concentration"": 0.0, ""score_train_auc_for_orientation"": 0.68303571}",30
2024-01-02,GLD,model_walk_forward,,,,,,,,0.04763004,71.48890766,0.12419692,0.46290517,-0.00741897,-0.00162541,-0.01395465,924,883,0,0,-0.00579356,"{""return_ai_profit_conversion_score"": 0.0, ""return_asset_extension_200dma"": -0.01236936, ""return_asset_return_63d"": 0.00839777, ""return_asset_rsi_14"": -0.01403165, ""return_breadth_200dma"": 0.0, ""return_crowding_score"": 0.0, ""return_eps_revision_score"": 0.0, ""return_fcf_yield_minus_tbill"": 0.0, ""return_forward_peg_score"": 0.0, ""return_intercept"": 0.00399368, ""return_top_weight_concentration"": 0.0, ""score_ai_profit_conversion_score"": 0.0, ""score_asset_extension_200dma"": -0.24318204, ""score_asset_return_63d"": 0.20612083, ""score_asset_rsi_14"": -0.15092451, ""score_breadth_200dma"": 0.0, ""score_crowding_score"": 0.0, ""score_eps_revision_score"": 0.0, ""score_fcf_yield_minus_tbill"": 0.0, ""score_forward_peg_score"": 0.0, ""score_intercept"": 0.5, ""score_oos_auc_for_orientation"": 0.48888889, ""score_oos_orientation_samples"": 30, ""score_orientation"": 1, ""score_orientation_source"": 1, ""score_probability_component"": 0.50132795, ""score_raw"": 0.48211656, ""score_return_component"": 0.46290517, ""score_selected_component"": 2, ""score_selected_component_auc"": 0.51555556, ""score_selected_component_samples"": 30, ""score_top_weight_concentration"": 0.0, ""score_train_auc_for_orientation"": 0.75555556}",30
2024-01-02,SGOV,model_walk_forward,,,,,,,,-0.00138058,39.39379935,0.0001995,0.9704935,0.00157094,0.00019939,0.00228384,924,883,1,1,0.00137156,"{""return_ai_profit_conversion_score"": 0.0, ""return_asset_extension_200dma"": -0.000396, ""return_asset_return_63d"": -0.00049827, ""return_asset_rsi_14"": -8.626e-05, ""return_breadth_200dma"": 0.0, ""return_crowding_score"": 0.0, ""return_eps_revision_score"": 0.0, ""return_fcf_yield_minus_tbill"": 0.0, ""return_forward_peg_score"": 0.0, ""return_intercept"": 0.00057846, ""return_top_weight_concentration"": 0.0, ""score_ai_profit_conversion_score"": 0.0, ""score_asset_extension_200dma"": -0.09585669, ""score_asset_return_63d"": -0.03074236, ""score_asset_rsi_14"": -0.1772121, ""score_breadth_200dma"": 0.0, ""score_crowding_score"": 0.0, ""score_eps_revision_score"": 0.0, ""score_fcf_yield_minus_tbill"": 0.0, ""score_forward_peg_score"": 0.0, ""score_intercept"": 0.53333333, ""score_oos_auc_for_orientation"": 0.58482143, ""score_oos_orientation_samples"": 30, ""score_orientation"": 1, ""score_orientation_source"": 1, ""score_probability_component"": 0.9704935, ""score_raw"": 0.73917411, ""score_return_component"": 0.50785472, ""score_selected_component"": 1, ""score_selected_component_auc"": 0.58705357, ""score_selected_component_samples"": 30, ""score_top_weight_concentration"": 0.0, ""score_train_auc_for_orientation"": 0.80357143}",30
2024-02-01,QQQ,model_walk_forward,,,,,,,,0.1391319,64.02506718,0.20238268,0.39776295,-0.0024386,0.05247934,0.02883012,945,903,1,1,-0.05491794,"{""return_ai_profit_conversion_score"": 0.0, ""return_asset_extension_200dma"": 0.01708579, ""return_asset_return_63d"": -0.00904786, ""return_asset_rsi_14"": -0.02099503, ""return_breadth_200dma"": 0.0, ""return_crowding_score"": 0.0, ""return_eps_revision_score"": 0.0, ""return_fcf_yield_minus_tbill"": 0.0, ""return_forward_peg_score"": 0.0, ""return_intercept"": 0.00814028, ""return_top_weight_concentration"": 0.0, ""score_ai_profit_conversion_score"": 0.0, ""score_asset_extension_200dma"": 0.29664632, ""score_asset_return_63d"": -0.22976775, ""score_asset_rsi_14"": -0.10015796, ""score_breadth_200dma"": 0.0, ""score_crowding_score"": 0.0, ""score_eps_revision_score"": 0.0, ""score_fcf_yield_minus_tbill"": 0.0, ""score_forward_peg_score"": 0.0, ""score_intercept"": 0.48387097, ""score_oos_auc_for_orientation"": 0.5125, ""score_oos_orientation_samples"": 31, ""score_orientation"": 1, ""score_orientation_source"": 1, ""score_probability_component"": 0.3077189, ""score_raw"": 0.39776295, ""score_return_component"": 0.487807, ""score_selected_component"": 0, ""score_selected_component_auc"": 0.5125, ""score_selected_component_samples"": 31, ""score_top_weight_concentration"": 0.0, ""score_train_auc_for_orientation"": 0.70416667}",31
2024-02-01,GLD,model_walk_forward,,,,,,,,0.04403269,58.27902248,0.03433107,0.46498805,-0.00700239,0.02941017,-0.01188165,945,903,1,0,-0.03641256,"{""return_ai_profit_conversion_score"": 0.0, ""return_asset_extension_200dma"": -0.01176219, ""return_asset_return_63d"": 0.00781756, ""return_asset_rsi_14"": -0.01324761, ""return_breadth_200dma"": 0.0, ""return_crowding_score"": 0.0, ""return_eps_revision_score"": 0.0, ""return_fcf_yield_minus_tbill"": 0.0, ""return_forward_peg_score"": 0.0, ""return_intercept"": 0.00364813, ""return_top_weight_concentration"": 0.0, ""score_ai_profit_conversion_score"": 0.0, ""score_asset_extension_200dma"": -0.24671329, ""score_asset_return_63d"": 0.20753363, ""score_asset_rsi_14"": -0.16409816, ""score_breadth_200dma"": 0.0, ""score_crowding_score"": 0.0, ""score_eps_revision_score"": 0.0, ""score_fcf_yield_minus_tbill"": 0.0, ""score_forward_peg_score"": 0.0, ""score_intercept"": 0.48387097, ""score_oos_auc_for_orientation"": 0.52083333, ""score_oos_orientation_samples"": 31, ""score_orientation"": 1, ""score_orientation_source"": 1, ""score_probability_component"": 0.32135649, ""score_raw"": 0.39317227, ""score_return_component"": 0.46498805, ""score_selected_component"": 2, ""score_selected_component_auc"": 0.54583333, ""score_selected_component_samples"": 31, ""score_top_weight_concentration"": 0.0, ""score_train_auc_for_orientation"": 0.775}",31
2024-02-01,SGOV,model_walk_forward,,,,,,,,-0.0012819,36.50741708,-0.00387288,1.0,0.00352757,0.00019942,0.00178496,945,903,1,1,0.00332815,"{""return_ai_profit_conversion_score"": 0.0, ""return_asset_extension_200dma"": -0.00029823, ""return_asset_return_63d"": -0.00054729, ""return_asset_rsi_14"": -0.00011654, ""return_breadth_200dma"": 0.0, ""return_crowding_score"": 0.0, ""return_eps_revision_score"": 0.0, ""return_fcf_yield_minus_tbill"": 0.0, ""return_forward_peg_score"": 0.0, ""return_intercept"": 0.00055015, ""return_top_weight_concentration"": 0.0, ""score_ai_profit_conversion_score"": 0.0, ""score_asset_extension_200dma"": -0.03311699, ""score_asset_return_63d"": -0.06020618, ""score_asset_rsi_14"": -0.19261538, ""score_breadth_200dma"": 0.0, ""score_crowding_score"": 0.0, ""score_eps_revision_score"": 0.0, ""score_fcf_yield_minus_tbill"": 0.0, ""score_forward_peg_score"": 0.0, ""score_intercept"": 0.51612903, ""score_oos_auc_for_orientation"": 0.57083333, ""score_oos_orientation_samples"": 31, ""score_orientation"": 1, ""score_orientation_source"": 1, ""score_probability_component"": 1.0, ""score_raw"": 0.75881893, ""score_return_component"": 0.51763785, ""score_selected_component"": 1, ""score_selected_component_auc"": 0.57291667, ""score_selected_component_samples"": 31, ""score_top_weight_concentration"": 0.0, ""score_train_auc_for_orientation"": 0.77083333}",31
2024-03-01,QQQ,model_walk_forward,,,,,,,,0.16737808,58.38227331,0.14314663,0.57439716,0.01579808,-0.00148106,-0.00904038,964,924,0,0,0.01727913,"{""return_ai_profit_conversion_score"": 0.0, ""return_asset_extension_200dma"": 0.01687314, ""return_asset_return_63d"": -0.00769337, ""return_asset_rsi_14"": -0.02098911, ""return_breadth_200dma"": 0.0, ""return_crowding_score"": 0.0, ""return_eps_revision_score"": 0.0, ""return_fcf_yield_minus_tbill"": 0.0, ""return_forward_peg_score"": 0.0, ""return_intercept"": 0.00938323, ""return_top_weight_concentration"": 0.0, ""score_ai_profit_conversion_score"": 0.0, ""score_asset_extension_200dma"": 0.29331355, ""score_asset_return_63d"": -0.21165275, ""score_asset_rsi_14"": -0.1026783, ""score_breadth_200dma"": 0.0, ""score_crowding_score"": 0.0, ""score_eps_revision_score"": 0.0, ""score_fcf_yield_minus_tbill"": 0.0, ""score_forward_peg_score"": 0.0, ""score_intercept"": 0.5, ""score_oos_auc_for_orientation"": 0.50390625, ""score_oos_orientation_samples"": 32, ""score_orientation"": 1, ""score_orientation_source"": 1, ""score_probability_component"": 0.56980394, ""score_raw"": 0.57439716, ""score_return_component"": 0.57899038, ""score_selected_component"": 0, ""score_selected_component_auc"": 0.50390625, ""score_selected_component_samples"": 32, ""score_top_weight_concentration"": 0.0, ""score_train_auc_for_orientation"": 0.6953125}",32
2024-03-01,GLD,model_walk_forward,,,,,,,,0.05695902,70.51975772,0.0176744,0.39683509,-0.02063298,0.07740167,0.04210173,964,924,1,1,-0.09803465,"{""return_ai_profit_conversion_score"": 0.0, ""return_asset_extension_200dma"": -0.01186302, ""return_asset_return_63d"": 0.00839785, ""return_asset_rsi_14"": -0.01323622, ""return_breadth_200dma"": 0.0, ""return_crowding_score"": 0.0, ""return_eps_revision_score"": 0.0, ""return_fcf_yield_minus_tbill"": 0.0, ""return_forward_peg_score"": 0.0, ""return_intercept"": 0.00348333, ""return_top_weight_concentration"": 0.0, ""score_ai_profit_conversion_score"": 0.0, ""score_asset_extension_200dma"": -0.22105052, ""score_asset_return_63d"": 0.17278608, ""score_asset_rsi_14"": -0.17035109, ""score_breadth_200dma"": 0.0, ""score_crowding_score"": 0.0, ""score_eps_revision_score"": 0.0, ""score_fcf_yield_minus_tbill"": 0.0, ""score_forward_peg_score"": 0.0, ""score_intercept"": 0.46875, ""score_oos_auc_for_orientation"": 0.52941176, ""score_oos_orientation_samples"": 32, ""score_orientation"": 1, ""score_orientation_source"": 1, ""score_probability_component"": 0.0964936, ""score_raw"": 0.24666435, ""score_return_component"": 0.39683509, ""score_selected_component"": 2, ""score_selected_component_auc"": 0.55686275, ""score_selected_component_samples"": 32, ""score_top_weight_concentration"": 0.0, ""score_train_auc_for_orientation"": 0.77647059}",32
2024-03-01,SGOV,model_walk_forward,,,,,,,,-0.00129368,41.53833444,-0.00377356,0.96350934,0.00325813,-0.00029903,0.00183413,964,924,0,1,0.00355716,"{""return_ai_profit_conversion_score"": 0.0, ""return_asset_extension_200dma"": -0.00024153, ""return_asset_return_63d"": -0.00056333, ""return_asset_rsi_14"": -0.00012468, ""return_breadth_200dma"": 0.0, ""return_crowding_score"": 0.0, ""return_eps_revision_score"": 0.0, ""return_fcf_yield_minus_tbill"": 0.0, ""return_forward_peg_score"": 0.0, ""return_intercept"": 0.00053919, ""return_top_weight_concentration"": 0.0, ""score_ai_profit_conversion_score"": 0.0, ""score_asset_extension_200dma"": -0.05394908, ""score_asset_return_63d"": -0.05420812, ""score_asset_rsi_14"": -0.19077727, ""score_breadth_200dma"": 0.0, ""score_crowding_score"": 0.0, ""score_eps_revision_score"": 0.0, ""score_fcf_yield_minus_tbill"": 0.0, ""score_forward_peg_score"": 0.0, ""score_intercept"": 0.53125, ""score_oos_auc_for_orientation"": 0.58823529, ""score_oos_orientation_samples"": 32, ""score_orientation"": 1, ""score_orientation_source"": 1, ""score_probability_component"": 0.96350934, ""score_raw"": 0.7399, ""score_return_component"": 0.51629065, ""score_selected_component"": 1, ""score_selected_component_auc"": 0.59019608, ""score_selected_component_samples"": 32, ""score_top_weight_concentration"": 0.0, ""score_train_auc_for_orientation"": 0.78823529}",32
2024-04-01,QQQ,model_walk_forward,,,,,,,,0.13713704,60.86208833,0.08181382,0.59760946,0.0145947,-0.05265765,-0.03006163,986,945,0,0,0.06725235,"{""return_ai_profit_conversion_score"": 0.0, ""return_asset_extension_200dma"": 0.01403038, ""return_asset_return_63d"": -0.00282952, ""return_asset_rsi_14"": -0.02114701, ""return_breadth_200dma"": 0.0, ""return_crowding_score"": 0.0, ""return_eps_revision_score"": 0.0, ""return_fcf_yield_minus_tbill"": 0.0, ""return_forward_peg_score"": 0.0, ""return_intercept"": 0.01068917, ""return_top_weight_concentration"": 0.0, ""score_ai_profit_conversion_score"": 0.0, ""score_asset_extension_200dma"": 0.2572735, ""score_asset_return_63d"": -0.15354282, ""score_asset_rsi_14"": -0.10652636, ""score_breadth_200dma"": 0.0, ""score_crowding_score"": 0.0, ""score_eps_revision_score"": 0.0, ""score_fcf_yield_minus_tbill"": 0.0, ""score_forward_peg_score"": 0.0, ""score_intercept"": 0.51515152, ""score_oos_auc_for_orientation"": 0.49264706, ""score_oos_orientation_samples"": 33, ""score_orientation"": 1, ""score_orientation_source"": 1, ""score_probability_component"": 0.62224542, ""score_raw"": 0.59760946, ""score_return_component"": 0.5729735, ""score_selected_component"": 0, ""score_selected_component_auc"": 0.49264706, ""score_selected_component_samples"": 33, ""score_top_weight_concentration"": 0.0, ""score_train_auc_for_orientation"": 0.68014706}",33
2024-04-01,GLD,model_walk_forward,,,,,,,,0.12718412,66.8014293,0.085392,0.38561132,-0.02287774,0.02872671,0.04100135,986,945,1,1,-0.05160445,"{""return_ai_profit_conversion_score"": 0.0, ""return_asset_extension_200dma"": -0.01059508, ""return_asset_return_63d"": 0.00751367, ""return_asset_rsi_14"": -0.01277957, ""return_breadth_200dma"": 0.0, ""return_crowding_score"": 0.0, ""return_eps_revision_score"": 0.0, ""return_fcf_yield_minus_tbill"": 0.0, ""return_forward_peg_score"": 0.0, ""return_intercept"": 0.00426899, ""return_top_weight_concentration"": 0.0, ""score_ai_profit_conversion_score"": 0.0, ""score_asset_extension_200dma"": -0.19693788, ""score_asset_return_63d"": 0.15575735, ""score_asset_rsi_14"": -0.16272778, ""score_breadth_200dma"": 0.0, ""score_crowding_score"": 0.0, ""score_eps_revision_score"": 0.0, ""score_fcf_yield_minus_tbill"": 0.0, ""score_forward_peg_score"": 0.0, ""score_intercept"": 0.48484848, ""score_oos_auc_for_orientation"": 0.51102941, ""score_oos_orientation_samples"": 33, ""score_orientation"": 1, ""score_orientation_source"": 1, ""score_probability_component"": 0.05865571, ""score_raw"": 0.22213351, ""score_return_component"": 0.38561132, ""score_selected_component"": 2, ""score_selected_component_auc"": 0.54044118, ""score_selected_component_samples"": 33, ""score_top_weight_concentration"": 0.0, ""score_train_auc_for_orientation"": 0.74632353}",33
2024-04-01,SGOV,model_walk_forward,,,,,,,,-0.00169121,39.13024272,0.00029921,0.84823541,0.00086078,0.00019939,0.00215737,986,945,1,1,0.00066139,"{""return_ai_profit_conversion_score"": 0.0, ""return_asset_extension_200dma"": -0.00016143, ""return_asset_return_63d"": -0.00039401, ""return_asset_rsi_14"": -9.925e-05, ""return_breadth_200dma"": 0.0, ""return_crowding_score"": 0.0, ""return_eps_revision_score"": 0.0, ""return_fcf_yield_minus_tbill"": 0.0, ""return_forward_peg_score"": 0.0, ""return_intercept"": 0.00052889, ""return_top_weight_concentration"": 0.0, ""score_ai_profit_conversion_score"": 0.0, ""score_asset_extension_200dma"": -0.05249546, ""score_asset_return_63d"": -0.05209056, ""score_asset_rsi_14"": -0.19302688, ""score_breadth_200dma"": 0.0, ""score_crowding_score"": 0.0, ""score_eps_revision_score"": 0.0, ""score_fcf_yield_minus_tbill"": 0.0, ""score_forward_peg_score"": 0.0, ""score_intercept"": 0.54545455, ""score_oos_auc_for_orientation"": 0.60740741, ""score_oos_orientation_samples"": 33, ""score_orientation"": 1, ""score_orientation_source"": 1, ""score_probability_component"": 0.84823541, ""score_raw"": 0.67626966, ""score_return_component"": 0.50430391, ""score_selected_component"": 1, ""score_selected_component_auc"": 0.60925926, ""score_selected_component_samples"": 33, ""score_top_weight_concentration"": 0.0, ""score_train_auc_for_orientation"": 0.8}",33
2024-05-01,QQQ,model_walk_forward,,,,,,,,0.05844071,31.43969277,0.01091203,0.70348135,0.04169106,0.06924939,0.06283724,1007,964,1,1,-0.02755833,"{""return_ai_profit_conversion_score"": 0.0, ""return_asset_extension_200dma"": 0.01357694, ""return_asset_return_63d"": -0.00319971, ""return_asset_rsi_14"": -0.02053719, ""return_breadth_200dma"": 0.0, ""return_crowding_score"": 0.0, ""return_eps_revision_score"": 0.0, ""return_fcf_yield_minus_tbill"": 0.0, ""return_forward_peg_score"": 0.0, ""return_intercept"": 0.01033123, ""return_top_weight_concentration"": 0.0, ""score_ai_profit_conversion_score"": 0.0, ""score_asset_extension_200dma"": 0.24359299, ""score_asset_return_63d"": -0.16448197, ""score_asset_rsi_14"": -0.09605725, ""score_breadth_200dma"": 0.0, ""score_crowding_score"": 0.0, ""score_eps_revision_score"": 0.0, ""score_fcf_yield_minus_tbill"": 0.0, ""score_forward_peg_score"": 0.0, ""score_intercept"": 0.5, ""score_oos_auc_for_orientation"": 0.47058824, ""score_oos_orientation_samples"": 34, ""score_orientation"": 1, ""score_orientation_source"": 1, ""score_probability_component"": 0.69850738, ""score_raw"": 0.70348135, ""score_return_component"": 0.70845531, ""score_selected_component"": 0, ""score_selected_component_auc"": 0.47058824, ""score_selected_component_samples"": 34, ""score_top_weight_concentration"": 0.0, ""score_train_auc_for_orientation"": 0.66782007}",34
2024-05-01,GLD,model_walk_forward,,,,,,,,0.13452103,38.14594021,0.13446536,0.5186351,0.00372702,0.00706305,0.01800614,1007,964,1,1,-0.00333603,"{""return_ai_profit_conversion_score"": 0.0, ""return_asset_extension_200dma"": -0.00508448, ""return_asset_return_63d"": 0.00156788, ""return_asset_rsi_14"": -0.00959193, ""return_breadth_200dma"": 0.0, ""return_crowding_score"": 0.0, ""return_eps_revision_score"": 0.0, ""return_fcf_yield_minus_tbill"": 0.0, ""return_forward_peg_score"": 0.0, ""return_intercept"": 0.00641996, ""return_top_weight_concentration"": 0.0, ""score_ai_profit_conversion_score"": 0.0, ""score_asset_extension_200dma"": -0.14718517, ""score_asset_return_63d"": 0.10113564, ""score_asset_rsi_14"": -0.13414366, ""score_breadth_200dma"": 0.0, ""score_crowding_score"": 0.0, ""score_eps_revision_score"": 0.0, ""score_fcf_yield_minus_tbill"": 0.0, ""score_forward_peg_score"": 0.0, ""score_intercept"": 0.5, ""score_oos_auc_for_orientation"": 0.48788927, ""score_oos_orientation_samples"": 34, ""score_orientation"": 1, ""score_orientation_source"": 1, ""score_probability_component"": 0.4236296, ""score_raw"": 0.47113235, ""score_return_component"": 0.5186351, ""score_selected_component"": 2, ""score_selected_component_auc"": 0.51557093, ""score_selected_component_samples"": 34, ""score_top_weight_concentration"": 0.0, ""score_train_auc_for_orientation"": 0.70934256}",34
2024-05-01,SGOV,model_walk_forward,,,,,,,,-0.00156521,37.09637747,-0.00397182,0.84304119,0.00165758,0.00438643,0.00228343,1007,964,1,1,-0.00272885,"{""return_ai_profit_conversion_score"": 0.0, ""return_asset_extension_200dma"": -7.347e-05, ""return_asset_return_63d"": -0.00027352, ""return_asset_rsi_14"": -0.00015324, ""return_breadth_200dma"": 0.0, ""return_crowding_score"": 0.0, ""return_eps_revision_score"": 0.0, ""return_fcf_yield_minus_tbill"": 0.0, ""return_forward_peg_score"": 0.0, ""return_intercept"": 0.00050454, ""return_top_weight_concentration"": 0.0, ""score_ai_profit_conversion_score"": 0.0, ""score_asset_extension_200dma"": -0.01890668, ""score_asset_return_63d"": 0.00450748, ""score_asset_rsi_14"": -0.21176284, ""score_breadth_200dma"": 0.0, ""score_crowding_score"": 0.0, ""score_eps_revision_score"": 0.0, ""score_fcf_yield_minus_tbill"": 0.0, ""score_forward_peg_score"": 0.0, ""score_intercept"": 0.52941176, ""score_oos_auc_for_orientation"": 0.58333333, ""score_oos_orientation_samples"": 34, ""score_orientation"": 1, ""score_orientation_source"": 1, ""score_probability_component"": 0.84304119, ""score_raw"": 0.67566454, ""score_return_component"": 0.50828789, ""score_selected_component"": 1, ""score_selected_component_auc"": 0.59201389, ""score_selected_component_samples"": 34, ""score_top_weight_concentration"": 0.0, ""score_train_auc_for_orientation"": 0.77083333}",34
2024-06-03,QQQ,model_walk_forward,,,,,,,,0.11528465,64.54418341,0.02051713,0.52684019,0.00536804,0.08366253,0.05020107,1029,1007,1,1,-0.0782945,"{""return_ai_profit_conversion_score"": 0.0, ""return_asset_extension_200dma"": 0.01164195, ""return_asset_return_63d"": -0.00199877, ""return_asset_rsi_14"": -0.02199958, ""return_breadth_200dma"": 0.0, ""return_crowding_score"": 0.0, ""return_eps_revision_score"": 0.0, ""return_fcf_yield_minus_tbill"": 0.0, ""return_forward_peg_score"": 0.0, ""return_intercept"": 0.01021815, ""return_top_weight_concentration"": 0.0, ""score_ai_profit_conversion_score"": 0.0, ""score_asset_extension_200dma"": 0.22604067, ""score_asset_return_63d"": -0.15113799, ""score_asset_rsi_14"": -0.11175573, ""score_breadth_200dma"": 0.0, ""score_crowding_score"": 0.0, ""score_eps_revision_score"": 0.0, ""score_fcf_yield_minus_tbill"": 0.0, ""score_forward_peg_score"": 0.0, ""score_intercept"": 0.5, ""score_oos_auc_for_orientation"": 0.47222222, ""score_oos_orientation_samples"": 36, ""score_orientation"": 1, ""score_orientation_source"": 1, ""score_probability_component"": 0.59047476, ""score_raw"": 0.55865747, ""score_return_component"": 0.52684019, ""score_selected_component"": 2, ""score_selected_component_auc"": 0.47839506, ""score_selected_component_samples"": 36, ""score_top_weight_concentration"": 0.0, ""score_train_auc_for_orientation"": 0.64506173}",36
2024-06-03,GLD,model_walk_forward,,,,,,,,0.12808127,51.78042743,0.1082088,0.51509526,0.00301905,0.00354481,-0.00909326,1029,1007,1,0,-0.00052576,"{""return_ai_profit_conversion_score"": 0.0, ""return_asset_extension_200dma"": -0.00196764, ""return_asset_return_63d"": -0.00014759, ""return_asset_rsi_14"": -0.00932018, ""return_breadth_200dma"": 0.0, ""return_crowding_score"": 0.0, ""return_eps_revision_score"": 0.0, ""return_fcf_yield_minus_tbill"": 0.0, ""return_forward_peg_score"": 0.0, ""return_intercept"": 0.00705745, ""return_top_weight_concentration"": 0.0, ""score_ai_profit_conversion_score"": 0.0, ""score_asset_extension_200dma"": -0.05688634, ""score_asset_return_63d"": 0.08101622, ""score_asset_rsi_14"": -0.15724869, ""score_breadth_200dma"": 0.0, ""score_crowding_score"": 0.0, ""score_eps_revision_score"": 0.0, ""score_fcf_yield_minus_tbill"": 0.0, ""score_forward_peg_score"": 0.0, ""score_intercept"": 0.52777778, ""score_oos_auc_for_orientation"": 0.45820433, ""score_oos_orientation_samples"": 36, ""score_orientation"": 1, ""score_orientation_source"": 1, ""score_probability_component"": 0.52387082, ""score_raw"": 0.51948304, ""score_return_component"": 0.51509526, ""score_selected_component"": 2, ""score_selected_component_auc"": 0.51083591, ""score_selected_component_samples"": 36, ""score_top_weight_concentration"": 0.0, ""score_train_auc_for_orientation"": 0.67182663}",36
2024-06-03,SGOV,model_walk_forward,,,,,,,,-0.00148586,39.13024215,0.0,0.8280452,0.0007988,0.00019931,0.00168016,1029,1007,1,1,0.00059949,"{""return_ai_profit_conversion_score"": 0.0, ""return_asset_extension_200dma"": -0.00011707, ""return_asset_return_63d"": -0.0004807, ""return_asset_rsi_14"": -0.00016426, ""return_breadth_200dma"": 0.0, ""return_crowding_score"": 0.0, ""return_eps_revision_score"": 0.0, ""return_fcf_yield_minus_tbill"": 0.0, ""return_forward_peg_score"": 0.0, ""return_intercept"": 0.0006039, ""return_top_weight_concentration"": 0.0, ""score_ai_profit_conversion_score"": 0.0, ""score_asset_extension_200dma"": -0.0451356, ""score_asset_return_63d"": 0.00648123, ""score_asset_rsi_14"": -0.21055334, ""score_breadth_200dma"": 0.0, ""score_crowding_score"": 0.0, ""score_eps_revision_score"": 0.0, ""score_fcf_yield_minus_tbill"": 0.0, ""score_forward_peg_score"": 0.0, ""score_intercept"": 0.55555556, ""score_oos_auc_for_orientation"": 0.60625, ""score_oos_orientation_samples"": 36, ""score_orientation"": 1, ""score_orientation_source"": 1, ""score_probability_component"": 0.8280452, ""score_raw"": 0.6660196, ""score_return_component"": 0.503994, ""score_selected_component"": 1, ""score_selected_component_auc"": 0.6140625, ""score_selected_component_samples"": 36, ""score_top_weight_concentration"": 0.0, ""score_train_auc_for_orientation"": 0.7875}",36
2024-07-01,QQQ,model_walk_forward,,,,,,,,0.15790683,69.16350815,0.08308799,0.51280424,0.00256085,-0.02251412,0.00076378,1048,1007,0,1,0.02507497,"{""return_ai_profit_conversion_score"": 0.0, ""return_asset_extension_200dma"": 0.01164195, ""return_asset_return_63d"": -0.00199877, ""return_asset_rsi_14"": -0.02199958, ""return_breadth_200dma"": 0.0, ""return_crowding_score"": 0.0, ""return_eps_revision_score"": 0.0, ""return_fcf_yield_minus_tbill"": 0.0, ""return_forward_peg_score"": 0.0, ""return_intercept"": 0.01021815, ""return_top_weight_concentration"": 0.0, ""score_ai_profit_conversion_score"": 0.0, ""score_asset_extension_200dma"": 0.22604067, ""score_asset_return_63d"": -0.15113799, ""score_asset_rsi_14"": -0.11175573, ""score_breadth_200dma"": 0.0, ""score_crowding_score"": 0.0, ""score_eps_revision_score"": 0.0, ""score_fcf_yield_minus_tbill"": 0.0, ""score_forward_peg_score"": 0.0, ""score_intercept"": 0.5, ""score_oos_auc_for_orientation"": 0.47222222, ""score_oos_orientation_samples"": 36, ""score_orientation"": 1, ""score_orientation_source"": 1, ""score_probability_component"": 0.55545021, ""score_raw"": 0.53412722, ""score_return_component"": 0.51280424, ""score_selected_component"": 2, ""score_selected_component_auc"": 0.47839506, ""score_selected_component_samples"": 36, ""score_top_weight_concentration"": 0.0, ""score_train_auc_for_orientation"": 0.64506173}",36
2024-07-01,GLD,model_walk_forward,,,,,,,,0.09933937,54.92004859,0.03729189,0.513349,0.0026698,0.05093471,0.02901938,1048,1007,1,1,-0.04826491,"{""return_ai_profit_conversion_score"": 0.0, ""return_asset_extension_200dma"": -0.00196764, ""return_asset_return_63d"": -0.00014759, ""return_asset_rsi_14"": -0.00932018, ""return_breadth_200dma"": 0.0, ""return_crowding_score"": 0.0, ""return_eps_revision_score"": 0.0, ""return_fcf_yield_minus_tbill"": 0.0, ""return_forward_peg_score"": 0.0, ""return_intercept"": 0.00705745, ""return_top_weight_concentration"": 0.0, ""score_ai_profit_conversion_score"": 0.0, ""score_asset_extension_200dma"": -0.05688634, ""score_asset_return_63d"": 0.08101622, ""score_asset_rsi_14"": -0.15724869, ""score_breadth_200dma"": 0.0, ""score_crowding_score"": 0.0, ""score_eps_revision_score"": 0.0, ""score_fcf_yield_minus_tbill"": 0.0, ""score_forward_peg_score"": 0.0, ""score_intercept"": 0.52777778, ""score_oos_auc_for_orientation"": 0.45820433, ""score_oos_orientation_samples"": 36, ""score_orientation"": 1, ""score_orientation_source"": 1, ""score_probability_component"": 0.43777928, ""score_raw"": 0.47556414, ""score_return_component"": 0.513349, ""score_selected_component"": 2, ""score_selected_component_auc"": 0.51083591, ""score_selected_component_samples"": 36, ""score_top_weight_concentration"": 0.0, ""score_train_auc_for_orientation"": 0.67182663}",36
2024-07-01,SGOV,model_walk_forward,,,,,,,,-0.00173214,41.17627215,0.00019939,0.76887323,0.00071431,0.00408737,0.00226443,1048,1007,1,1,-0.00337306,"{""return_ai_profit_conversion_score"": 0.0, ""return_asset_extension_200dma"": -0.00011707, ""return_asset_return_63d"": -0.0004807, ""return_asset_rsi_14"": -0.00016426, ""return_breadth_200dma"": 0.0, ""return_crowding_score"": 0.0, ""return_eps_revision_score"": 0.0, ""return_fcf_yield_minus_tbill"": 0.0, ""return_forward_peg_score"": 0.0, ""return_intercept"": 0.0006039, ""return_top_weight_concentration"": 0.0, ""score_ai_profit_conversion_score"": 0.0, ""score_asset_extension_200dma"": -0.0451356, ""score_asset_return_63d"": 0.00648123, ""score_asset_rsi_14"": -0.21055334, ""score_breadth_200dma"": 0.0, ""score_crowding_score"": 0.0, ""score_eps_revision_score"": 0.0, ""score_fcf_yield_minus_tbill"": 0.0, ""score_forward_peg_score"": 0.0, ""score_intercept"": 0.55555556, ""score_oos_auc_for_orientation"": 0.60625, ""score_oos_orientation_samples"": 36, ""score_orientation"": 1, ""score_orientation_source"": 1, ""score_probability_component"": 0.76887323, ""score_raw"": 0.63622239, ""score_return_component"": 0.50357155, ""score_selected_component"": 1, ""score_selected_component_auc"": 0.6140625, ""score_selected_component_samples"": 36, ""score_top_weight_concentration"": 0.0, ""score_train_auc_for_orientation"": 0.7875}",36
2024-08-01,QQQ,model_walk_forward,,,,,,,,0.07106146,30.61742718,0.0904821,0.70874329,0.04174866,0.00467736,0.01004596,1071,1048,1,1,0.0370713,"{""return_ai_profit_conversion_score"": 0.0, ""return_asset_extension_200dma"": 0.01503768, ""return_asset_return_63d"": -0.00585825, ""return_asset_rsi_14"": -0.02088917, ""return_breadth_200dma"": 0.0, ""return_crowding_score"": 0.0, ""return_eps_revision_score"": 0.0, ""return_fcf_yield_minus_tbill"": 0.0, ""return_forward_peg_score"": 0.0, ""return_intercept"": 0.01128952, ""return_top_weight_concentration"": 0.0, ""score_ai_profit_conversion_score"": 0.0, ""score_asset_extension_200dma"": 0.2223022, ""score_asset_return_63d"": -0.15338125, ""score_asset_rsi_14"": -0.1126559, ""score_breadth_200dma"": 0.0, ""score_crowding_score"": 0.0, ""score_eps_revision_score"": 0.0, ""score_fcf_yield_minus_tbill"": 0.0, ""score_forward_peg_score"": 0.0, ""score_intercept"": 0.5, ""score_oos_auc_for_orientation"": 0.47091413, ""score_oos_orientation_samples"": 38, ""score_orientation"": 1, ""score_orientation_source"": 1, ""score_probability_component"": 0.62323135, ""score_raw"": 0.66598732, ""score_return_component"": 0.70874329, ""score_selected_component"": 2, ""score_selected_component_auc"": 0.48199446, ""score_selected_component_samples"": 38, ""score_top_weight_concentration"": 0.0, ""score_train_auc_for_orientation"": 0.64542936}",38
2024-08-01,GLD,model_walk_forward,,,,,,,,0.12151531,55.02646356,0.05603635,0.54149045,0.00829809,0.02002033,0.01254492,1071,1048,1,1,-0.01172223,"{""return_ai_profit_conversion_score"": 0.0, ""return_asset_extension_200dma"": 0.00185794, ""return_asset_return_63d"": -0.00300461, ""return_asset_rsi_14"": -0.00906226, ""return_breadth_200dma"": 0.0, ""return_crowding_score"": 0.0, ""return_eps_revision_score"": 0.0, ""return_fcf_yield_minus_tbill"": 0.0, ""return_forward_peg_score"": 0.0, ""return_intercept"": 0.00811968, ""return_top_weight_concentration"": 0.0, ""score_ai_profit_conversion_score"": 0.0, ""score_asset_extension_200dma"": 0.01225298, ""score_asset_return_63d"": 0.04697234, ""score_asset_rsi_14"": -0.16253592, ""score_breadth_200dma"": 0.0, ""score_crowding_score"": 0.0, ""score_eps_revision_score"": 0.0, ""score_fcf_yield_minus_tbill"": 0.0, ""score_forward_peg_score"": 0.0, ""score_intercept"": 0.55263158, ""score_oos_auc_for_orientation"": 0.46498599, ""score_oos_orientation_samples"": 38, ""score_orientation"": 1, ""score_orientation_source"": 1, ""score_probability_component"": 0.5680229, ""score_raw"": 0.55475667, ""score_return_component"": 0.54149045, ""score_selected_component"": 2, ""score_selected_component_auc"": 0.54061625, ""score_selected_component_samples"": 38, ""score_top_weight_concentration"": 0.0, ""score_train_auc_for_orientation"": 0.66946779}",38
2024-08-01,SGOV,model_walk_forward,,,,,,,,-0.00190113,34.37522339,-9.964e-05,1.0,0.00152512,0.00039874,0.0022523,1071,1048,1,1,0.00112639,"{""return_ai_profit_conversion_score"": 0.0, ""return_asset_extension_200dma"": -0.00035735, ""return_asset_return_63d"": -0.00037458, ""return_asset_rsi_14"": -7.993e-05, ""return_breadth_200dma"": 0.0, ""return_crowding_score"": 0.0, ""return_eps_revision_score"": 0.0, ""return_fcf_yield_minus_tbill"": 0.0, ""return_forward_peg_score"": 0.0, ""return_intercept"": 0.00068492, ""return_top_weight_concentration"": 0.0, ""score_ai_profit_conversion_score"": 0.0, ""score_asset_extension_200dma"": -0.07543122, ""score_asset_return_63d"": 0.01841295, ""score_asset_rsi_14"": -0.20195322, ""score_breadth_200dma"": 0.0, ""score_crowding_score"": 0.0, ""score_eps_revision_score"": 0.0, ""score_fcf_yield_minus_tbill"": 0.0, ""score_forward_peg_score"": 0.0, ""score_intercept"": 0.57894737, ""score_oos_auc_for_orientation"": 0.62215909, ""score_oos_orientation_samples"": 38, ""score_orientation"": 1, ""score_orientation_source"": 1, ""score_probability_component"": 1.0, ""score_raw"": 0.75381281, ""score_return_component"": 0.50762562, ""score_selected_component"": 1, ""score_selected_component_auc"": 0.62926136, ""score_selected_component_samples"": 38, ""score_top_weight_concentration"": 0.0, ""score_train_auc_for_orientation"": 0.80113636}",38
2024-09-03,QQQ,model_walk_forward,,,,,,,,0.04881696,49.42529521,0.01915563,0.59824648,0.0196493,0.04283147,0.02835877,1093,1048,1,1,-0.02318217,"{""return_ai_profit_conversion_score"": 0.0, ""return_asset_extension_200dma"": 0.01503768, ""return_asset_return_63d"": -0.00585825, ""return_asset_rsi_14"": -0.02088917, ""return_breadth_200dma"": 0.0, ""return_crowding_score"": 0.0, ""return_eps_revision_score"": 0.0, ""return_fcf_yield_minus_tbill"": 0.0, ""return_forward_peg_score"": 0.0, ""return_intercept"": 0.01128952, ""return_top_weight_concentration"": 0.0, ""score_ai_profit_conversion_score"": 0.0, ""score_asset_extension_200dma"": 0.2223022, ""score_asset_return_63d"": -0.15338125, ""score_asset_rsi_14"": -0.1126559, ""score_breadth_200dma"": 0.0, ""score_crowding_score"": 0.0, ""score_eps_revision_score"": 0.0, ""score_fcf_yield_minus_tbill"": 0.0, ""score_forward_peg_score"": 0.0, ""score_intercept"": 0.5, ""score_oos_auc_for_orientation"": 0.47091413, ""score_oos_orientation_samples"": 38, ""score_orientation"": 1, ""score_orientation_source"": 1, ""score_probability_component"": 0.5593427, ""score_raw"": 0.57879459, ""score_return_component"": 0.59824648, ""score_selected_component"": 2, ""score_selected_component_auc"": 0.48199446, ""score_selected_component_samples"": 38, ""score_top_weight_concentration"": 0.0, ""score_train_auc_for_orientation"": 0.64542936}",38
2024-09-03,GLD,model_walk_forward,,,,,,,,0.11587314,55.18844112,0.06016938,0.53918795,0.00783759,0.06600379,0.03902198,1093,1048,1,1,-0.0581662,"{""return_ai_profit_conversion_score"": 0.0, ""return_asset_extension_200dma"": 0.00185794, ""return_asset_return_63d"": -0.00300461, ""return_asset_rsi_14"": -0.00906226, ""return_breadth_200dma"": 0.0, ""return_crowding_score"": 0.0, ""return_eps_revision_score"": 0.0, ""return_fcf_yield_minus_tbill"": 0.0, ""return_forward_peg_score"": 0.0, ""return_intercept"": 0.00811968, ""return_top_weight_concentration"": 0.0, ""score_ai_profit_conversion_score"": 0.0, ""score_asset_extension_200dma"": 0.01225298, ""score_asset_return_63d"": 0.04697234, ""score_asset_rsi_14"": -0.16253592, ""score_breadth_200dma"": 0.0, ""score_crowding_score"": 0.0, ""score_eps_revision_score"": 0.0, ""score_fcf_yield_minus_tbill"": 0.0, ""score_forward_peg_score"": 0.0, ""score_intercept"": 0.55263158, ""score_oos_auc_for_orientation"": 0.46498599, ""score_oos_orientation_samples"": 38, ""score_orientation"": 1, ""score_orientation_source"": 1, ""score_probability_component"": 0.56841438, ""score_raw"": 0.55380116, ""score_return_component"": 0.53918795, ""score_selected_component"": 2, ""score_selected_component_auc"": 0.54061625, ""score_selected_component_samples"": 38, ""score_top_weight_concentration"": 0.0, ""score_train_auc_for_orientation"": 0.66946779}",38
2024-09-03,SGOV,model_walk_forward,,,,,,,,-0.00153495,39.39334361,9.962e-05,0.87801355,0.00119846,0.0,0.00179846,1093,1048,0,1,0.00119846,"{""return_ai_profit_conversion_score"": 0.0, ""return_asset_extension_200dma"": -0.00035735, ""return_asset_return_63d"": -0.00037458, ""return_asset_rsi_14"": -7.993e-05, ""return_breadth_200dma"": 0.0, ""return_crowding_score"": 0.0, ""return_eps_revision_score"": 0.0, ""return_fcf_yield_minus_tbill"": 0.0, ""return_forward_peg_score"": 0.0, ""return_intercept"": 0.00068492, ""return_top_weight_concentration"": 0.0, ""score_ai_profit_conversion_score"": 0.0, ""score_asset_extension_200dma"": -0.07543122, ""score_asset_return_63d"": 0.01841295, ""score_asset_rsi_14"": -0.20195322, ""score_breadth_200dma"": 0.0, ""score_crowding_score"": 0.0, ""score_eps_revision_score"": 0.0, ""score_fcf_yield_minus_tbill"": 0.0, ""score_forward_peg_score"": 0.0, ""score_intercept"": 0.57894737, ""score_oos_auc_for_orientation"": 0.62215909, ""score_oos_orientation_samples"": 38, ""score_orientation"": 1, ""score_orientation_source"": 1, ""score_probability_component"": 0.87801355, ""score_raw"": 0.69200293, ""score_return_component"": 0.50599231, ""score_selected_component"": 1, ""score_selected_component_auc"": 0.62926136, ""score_selected_component_samples"": 38, ""score_top_weight_concentration"": 0.0, ""score_train_auc_for_orientation"": 0.80113636}",38
2024-10-01,QQQ,model_walk_forward,,,,,,,,0.07254072,65.1207243,-0.01172537,0.53089508,0.00617902,0.00536085,0.02092666,1113,1071,1,1,0.00081816,"{""return_ai_profit_conversion_score"": 0.0, ""return_asset_extension_200dma"": 0.01532163, ""return_asset_return_63d"": -0.00759578, ""return_asset_rsi_14"": -0.0192502, ""return_breadth_200dma"": 0.0, ""return_crowding_score"": 0.0, ""return_eps_revision_score"": 0.0, ""return_fcf_yield_minus_tbill"": 0.0, ""return_forward_peg_score"": 0.0, ""return_intercept"": 0.01111998, ""return_top_weight_concentration"": 0.0, ""score_ai_profit_conversion_score"": 0.0, ""score_asset_extension_200dma"": 0.21475145, ""score_asset_return_63d"": -0.13381825, ""score_asset_rsi_14"": -0.13396537, ""score_breadth_200dma"": 0.0, ""score_crowding_score"": 0.0, ""score_eps_revision_score"": 0.0, ""score_fcf_yield_minus_tbill"": 0.0, ""score_forward_peg_score"": 0.0, ""score_intercept"": 0.51282051, ""score_oos_auc_for_orientation"": 0.48947368, ""score_oos_orientation_samples"": 39, ""score_orientation"": 1, ""score_orientation_source"": 1, ""score_probability_component"": 0.53511669, ""score_raw"": 0.53300588, ""score_return_component"": 0.53089508, ""score_selected_component"": 2, ""score_selected_component_auc"": 0.50526316, ""score_selected_component_samples"": 39, ""score_top_weight_concentration"": 0.0, ""score_train_auc_for_orientation"": 0.65263158}",39
2024-10-01,GLD,model_walk_forward,,,,,,,,0.16065237,73.67114247,0.13940436,0.48890825,-0.00221835,0.03216479,0.01281041,1113,1071,1,1,-0.03438314,"{""return_ai_profit_conversion_score"": 0.0, ""return_asset_extension_200dma"": 0.00285527, ""return_asset_return_63d"": -0.00356331, ""return_asset_rsi_14"": -0.00898741, ""return_breadth_200dma"": 0.0, ""return_crowding_score"": 0.0, ""return_eps_revision_score"": 0.0, ""return_fcf_yield_minus_tbill"": 0.0, ""return_forward_peg_score"": 0.0, ""return_intercept"": 0.00842482, ""return_top_weight_concentration"": 0.0, ""score_ai_profit_conversion_score"": 0.0, ""score_asset_extension_200dma"": 0.04775097, ""score_asset_return_63d"": 0.02479356, ""score_asset_rsi_14"": -0.16192807, ""score_breadth_200dma"": 0.0, ""score_crowding_score"": 0.0, ""score_eps_revision_score"": 0.0, ""score_fcf_yield_minus_tbill"": 0.0, ""score_forward_peg_score"": 0.0, ""score_intercept"": 0.56410256, ""score_oos_auc_for_orientation"": 0.48128342, ""score_oos_orientation_samples"": 39, ""score_orientation"": 1, ""score_orientation_source"": 1, ""score_probability_component"": 0.52312084, ""score_raw"": 0.50601455, ""score_return_component"": 0.48890825, ""score_selected_component"": 2, ""score_selected_component_auc"": 0.55614973, ""score_selected_component_samples"": 39, ""score_top_weight_concentration"": 0.0, ""score_train_auc_for_orientation"": 0.67379679}",39
2024-10-01,SGOV,model_walk_forward,,,,,,,,-0.00166123,40.90951102,9.97e-05,0.82250275,0.00109541,0.00368778,0.00192997,1113,1071,1,1,-0.00259237,"{""return_ai_profit_conversion_score"": 0.0, ""return_asset_extension_200dma"": -0.00031758, ""return_asset_return_63d"": -0.00039973, ""return_asset_rsi_14"": -6.265e-05, ""return_breadth_200dma"": 0.0, ""return_crowding_score"": 0.0, ""return_eps_revision_score"": 0.0, ""return_fcf_yield_minus_tbill"": 0.0, ""return_forward_peg_score"": 0.0, ""return_intercept"": 0.00067758, ""return_top_weight_concentration"": 0.0, ""score_ai_profit_conversion_score"": 0.0, ""score_asset_extension_200dma"": -0.07385438, ""score_asset_return_63d"": 0.01548063, ""score_asset_rsi_14"": -0.20516548, ""score_breadth_200dma"": 0.0, ""score_crowding_score"": 0.0, ""score_eps_revision_score"": 0.0, ""score_fcf_yield_minus_tbill"": 0.0, ""score_forward_peg_score"": 0.0, ""score_intercept"": 0.58974359, ""score_oos_auc_for_orientation"": 0.63315217, ""score_oos_orientation_samples"": 39, ""score_orientation"": 1, ""score_orientation_source"": 1, ""score_probability_component"": 0.82250275, ""score_raw"": 0.66398991, ""score_return_component"": 0.50547707, ""score_selected_component"": 1, ""score_selected_component_auc"": 0.64266304, ""score_selected_component_samples"": 39, ""score_top_weight_concentration"": 0.0, ""score_train_auc_for_orientation"": 0.80434783}",39
2024-11-01,QQQ,model_walk_forward,,,,,,,,0.06319362,40.13711095,0.11957645,0.62013537,0.02402707,0.0571569,0.03803522,1134,1113,1,1,-0.03312982,"{""return_ai_profit_conversion_score"": 0.0, ""return_asset_extension_200dma"": 0.01517281, ""return_asset_return_63d"": -0.00756836, ""return_asset_rsi_14"": -0.01913382, ""return_breadth_200dma"": 0.0, ""return_crowding_score"": 0.0, ""return_eps_revision_score"": 0.0, ""return_fcf_yield_minus_tbill"": 0.0, ""return_forward_peg_score"": 0.0, ""return_intercept"": 0.01175296, ""return_top_weight_concentration"": 0.0, ""score_ai_profit_conversion_score"": 0.0, ""score_asset_extension_200dma"": 0.23372307, ""score_asset_return_63d"": -0.15948967, ""score_asset_rsi_14"": -0.12647698, ""score_breadth_200dma"": 0.0, ""score_crowding_score"": 0.0, ""score_eps_revision_score"": 0.0, ""score_fcf_yield_minus_tbill"": 0.0, ""score_forward_peg_score"": 0.0, ""score_intercept"": 0.53658537, ""score_oos_auc_for_orientation"": 0.51196172, ""score_oos_orientation_samples"": 41, ""score_orientation"": 1, ""score_orientation_source"": 1, ""score_probability_component"": 0.53916804, ""score_raw"": 0.57965171, ""score_return_component"": 0.62013537, ""score_selected_component"": 2, ""score_selected_component_auc"": 0.53110048, ""score_selected_component_samples"": 41, ""score_top_weight_concentration"": 0.0, ""score_train_auc_for_orientation"": 0.66267943}",41
2024-11-01,GLD,model_walk_forward,,,,,,,,0.15547229,65.62499195,0.13479866,0.55475575,0.01095115,-0.03576662,-0.03228701,1134,1113,0,0,0.04671777,"{""return_ai_profit_conversion_score"": 0.0, ""return_asset_extension_200dma"": 0.00823901, ""return_asset_return_63d"": -0.0057356, ""return_asset_rsi_14"": -0.00881437, ""return_breadth_200dma"": 0.0, ""return_crowding_score"": 0.0, ""return_eps_revision_score"": 0.0, ""return_fcf_yield_minus_tbill"": 0.0, ""return_forward_peg_score"": 0.0, ""return_intercept"": 0.01040821, ""return_top_weight_concentration"": 0.0, ""score_ai_profit_conversion_score"": 0.0, ""score_asset_extension_200dma"": 0.09686231, ""score_asset_return_63d"": 0.01109922, ""score_asset_rsi_14"": -0.15749396, ""score_breadth_200dma"": 0.0, ""score_crowding_score"": 0.0, ""score_eps_revision_score"": 0.0, ""score_fcf_yield_minus_tbill"": 0.0, ""score_forward_peg_score"": 0.0, ""score_intercept"": 0.58536585, ""score_oos_auc_for_orientation"": 0.50735294, ""score_oos_orientation_samples"": 41, ""score_orientation"": 1, ""score_orientation_source"": 1, ""score_probability_component"": 0.68088487, ""score_raw"": 0.61782031, ""score_return_component"": 0.55475575, ""score_selected_component"": 2, ""score_selected_component_auc"": 0.56127451, ""score_selected_component_samples"": 41, ""score_top_weight_concentration"": 0.0, ""score_train_auc_for_orientation"": 0.66421569}",41
2024-11-01,SGOV,model_walk_forward,,,,,,,,-0.00181803,37.93030861,-0.00019933,0.87846321,0.00147006,-0.00019929,0.0015398,1134,1113,0,1,0.00166935,"{""return_ai_profit_conversion_score"": 0.0, ""return_asset_extension_200dma"": -0.00043105, ""return_asset_return_63d"": -0.00036128, ""return_asset_rsi_14"": -1.473e-05, ""return_breadth_200dma"": 0.0, ""return_crowding_score"": 0.0, ""return_eps_revision_score"": 0.0, ""return_fcf_yield_minus_tbill"": 0.0, ""return_forward_peg_score"": 0.0, ""return_intercept"": 0.00073448, ""return_top_weight_concentration"": 0.0, ""score_ai_profit_conversion_score"": 0.0, ""score_asset_extension_200dma"": -0.05008977, ""score_asset_return_63d"": 0.0017416, ""score_asset_rsi_14"": -0.20215453, ""score_breadth_200dma"": 0.0, ""score_crowding_score"": 0.0, ""score_eps_revision_score"": 0.0, ""score_fcf_yield_minus_tbill"": 0.0, ""score_forward_peg_score"": 0.0, ""score_intercept"": 0.58536585, ""score_oos_auc_for_orientation"": 0.62254902, ""score_oos_orientation_samples"": 41, ""score_orientation"": 1, ""score_orientation_source"": 1, ""score_probability_component"": 0.87846321, ""score_raw"": 0.69290675, ""score_return_component"": 0.5073503, ""score_selected_component"": 1, ""score_selected_component_auc"": 0.63112745, ""score_selected_component_samples"": 41, ""score_top_weight_concentration"": 0.0, ""score_train_auc_for_orientation"": 0.79166667}",41
2024-12-02,QQQ,model_walk_forward,,,,,,,,0.1050862,51.62587159,0.11580516,0.58498808,0.01699762,-0.00981965,0.01502532,1155,1113,0,1,0.02681726,"{""return_ai_profit_conversion_score"": 0.0, ""return_asset_extension_200dma"": 0.01517281, ""return_asset_return_63d"": -0.00756836, ""return_asset_rsi_14"": -0.01913382, ""return_breadth_200dma"": 0.0, ""return_crowding_score"": 0.0, ""return_eps_revision_score"": 0.0, ""return_fcf_yield_minus_tbill"": 0.0, ""return_forward_peg_score"": 0.0, ""return_intercept"": 0.01175296, ""return_top_weight_concentration"": 0.0, ""score_ai_profit_conversion_score"": 0.0, ""score_asset_extension_200dma"": 0.23372307, ""score_asset_return_63d"": -0.15948967, ""score_asset_rsi_14"": -0.12647698, ""score_breadth_200dma"": 0.0, ""score_crowding_score"": 0.0, ""score_eps_revision_score"": 0.0, ""score_fcf_yield_minus_tbill"": 0.0, ""score_forward_peg_score"": 0.0, ""score_intercept"": 0.53658537, ""score_oos_auc_for_orientation"": 0.51196172, ""score_oos_orientation_samples"": 41, ""score_orientation"": 1, ""score_orientation_source"": 1, ""score_probability_component"": 0.54704934, ""score_raw"": 0.56601871, ""score_return_component"": 0.58498808, ""score_selected_component"": 2, ""score_selected_component_auc"": 0.53110048, ""score_selected_component_samples"": 41, ""score_top_weight_concentration"": 0.0, ""score_train_auc_for_orientation"": 0.66267943}",41
2024-12-02,GLD,model_walk_forward,,,,,,,,0.08591457,52.068751,0.05710196,0.57625555,0.01525111,0.0081334,0.00068071,1155,1113,1,1,0.00711771,"{""return_ai_profit_conversion_score"": 0.0, ""return_asset_extension_200dma"": 0.00823901, ""return_asset_return_63d"": -0.0057356, ""return_asset_rsi_14"": -0.00881437, ""return_breadth_200dma"": 0.0, ""return_crowding_score"": 0.0, ""return_eps_revision_score"": 0.0, ""return_fcf_yield_minus_tbill"": 0.0, ""return_forward_peg_score"": 0.0, ""return_intercept"": 0.01040821, ""return_top_weight_concentration"": 0.0, ""score_ai_profit_conversion_score"": 0.0, ""score_asset_extension_200dma"": 0.09686231, ""score_asset_return_63d"": 0.01109922, ""score_asset_rsi_14"": -0.15749396, ""score_breadth_200dma"": 0.0, ""score_crowding_score"": 0.0, ""score_eps_revision_score"": 0.0, ""score_fcf_yield_minus_tbill"": 0.0, ""score_forward_peg_score"": 0.0, ""score_intercept"": 0.58536585, ""score_oos_auc_for_orientation"": 0.50735294, ""score_oos_orientation_samples"": 41, ""score_orientation"": 1, ""score_orientation_source"": 1, ""score_probability_component"": 0.67684552, ""score_raw"": 0.62655054, ""score_return_component"": 0.57625555, ""score_selected_component"": 2, ""score_selected_component_auc"": 0.56127451, ""score_selected_component_samples"": 41, ""score_top_weight_concentration"": 0.0, ""score_train_auc_for_orientation"": 0.66421569}",41
2024-12-02,SGOV,model_walk_forward,,,,,,,,-0.00200008,40.9835649,-0.00019929,0.77871032,0.00157049,0.00019933,0.00024209,1155,1113,1,1,0.00137117,"{""return_ai_profit_conversion_score"": 0.0, ""return_asset_extension_200dma"": -0.00043105, ""return_asset_return_63d"": -0.00036128, ""return_asset_rsi_14"": -1.473e-05, ""return_breadth_200dma"": 0.0, ""return_crowding_score"": 0.0, ""return_eps_revision_score"": 0.0, ""return_fcf_yield_minus_tbill"": 0.0, ""return_forward_peg_score"": 0.0, ""return_intercept"": 0.00073448, ""return_top_weight_concentration"": 0.0, ""score_ai_profit_conversion_score"": 0.0, ""score_asset_extension_200dma"": -0.05008977, ""score_asset_return_63d"": 0.0017416, ""score_asset_rsi_14"": -0.20215453, ""score_breadth_200dma"": 0.0, ""score_crowding_score"": 0.0, ""score_eps_revision_score"": 0.0, ""score_fcf_yield_minus_tbill"": 0.0, ""score_forward_peg_score"": 0.0, ""score_intercept"": 0.58536585, ""score_oos_auc_for_orientation"": 0.62254902, ""score_oos_orientation_samples"": 41, ""score_orientation"": 1, ""score_orientation_source"": 1, ""score_probability_component"": 0.77871032, ""score_raw"": 0.64328139, ""score_return_component"": 0.50785247, ""score_selected_component"": 1, ""score_selected_component_auc"": 0.63112745, ""score_selected_component_samples"": 41, ""score_top_weight_concentration"": 0.0, ""score_train_auc_for_orientation"": 0.79166667}",41
2025-01-02,QQQ,model_walk_forward,,,,,,,,0.0735581,36.80473949,0.05867828,0.67936051,0.0358721,0.01544396,0.0173647,1175,1134,1,1,0.02042814,"{""return_ai_profit_conversion_score"": 0.0, ""return_asset_extension_200dma"": 0.01374445, ""return_asset_return_63d"": -0.00541061, ""return_asset_rsi_14"": -0.02009624, ""return_breadth_200dma"": 0.0, ""return_crowding_score"": 0.0, ""return_eps_revision_score"": 0.0, ""return_fcf_yield_minus_tbill"": 0.0, ""return_forward_peg_score"": 0.0, ""return_intercept"": 0.01283401, ""return_top_weight_concentration"": 0.0, ""score_ai_profit_conversion_score"": 0.0, ""score_asset_extension_200dma"": 0.21358696, ""score_asset_return_63d"": -0.12929847, ""score_asset_rsi_14"": -0.1402463, ""score_breadth_200dma"": 0.0, ""score_crowding_score"": 0.0, ""score_eps_revision_score"": 0.0, ""score_fcf_yield_minus_tbill"": 0.0, ""score_forward_peg_score"": 0.0, ""score_intercept"": 0.54761905, ""score_oos_auc_for_orientation"": 0.52402746, ""score_oos_orientation_samples"": 42, ""score_orientation"": 1, ""score_orientation_source"": 1, ""score_probability_component"": 0.71083057, ""score_raw"": 0.69509554, ""score_return_component"": 0.67936051, ""score_selected_component"": 2, ""score_selected_component_auc"": 0.54462243, ""score_selected_component_samples"": 42, ""score_top_weight_concentration"": 0.0, ""score_train_auc_for_orientation"": 0.66132723}",42
2025-01-02,GLD,model_walk_forward,,,,,,,,0.07004891,39.42748185,-0.00097698,0.61222606,0.02244521,0.0591639,0.02335385,1175,1134,1,1,-0.03671869,"{""return_ai_profit_conversion_score"": 0.0, ""return_asset_extension_200dma"": 0.00656448, ""return_asset_return_63d"": -0.00606192, ""return_asset_rsi_14"": -0.00865673, ""return_breadth_200dma"": 0.0, ""return_crowding_score"": 0.0, ""return_eps_revision_score"": 0.0, ""return_fcf_yield_minus_tbill"": 0.0, ""return_forward_peg_score"": 0.0, ""return_intercept"": 0.00930881, ""return_top_weight_concentration"": 0.0, ""score_ai_profit_conversion_score"": 0.0, ""score_asset_extension_200dma"": 0.07169018, ""score_asset_return_63d"": 0.00813186, ""score_asset_rsi_14"": -0.15502778, ""score_breadth_200dma"": 0.0, ""score_crowding_score"": 0.0, ""score_eps_revision_score"": 0.0, ""score_fcf_yield_minus_tbill"": 0.0, ""score_forward_peg_score"": 0.0, ""score_intercept"": 0.57142857, ""score_oos_auc_for_orientation"": 0.48611111, ""score_oos_orientation_samples"": 42, ""score_orientation"": 1, ""score_orientation_source"": 1, ""score_probability_component"": 0.72223771, ""score_raw"": 0.66723189, ""score_return_component"": 0.61222606, ""score_selected_component"": 2, ""score_selected_component_auc"": 0.53472222, ""score_selected_component_samples"": 42, ""score_top_weight_concentration"": 0.0, ""score_train_auc_for_orientation"": 0.6712963}",42
2025-01-02,SGOV,model_walk_forward,,,,,,,,-0.00163281,41.66603138,9.962e-05,0.64334554,0.00110391,0.0,0.00176404,1175,1134,0,1,0.00110391,"{""return_ai_profit_conversion_score"": 0.0, ""return_asset_extension_200dma"": -0.0003643, ""return_asset_return_63d"": -0.00038102, ""return_asset_rsi_14"": -2.04e-05, ""return_breadth_200dma"": 0.0, ""return_crowding_score"": 0.0, ""return_eps_revision_score"": 0.0, ""return_fcf_yield_minus_tbill"": 0.0, ""return_forward_peg_score"": 0.0, ""return_intercept"": 0.00071224, ""return_top_weight_concentration"": 0.0, ""score_ai_profit_conversion_score"": 0.0, ""score_asset_extension_200dma"": -0.01042028, ""score_asset_return_63d"": -0.0108791, ""score_asset_rsi_14"": -0.20508838, ""score_breadth_200dma"": 0.0, ""score_crowding_score"": 0.0, ""score_eps_revision_score"": 0.0, ""score_fcf_yield_minus_tbill"": 0.0, ""score_forward_peg_score"": 0.0, ""score_intercept"": 0.57142857, ""score_oos_auc_for_orientation"": 0.60648148, ""score_oos_orientation_samples"": 42, ""score_orientation"": 1, ""score_orientation_source"": 1, ""score_probability_component"": 0.64334554, ""score_raw"": 0.57443254, ""score_return_component"": 0.50551955, ""score_selected_component"": 1, ""score_selected_component_auc"": 0.61458333, ""score_selected_component_samples"": 42, ""score_top_weight_concentration"": 0.0, ""score_train_auc_for_orientation"": 0.75462963}",42
2025-02-03,QQQ,model_walk_forward,,,,,,,,0.07254348,59.03527474,0.04377691,0.54695604,0.00939121,-0.03107444,0.00699615,1196,1155,0,1,0.04046564,"{""return_ai_profit_conversion_score"": 0.0, ""return_asset_extension_200dma"": 0.01389452, ""return_asset_return_63d"": -0.00630048, ""return_asset_rsi_14"": -0.01949365, ""return_breadth_200dma"": 0.0, ""return_crowding_score"": 0.0, ""return_eps_revision_score"": 0.0, ""return_fcf_yield_minus_tbill"": 0.0, ""return_forward_peg_score"": 0.0, ""return_intercept"": 0.01230718, ""return_top_weight_concentration"": 0.0, ""score_ai_profit_conversion_score"": 0.0, ""score_asset_extension_200dma"": 0.21711194, ""score_asset_return_63d"": -0.14694522, ""score_asset_rsi_14"": -0.13117549, ""score_breadth_200dma"": 0.0, ""score_crowding_score"": 0.0, ""score_eps_revision_score"": 0.0, ""score_fcf_yield_minus_tbill"": 0.0, ""score_forward_peg_score"": 0.0, ""score_intercept"": 0.53488372, ""score_oos_auc_for_orientation"": 0.51086957, ""score_oos_orientation_samples"": 43, ""score_orientation"": 1, ""score_orientation_source"": 1, ""score_probability_component"": 0.53064805, ""score_raw"": 0.53880205, ""score_return_component"": 0.54695604, ""score_selected_component"": 2, ""score_selected_component_auc"": 0.53043478, ""score_selected_component_samples"": 43, ""score_top_weight_concentration"": 0.0, ""score_train_auc_for_orientation"": 0.65217391}",43
2025-02-03,GLD,model_walk_forward,,,,,,,,0.11343965,78.55999888,0.00947574,0.53356073,0.00671215,0.03723933,0.02967899,1196,1155,1,1,-0.03052719,"{""return_ai_profit_conversion_score"": 0.0, ""return_asset_extension_200dma"": 0.00639435, ""return_asset_return_63d"": -0.00594253, ""return_asset_rsi_14"": -0.00852251, ""return_breadth_200dma"": 0.0, ""return_crowding_score"": 0.0, ""return_eps_revision_score"": 0.0, ""return_fcf_yield_minus_tbill"": 0.0, ""return_forward_peg_score"": 0.0, ""return_intercept"": 0.00928148, ""return_top_weight_concentration"": 0.0, ""score_ai_profit_conversion_score"": 0.0, ""score_asset_extension_200dma"": 0.08270317, ""score_asset_return_63d"": 0.00327256, ""score_asset_rsi_14"": -0.15594623, ""score_breadth_200dma"": 0.0, ""score_crowding_score"": 0.0, ""score_eps_revision_score"": 0.0, ""score_fcf_yield_minus_tbill"": 0.0, ""score_forward_peg_score"": 0.0, ""score_intercept"": 0.58139535, ""score_oos_auc_for_orientation"": 0.50222222, ""score_oos_orientation_samples"": 43, ""score_orientation"": 1, ""score_orientation_source"": 1, ""score_probability_component"": 0.45194585, ""score_raw"": 0.49275329, ""score_return_component"": 0.53356073, ""score_selected_component"": 2, ""score_selected_component_auc"": 0.55111111, ""score_selected_component_samples"": 43, ""score_top_weight_concentration"": 0.0, ""score_train_auc_for_orientation"": 0.66666667}",43
2025-02-03,SGOV,model_walk_forward,,,,,,,,-0.00165516,38.1814403,-0.00337708,0.82255287,0.00209753,0.00029905,0.00140478,1196,1155,1,1,0.00179848,"{""return_ai_profit_conversion_score"": 0.0, ""return_asset_extension_200dma"": -0.00030113, ""return_asset_return_63d"": -0.00039058, ""return_asset_rsi_14"": -5.292e-05, ""return_breadth_200dma"": 0.0, ""return_crowding_score"": 0.0, ""return_eps_revision_score"": 0.0, ""return_fcf_yield_minus_tbill"": 0.0, ""return_forward_peg_score"": 0.0, ""return_intercept"": 0.00070031, ""return_top_weight_concentration"": 0.0, ""score_ai_profit_conversion_score"": 0.0, ""score_asset_extension_200dma"": -0.03128758, ""score_asset_return_63d"": -0.00693823, ""score_asset_rsi_14"": -0.19411704, ""score_breadth_200dma"": 0.0, ""score_crowding_score"": 0.0, ""score_eps_revision_score"": 0.0, ""score_fcf_yield_minus_tbill"": 0.0, ""score_forward_peg_score"": 0.0, ""score_intercept"": 0.58139535, ""score_oos_auc_for_orientation"": 0.60888889, ""score_oos_orientation_samples"": 43, ""score_orientation"": 1, ""score_orientation_source"": 1, ""score_probability_component"": 0.82255287, ""score_raw"": 0.66652025, ""score_return_component"": 0.51048764, ""score_selected_component"": 1, ""score_selected_component_auc"": 0.61666667, ""score_selected_component_samples"": 43, ""score_top_weight_concentration"": 0.0, ""score_train_auc_for_orientation"": 0.77111111}",43
2025-03-03,QQQ,model_walk_forward,,,,,,,,0.0103215,28.10717408,-0.0240718,0.70346708,0.04069342,-0.04204807,-0.03229688,1216,1175,0,0,0.08274149,"{""return_ai_profit_conversion_score"": 0.0, ""return_asset_extension_200dma"": 0.01352823, ""return_asset_return_63d"": -0.00639272, ""return_asset_rsi_14"": -0.01890984, ""return_breadth_200dma"": 0.0, ""return_crowding_score"": 0.0, ""return_eps_revision_score"": 0.0, ""return_fcf_yield_minus_tbill"": 0.0, ""return_forward_peg_score"": 0.0, ""return_intercept"": 0.01237847, ""return_top_weight_concentration"": 0.0, ""score_ai_profit_conversion_score"": 0.0, ""score_asset_extension_200dma"": 0.2182239, ""score_asset_return_63d"": -0.14272817, ""score_asset_rsi_14"": -0.14137914, ""score_breadth_200dma"": 0.0, ""score_crowding_score"": 0.0, ""score_eps_revision_score"": 0.0, ""score_fcf_yield_minus_tbill"": 0.0, ""score_forward_peg_score"": 0.0, ""score_intercept"": 0.54545455, ""score_oos_auc_for_orientation"": 0.525, ""score_oos_orientation_samples"": 44, ""score_orientation"": 1, ""score_orientation_source"": 1, ""score_probability_component"": 0.76883008, ""score_raw"": 0.73614858, ""score_return_component"": 0.70346708, ""score_selected_component"": 2, ""score_selected_component_auc"": 0.54791667, ""score_selected_component_samples"": 44, ""score_top_weight_concentration"": 0.0, ""score_train_auc_for_orientation"": 0.6625}",44
2025-03-03,GLD,model_walk_forward,,,,,,,,0.11906755,47.04387366,0.09792136,0.58120538,0.01624108,0.08030297,0.03814409,1216,1175,1,1,-0.06406189,"{""return_ai_profit_conversion_score"": 0.0, ""return_asset_extension_200dma"": 0.00846375, ""return_asset_return_63d"": -0.00775104, ""return_asset_rsi_14"": -0.00905279, ""return_breadth_200dma"": 0.0, ""return_crowding_score"": 0.0, ""return_eps_revision_score"": 0.0, ""return_fcf_yield_minus_tbill"": 0.0, ""return_forward_peg_score"": 0.0, ""return_intercept"": 0.01041517, ""return_top_weight_concentration"": 0.0, ""score_ai_profit_conversion_score"": 0.0, ""score_asset_extension_200dma"": 0.09688213, ""score_asset_return_63d"": -0.00977236, ""score_asset_rsi_14"": -0.15919456, ""score_breadth_200dma"": 0.0, ""score_crowding_score"": 0.0, ""score_eps_revision_score"": 0.0, ""score_fcf_yield_minus_tbill"": 0.0, ""score_forward_peg_score"": 0.0, ""score_intercept"": 0.59090909, ""score_oos_auc_for_orientation"": 0.51709402, ""score_oos_orientation_samples"": 44, ""score_orientation"": 1, ""score_orientation_source"": 1, ""score_probability_component"": 0.75581253, ""score_raw"": 0.66850896, ""score_return_component"": 0.58120538, ""score_selected_component"": 2, ""score_selected_component_auc"": 0.56623932, ""score_selected_component_samples"": 44, ""score_top_weight_concentration"": 0.0, ""score_train_auc_for_orientation"": 0.67735043}",44
2025-03-03,SGOV,model_walk_forward,,,,,,,,-0.00143178,43.13731311,-0.002584,0.60100355,0.00167066,0.0,0.00146291,1216,1175,0,1,0.00167066,"{""return_ai_profit_conversion_score"": 0.0, ""return_asset_extension_200dma"": -0.00026015, ""return_asset_return_63d"": -0.00040063, ""return_asset_rsi_14"": -7.048e-05, ""return_breadth_200dma"": 0.0, ""return_crowding_score"": 0.0, ""return_eps_revision_score"": 0.0, ""return_fcf_yield_minus_tbill"": 0.0, ""return_forward_peg_score"": 0.0, ""return_intercept"": 0.0006844, ""return_top_weight_concentration"": 0.0, ""score_ai_profit_conversion_score"": 0.0, ""score_asset_extension_200dma"": -0.00112888, ""score_asset_return_63d"": -0.01645493, ""score_asset_rsi_14"": -0.20464628, ""score_breadth_200dma"": 0.0, ""score_crowding_score"": 0.0, ""score_eps_revision_score"": 0.0, ""score_fcf_yield_minus_tbill"": 0.0, ""score_forward_peg_score"": 0.0, ""score_intercept"": 0.56818182, ""score_oos_auc_for_orientation"": 0.61263158, ""score_oos_orientation_samples"": 44, ""score_orientation"": 1, ""score_orientation_source"": 1, ""score_probability_component"": 0.60100355, ""score_raw"": 0.55467843, ""score_return_component"": 0.5083533, ""score_selected_component"": 1, ""score_selected_component_auc"": 0.62, ""score_selected_component_samples"": 44, ""score_top_weight_concentration"": 0.0, ""score_train_auc_for_orientation"": 0.74947368}",44
2025-04-01,QQQ,model_walk_forward,,,,,,,,-0.04405456,47.41864246,-0.09541485,0.57803043,0.01560609,0.01899721,-0.039287,1236,1196,1,0,-0.00339112,"{""return_ai_profit_conversion_score"": 0.0, ""return_asset_extension_200dma"": 0.01308085, ""return_asset_return_63d"": -0.00604417, ""return_asset_rsi_14"": -0.01894715, ""return_breadth_200dma"": 0.0, ""return_crowding_score"": 0.0, ""return_eps_revision_score"": 0.0, ""return_fcf_yield_minus_tbill"": 0.0, ""return_forward_peg_score"": 0.0, ""return_intercept"": 0.01141285, ""return_top_weight_concentration"": 0.0, ""score_ai_profit_conversion_score"": 0.0, ""score_asset_extension_200dma"": 0.21184758, ""score_asset_return_63d"": -0.13743909, ""score_asset_rsi_14"": -0.14301789, ""score_breadth_200dma"": 0.0, ""score_crowding_score"": 0.0, ""score_eps_revision_score"": 0.0, ""score_fcf_yield_minus_tbill"": 0.0, ""score_forward_peg_score"": 0.0, ""score_intercept"": 0.53333333, ""score_oos_auc_for_orientation"": 0.51587302, ""score_oos_orientation_samples"": 45, ""score_orientation"": 1, ""score_orientation_source"": 1, ""score_probability_component"": 0.58454643, ""score_raw"": 0.58128843, ""score_return_component"": 0.57803043, ""score_selected_component"": 2, ""score_selected_component_auc"": 0.53769841, ""score_selected_component_samples"": 45, ""score_top_weight_concentration"": 0.0, ""score_train_auc_for_orientation"": 0.66468254}",45
2025-04-01,GLD,model_walk_forward,,,,,,,,0.17609268,82.45482402,0.19125938,0.47696362,-0.00460728,0.03439157,0.034279,1236,1196,1,1,-0.03899885,"{""return_ai_profit_conversion_score"": 0.0, ""return_asset_extension_200dma"": 0.01051345, ""return_asset_return_63d"": -0.00993636, ""return_asset_rsi_14"": -0.00810066, ""return_breadth_200dma"": 0.0, ""return_crowding_score"": 0.0, ""return_eps_revision_score"": 0.0, ""return_fcf_yield_minus_tbill"": 0.0, ""return_forward_peg_score"": 0.0, ""return_intercept"": 0.01101126, ""return_top_weight_concentration"": 0.0, ""score_ai_profit_conversion_score"": 0.0, ""score_asset_extension_200dma"": 0.13601912, ""score_asset_return_63d"": -0.05316217, ""score_asset_rsi_14"": -0.14069277, ""score_breadth_200dma"": 0.0, ""score_crowding_score"": 0.0, ""score_eps_revision_score"": 0.0, ""score_fcf_yield_minus_tbill"": 0.0, ""score_forward_peg_score"": 0.0, ""score_intercept"": 0.6, ""score_oos_auc_for_orientation"": 0.51028807, ""score_oos_orientation_samples"": 45, ""score_orientation"": 1, ""score_orientation_source"": 1, ""score_probability_component"": 0.52804997, ""score_raw"": 0.50250679, ""score_return_component"": 0.47696362, ""score_selected_component"": 2, ""score_selected_component_auc"": 0.57613169, ""score_selected_component_samples"": 45, ""score_top_weight_concentration"": 0.0, ""score_train_auc_for_orientation"": 0.65226337}",45
2025-04-01,SGOV,model_walk_forward,,,,,,,,-0.00150994,40.74089726,0.00059824,0.65171405,0.00069456,0.00019935,0.00166562,1236,1196,1,1,0.00049521,"{""return_ai_profit_conversion_score"": 0.0, ""return_asset_extension_200dma"": -0.00022717, ""return_asset_return_63d"": -0.00034064, ""return_asset_rsi_14"": -7.701e-05, ""return_breadth_200dma"": 0.0, ""return_crowding_score"": 0.0, ""return_eps_revision_score"": 0.0, ""return_fcf_yield_minus_tbill"": 0.0, ""return_forward_peg_score"": 0.0, ""return_intercept"": 0.00067584, ""return_top_weight_concentration"": 0.0, ""score_ai_profit_conversion_score"": 0.0, ""score_asset_extension_200dma"": -0.00513589, ""score_asset_return_63d"": -0.02630506, ""score_asset_rsi_14"": -0.20355934, ""score_breadth_200dma"": 0.0, ""score_crowding_score"": 0.0, ""score_eps_revision_score"": 0.0, ""score_fcf_yield_minus_tbill"": 0.0, ""score_forward_peg_score"": 0.0, ""score_intercept"": 0.57777778, ""score_oos_auc_for_orientation"": 0.61740891, ""score_oos_orientation_samples"": 45, ""score_orientation"": 1, ""score_orientation_source"": 1, ""score_probability_component"": 0.65171405, ""score_raw"": 0.57759342, ""score_return_component"": 0.50347279, ""score_selected_component"": 1, ""score_selected_component_auc"": 0.62449393, ""score_selected_component_samples"": 45, ""score_top_weight_concentration"": 0.0, ""score_train_auc_for_orientation"": 0.75101215}",45
2025-05-01,QQQ,model_walk_forward,,,,,,,,-0.01912392,70.71662175,-0.07909377,0.45855423,-0.00828915,0.08621913,0.05578393,1257,1216,1,1,-0.09450828,"{""return_ai_profit_conversion_score"": 0.0, ""return_asset_extension_200dma"": 0.0113763, ""return_asset_return_63d"": -0.00478011, ""return_asset_rsi_14"": -0.01632267, ""return_breadth_200dma"": 0.0, ""return_crowding_score"": 0.0, ""return_eps_revision_score"": 0.0, ""return_fcf_yield_minus_tbill"": 0.0, ""return_forward_peg_score"": 0.0, ""return_intercept"": 0.01025066, ""return_top_weight_concentration"": 0.0, ""score_ai_profit_conversion_score"": 0.0, ""score_asset_extension_200dma"": 0.19521917, ""score_asset_return_63d"": -0.12516403, ""score_asset_rsi_14"": -0.11818449, ""score_breadth_200dma"": 0.0, ""score_crowding_score"": 0.0, ""score_eps_revision_score"": 0.0, ""score_fcf_yield_minus_tbill"": 0.0, ""score_forward_peg_score"": 0.0, ""score_intercept"": 0.52173913, ""score_oos_auc_for_orientation"": 0.49621212, ""score_oos_orientation_samples"": 46, ""score_orientation"": 1, ""score_orientation_source"": 1, ""score_probability_component"": 0.41691447, ""score_raw"": 0.43773435, ""score_return_component"": 0.45855423, ""score_selected_component"": 2, ""score_selected_component_auc"": 0.51704545, ""score_selected_component_samples"": 46, ""score_top_weight_concentration"": 0.0, ""score_train_auc_for_orientation"": 0.64204545}",46
2025-05-01,GLD,model_walk_forward,,,,,,,,0.1760159,53.93136339,0.15272236,0.6036197,0.02072394,0.0477712,0.0205342,1257,1216,1,1,-0.02704726,"{""return_ai_profit_conversion_score"": 0.0, ""return_asset_extension_200dma"": 0.01227186, ""return_asset_return_63d"": -0.00920757, ""return_asset_rsi_14"": -0.00949654, ""return_breadth_200dma"": 0.0, ""return_crowding_score"": 0.0, ""return_eps_revision_score"": 0.0, ""return_fcf_yield_minus_tbill"": 0.0, ""return_forward_peg_score"": 0.0, ""return_intercept"": 0.0125176, ""return_top_weight_concentration"": 0.0, ""score_ai_profit_conversion_score"": 0.0, ""score_asset_extension_200dma"": 0.14310663, ""score_asset_return_63d"": -0.05046618, ""score_asset_rsi_14"": -0.14480856, ""score_breadth_200dma"": 0.0, ""score_crowding_score"": 0.0, ""score_eps_revision_score"": 0.0, ""score_fcf_yield_minus_tbill"": 0.0, ""score_forward_peg_score"": 0.0, ""score_intercept"": 0.60869565, ""score_oos_auc_for_orientation"": 0.52380952, ""score_oos_orientation_samples"": 46, ""score_orientation"": 1, ""score_orientation_source"": 1, ""score_probability_component"": 0.80963663, ""score_raw"": 0.70662816, ""score_return_component"": 0.6036197, ""score_selected_component"": 2, ""score_selected_component_auc"": 0.58928571, ""score_selected_component_samples"": 46, ""score_top_weight_concentration"": 0.0, ""score_train_auc_for_orientation"": 0.66666667}",46
2025-05-01,SGOV,model_walk_forward,,,,,,,,-0.00131835,43.85967298,-0.00288099,0.53447696,0.00133981,9.958e-05,0.00162729,1257,1216,1,1,0.00124024,"{""return_ai_profit_conversion_score"": 0.0, ""return_asset_extension_200dma"": -0.000184, ""return_asset_return_63d"": -0.00029954, ""return_asset_rsi_14"": -0.00011504, ""return_breadth_200dma"": 0.0, ""return_crowding_score"": 0.0, ""return_eps_revision_score"": 0.0, ""return_fcf_yield_minus_tbill"": 0.0, ""return_forward_peg_score"": 0.0, ""return_intercept"": 0.00066114, ""return_top_weight_concentration"": 0.0, ""score_ai_profit_conversion_score"": 0.0, ""score_asset_extension_200dma"": 0.01331168, ""score_asset_return_63d"": -0.0067851, ""score_asset_rsi_14"": -0.21790494, ""score_breadth_200dma"": 0.0, ""score_crowding_score"": 0.0, ""score_eps_revision_score"": 0.0, ""score_fcf_yield_minus_tbill"": 0.0, ""score_forward_peg_score"": 0.0, ""score_intercept"": 0.56521739, ""score_oos_auc_for_orientation"": 0.62115385, ""score_oos_orientation_samples"": 46, ""score_orientation"": 1, ""score_orientation_source"": 1, ""score_probability_component"": 0.53447696, ""score_raw"": 0.52058802, ""score_return_component"": 0.50669907, ""score_selected_component"": 1, ""score_selected_component_auc"": 0.62788462, ""score_selected_component_samples"": 46, ""score_top_weight_concentration"": 0.0, ""score_train_auc_for_orientation"": 0.76923077}",46
2025-06-02,QQQ,model_walk_forward,,,,,,,,0.05496133,65.64790328,0.05263059,0.49166812,-0.00166638,0.05273211,0.02337489,1278,1236,1,1,-0.05439848,"{""return_ai_profit_conversion_score"": 0.0, ""return_asset_extension_200dma"": 0.01144143, ""return_asset_return_63d"": -0.00507503, ""return_asset_rsi_14"": -0.01615869, ""return_breadth_200dma"": 0.0, ""return_crowding_score"": 0.0, ""return_eps_revision_score"": 0.0, ""return_fcf_yield_minus_tbill"": 0.0, ""return_forward_peg_score"": 0.0, ""return_intercept"": 0.01043675, ""return_top_weight_concentration"": 0.0, ""score_ai_profit_conversion_score"": 0.0, ""score_asset_extension_200dma"": 0.20089637, ""score_asset_return_63d"": -0.14382243, ""score_asset_rsi_14"": -0.11610918, ""score_breadth_200dma"": 0.0, ""score_crowding_score"": 0.0, ""score_eps_revision_score"": 0.0, ""score_fcf_yield_minus_tbill"": 0.0, ""score_forward_peg_score"": 0.0, ""score_intercept"": 0.53191489, ""score_oos_auc_for_orientation"": 0.50727273, ""score_oos_orientation_samples"": 47, ""score_orientation"": 1, ""score_orientation_source"": 1, ""score_probability_component"": 0.42890609, ""score_raw"": 0.46028711, ""score_return_component"": 0.49166812, ""score_selected_component"": 2, ""score_selected_component_auc"": 0.52545455, ""score_selected_component_samples"": 47, ""score_top_weight_concentration"": 0.0, ""score_train_auc_for_orientation"": 0.65272727}",47
2025-06-02,GLD,model_walk_forward,,,,,,,,0.1926474,62.34433102,0.16844127,0.60587785,0.02117557,-0.00776467,-0.00953853,1278,1236,0,0,0.02894024,"{""return_ai_profit_conversion_score"": 0.0, ""return_asset_extension_200dma"": 0.01295289, ""return_asset_return_63d"": -0.00840051, ""return_asset_rsi_14"": -0.00921908, ""return_breadth_200dma"": 0.0, ""return_crowding_score"": 0.0, ""return_eps_revision_score"": 0.0, ""return_fcf_yield_minus_tbill"": 0.0, ""return_forward_peg_score"": 0.0, ""return_intercept"": 0.01298301, ""return_top_weight_concentration"": 0.0, ""score_ai_profit_conversion_score"": 0.0, ""score_asset_extension_200dma"": 0.15141485, ""score_asset_return_63d"": -0.03615083, ""score_asset_rsi_14"": -0.141524, ""score_breadth_200dma"": 0.0, ""score_crowding_score"": 0.0, ""score_eps_revision_score"": 0.0, ""score_fcf_yield_minus_tbill"": 0.0, ""score_forward_peg_score"": 0.0, ""score_intercept"": 0.61702128, ""score_oos_auc_for_orientation"": 0.53065134, ""score_oos_orientation_samples"": 47, ""score_orientation"": 1, ""score_orientation_source"": 1, ""score_probability_component"": 0.81874247, ""score_raw"": 0.71231016, ""score_return_component"": 0.60587785, ""score_selected_component"": 2, ""score_selected_component_auc"": 0.57854406, ""score_selected_component_samples"": 47, ""score_top_weight_concentration"": 0.0, ""score_train_auc_for_orientation"": 0.66666667}",47
2025-06-02,SGOV,model_walk_forward,,,,,,,,-0.00122487,41.07084397,0.00019925,0.6546304,0.00065948,-9.957e-05,0.00140422,1278,1236,0,1,0.00075905,"{""return_ai_profit_conversion_score"": 0.0, ""return_asset_extension_200dma"": -0.00016881, ""return_asset_return_63d"": -0.00031, ""return_asset_rsi_14"": -0.00011679, ""return_breadth_200dma"": 0.0, ""return_crowding_score"": 0.0, ""return_eps_revision_score"": 0.0, ""return_fcf_yield_minus_tbill"": 0.0, ""return_forward_peg_score"": 0.0, ""return_intercept"": 0.00065132, ""return_top_weight_concentration"": 0.0, ""score_ai_profit_conversion_score"": 0.0, ""score_asset_extension_200dma"": 0.00145642, ""score_asset_return_63d"": 0.00199163, ""score_asset_rsi_14"": -0.21393884, ""score_breadth_200dma"": 0.0, ""score_crowding_score"": 0.0, ""score_eps_revision_score"": 0.0, ""score_fcf_yield_minus_tbill"": 0.0, ""score_forward_peg_score"": 0.0, ""score_intercept"": 0.57446809, ""score_oos_auc_for_orientation"": 0.62407407, ""score_oos_orientation_samples"": 47, ""score_orientation"": 1, ""score_orientation_source"": 1, ""score_probability_component"": 0.6546304, ""score_raw"": 0.5789639, ""score_return_component"": 0.5032974, ""score_selected_component"": 1, ""score_selected_component_auc"": 0.63055556, ""score_selected_component_samples"": 47, ""score_top_weight_concentration"": 0.0, ""score_train_auc_for_orientation"": 0.76851852}",47
2025-07-01,QQQ,model_walk_forward,,,,,,,,0.08866209,61.83331732,0.1664889,0.49036518,-0.00192696,0.03294397,0.02375078,1298,1257,1,1,-0.03487093,"{""return_ai_profit_conversion_score"": 0.0, ""return_asset_extension_200dma"": 0.012238, ""return_asset_return_63d"": -0.00913473, ""return_asset_rsi_14"": -0.01304132, ""return_breadth_200dma"": 0.0, ""return_crowding_score"": 0.0, ""return_eps_revision_score"": 0.0, ""return_fcf_yield_minus_tbill"": 0.0, ""return_forward_peg_score"": 0.0, ""return_intercept"": 0.01201555, ""return_top_weight_concentration"": 0.0, ""score_ai_profit_conversion_score"": 0.0, ""score_asset_extension_200dma"": 0.20479615, ""score_asset_return_63d"": -0.16811333, ""score_asset_rsi_14"": -0.09767775, ""score_breadth_200dma"": 0.0, ""score_crowding_score"": 0.0, ""score_eps_revision_score"": 0.0, ""score_fcf_yield_minus_tbill"": 0.0, ""score_forward_peg_score"": 0.0, ""score_intercept"": 0.54166667, ""score_oos_auc_for_orientation"": 0.4965035, ""score_oos_orientation_samples"": 48, ""score_orientation"": 1, ""score_orientation_source"": 1, ""score_probability_component"": 0.34394707, ""score_raw"": 0.41715613, ""score_return_component"": 0.49036518, ""score_selected_component"": 2, ""score_selected_component_auc"": 0.51398601, ""score_selected_component_samples"": 48, ""score_top_weight_concentration"": 0.0, ""score_train_auc_for_orientation"": 0.64160839}",48
2025-07-01,GLD,model_walk_forward,,,,,,,,0.14301935,51.19794227,0.06736299,0.65874697,0.03174939,-0.01492439,0.00059925,1298,1257,0,1,0.04667378,"{""return_ai_profit_conversion_score"": 0.0, ""return_asset_extension_200dma"": 0.01419772, ""return_asset_return_63d"": -0.00819828, ""return_asset_rsi_14"": -0.0096525, ""return_breadth_200dma"": 0.0, ""return_crowding_score"": 0.0, ""return_eps_revision_score"": 0.0, ""return_fcf_yield_minus_tbill"": 0.0, ""return_forward_peg_score"": 0.0, ""return_intercept"": 0.01370776, ""return_top_weight_concentration"": 0.0, ""score_ai_profit_conversion_score"": 0.0, ""score_asset_extension_200dma"": 0.16121157, ""score_asset_return_63d"": -0.03459997, ""score_asset_rsi_14"": -0.14329468, ""score_breadth_200dma"": 0.0, ""score_crowding_score"": 0.0, ""score_eps_revision_score"": 0.0, ""score_fcf_yield_minus_tbill"": 0.0, ""score_forward_peg_score"": 0.0, ""score_intercept"": 0.625, ""score_oos_auc_for_orientation"": 0.54259259, ""score_oos_orientation_samples"": 48, ""score_orientation"": 1, ""score_orientation_source"": 1, ""score_probability_component"": 0.85871037, ""score_raw"": 0.75872867, ""score_return_component"": 0.65874697, ""score_selected_component"": 2, ""score_selected_component_auc"": 0.59074074, ""score_selected_component_samples"": 48, ""score_top_weight_concentration"": 0.0, ""score_train_auc_for_orientation"": 0.66851852}",48
2025-07-01,SGOV,model_walk_forward,,,,,,,,-0.00131338,41.81856082,-0.00297999,0.66440911,0.00128398,0.00348708,0.00191669,1298,1257,1,1,-0.0022031,"{""return_ai_profit_conversion_score"": 0.0, ""return_asset_extension_200dma"": -0.00013973, ""return_asset_return_63d"": -0.00027349, ""return_asset_rsi_14"": -0.0001469, ""return_breadth_200dma"": 0.0, ""return_crowding_score"": 0.0, ""return_eps_revision_score"": 0.0, ""return_fcf_yield_minus_tbill"": 0.0, ""return_forward_peg_score"": 0.0, ""return_intercept"": 0.00063982, ""return_top_weight_concentration"": 0.0, ""score_ai_profit_conversion_score"": 0.0, ""score_asset_extension_200dma"": -0.00923808, ""score_asset_return_63d"": -0.0142533, ""score_asset_rsi_14"": -0.20003024, ""score_breadth_200dma"": 0.0, ""score_crowding_score"": 0.0, ""score_eps_revision_score"": 0.0, ""score_fcf_yield_minus_tbill"": 0.0, ""score_forward_peg_score"": 0.0, ""score_intercept"": 0.58333333, ""score_oos_auc_for_orientation"": 0.61964286, ""score_oos_orientation_samples"": 48, ""score_orientation"": 1, ""score_orientation_source"": 1, ""score_probability_component"": 0.66440911, ""score_raw"": 0.58541451, ""score_return_component"": 0.50641991, ""score_selected_component"": 1, ""score_selected_component_auc"": 0.62589286, ""score_selected_component_samples"": 48, ""score_top_weight_concentration"": 0.0, ""score_train_auc_for_orientation"": 0.75178571}",48
2025-08-01,QQQ,model_walk_forward,,,,,,,,0.08425032,46.63583473,0.14989207,0.57369542,0.01473908,0.02119591,0.03194176,1320,1298,1,1,-0.00645682,"{""return_ai_profit_conversion_score"": 0.0, ""return_asset_extension_200dma"": 0.00962404, ""return_asset_return_63d"": -0.00634946, ""return_asset_rsi_14"": -0.0119206, ""return_breadth_200dma"": 0.0, ""return_crowding_score"": 0.0, ""return_eps_revision_score"": 0.0, ""return_fcf_yield_minus_tbill"": 0.0, ""return_forward_peg_score"": 0.0, ""return_intercept"": 0.01324845, ""return_top_weight_concentration"": 0.0, ""score_ai_profit_conversion_score"": 0.0, ""score_asset_extension_200dma"": 0.16106837, ""score_asset_return_63d"": -0.11906889, ""score_asset_rsi_14"": -0.08495112, ""score_breadth_200dma"": 0.0, ""score_crowding_score"": 0.0, ""score_eps_revision_score"": 0.0, ""score_fcf_yield_minus_tbill"": 0.0, ""score_forward_peg_score"": 0.0, ""score_intercept"": 0.56, ""score_oos_auc_for_orientation"": 0.4788961, ""score_oos_orientation_samples"": 50, ""score_orientation"": 1, ""score_orientation_source"": 1, ""score_probability_component"": 0.51538223, ""score_raw"": 0.54453883, ""score_return_component"": 0.57369542, ""score_selected_component"": 2, ""score_selected_component_auc"": 0.49350649, ""score_selected_component_samples"": 50, ""score_top_weight_concentration"": 0.0, ""score_train_auc_for_orientation"": 0.61201299}",50
2025-08-01,GLD,model_walk_forward,,,,,,,,0.11894896,51.48806132,0.03916491,0.6225502,0.02451004,0.05331439,0.00614671,1320,1298,1,1,-0.02880435,"{""return_ai_profit_conversion_score"": 0.0, ""return_asset_extension_200dma"": 0.01091867, ""return_asset_return_63d"": -0.00701117, ""return_asset_rsi_14"": -0.00867439, ""return_breadth_200dma"": 0.0, ""return_crowding_score"": 0.0, ""return_eps_revision_score"": 0.0, ""return_fcf_yield_minus_tbill"": 0.0, ""return_forward_peg_score"": 0.0, ""return_intercept"": 0.01270567, ""return_top_weight_concentration"": 0.0, ""score_ai_profit_conversion_score"": 0.0, ""score_asset_extension_200dma"": 0.08868376, ""score_asset_return_63d"": -0.01475036, ""score_asset_rsi_14"": -0.12327361, ""score_breadth_200dma"": 0.0, ""score_crowding_score"": 0.0, ""score_eps_revision_score"": 0.0, ""score_fcf_yield_minus_tbill"": 0.0, ""score_forward_peg_score"": 0.0, ""score_intercept"": 0.6, ""score_oos_auc_for_orientation"": 0.49666667, ""score_oos_orientation_samples"": 50, ""score_orientation"": 1, ""score_orientation_source"": 1, ""score_probability_component"": 0.70093171, ""score_raw"": 0.66174095, ""score_return_component"": 0.6225502, ""score_selected_component"": 2, ""score_selected_component_auc"": 0.53666667, ""score_selected_component_samples"": 50, ""score_top_weight_concentration"": 0.0, ""score_train_auc_for_orientation"": 0.63}",50
2025-08-01,SGOV,model_walk_forward,,,,,,,,-0.00115019,38.88865298,0.00019923,0.71566919,0.0006682,0.0,0.00158431,1320,1298,0,1,0.0006682,"{""return_ai_profit_conversion_score"": 0.0, ""return_asset_extension_200dma"": -0.00015286, ""return_asset_return_63d"": -0.00036379, ""return_asset_rsi_14"": -0.00012107, ""return_breadth_200dma"": 0.0, ""return_crowding_score"": 0.0, ""return_eps_revision_score"": 0.0, ""return_fcf_yield_minus_tbill"": 0.0, ""return_forward_peg_score"": 0.0, ""return_intercept"": 0.00068198, ""return_top_weight_concentration"": 0.0, ""score_ai_profit_conversion_score"": 0.0, ""score_asset_extension_200dma"": -0.00115927, ""score_asset_return_63d"": -0.0364503, ""score_asset_rsi_14"": -0.19317463, ""score_breadth_200dma"": 0.0, ""score_crowding_score"": 0.0, ""score_eps_revision_score"": 0.0, ""score_fcf_yield_minus_tbill"": 0.0, ""score_forward_peg_score"": 0.0, ""score_intercept"": 0.58, ""score_oos_auc_for_orientation"": 0.62397373, ""score_oos_orientation_samples"": 50, ""score_orientation"": 1, ""score_orientation_source"": 1, ""score_probability_component"": 0.71566919, ""score_raw"": 0.60950509, ""score_return_component"": 0.50334099, ""score_selected_component"": 1, ""score_selected_component_auc"": 0.62972085, ""score_selected_component_samples"": 50, ""score_top_weight_concentration"": 0.0, ""score_train_auc_for_orientation"": 0.73727422}",50
2025-09-02,QQQ,model_walk_forward,,,,,,,,0.09034759,34.28446841,0.08105726,0.64350952,0.0287019,0.07091331,0.04421134,1342,1298,1,1,-0.0422114,"{""return_ai_profit_conversion_score"": 0.0, ""return_asset_extension_200dma"": 0.00962404, ""return_asset_return_63d"": -0.00634946, ""return_asset_rsi_14"": -0.0119206, ""return_breadth_200dma"": 0.0, ""return_crowding_score"": 0.0, ""return_eps_revision_score"": 0.0, ""return_fcf_yield_minus_tbill"": 0.0, ""return_forward_peg_score"": 0.0, ""return_intercept"": 0.01324845, ""return_top_weight_concentration"": 0.0, ""score_ai_profit_conversion_score"": 0.0, ""score_asset_extension_200dma"": 0.16106837, ""score_asset_return_63d"": -0.11906889, ""score_asset_rsi_14"": -0.08495112, ""score_breadth_200dma"": 0.0, ""score_crowding_score"": 0.0, ""score_eps_revision_score"": 0.0, ""score_fcf_yield_minus_tbill"": 0.0, ""score_forward_peg_score"": 0.0, ""score_intercept"": 0.56, ""score_oos_auc_for_orientation"": 0.4788961, ""score_oos_orientation_samples"": 50, ""score_orientation"": 1, ""score_orientation_source"": 1, ""score_probability_component"": 0.67159367, ""score_raw"": 0.6575516, ""score_return_component"": 0.64350952, ""score_selected_component"": 2, ""score_selected_component_auc"": 0.49350649, ""score_selected_component_samples"": 50, ""score_top_weight_concentration"": 0.0, ""score_train_auc_for_orientation"": 0.61201299}",50
2025-09-02,GLD,model_walk_forward,,,,,,,,0.15219428,79.65759635,0.04466257,0.57535622,0.01507124,0.08968338,0.04642762,1342,1298,1,1,-0.07461214,"{""return_ai_profit_conversion_score"": 0.0, ""return_asset_extension_200dma"": 0.01091867, ""return_asset_return_63d"": -0.00701117, ""return_asset_rsi_14"": -0.00867439, ""return_breadth_200dma"": 0.0, ""return_crowding_score"": 0.0, ""return_eps_revision_score"": 0.0, ""return_fcf_yield_minus_tbill"": 0.0, ""return_forward_peg_score"": 0.0, ""return_intercept"": 0.01270567, ""return_top_weight_concentration"": 0.0, ""score_ai_profit_conversion_score"": 0.0, ""score_asset_extension_200dma"": 0.08868376, ""score_asset_return_63d"": -0.01475036, ""score_asset_rsi_14"": -0.12327361, ""score_breadth_200dma"": 0.0, ""score_crowding_score"": 0.0, ""score_eps_revision_score"": 0.0, ""score_fcf_yield_minus_tbill"": 0.0, ""score_forward_peg_score"": 0.0, ""score_intercept"": 0.6, ""score_oos_auc_for_orientation"": 0.49666667, ""score_oos_orientation_samples"": 50, ""score_orientation"": 1, ""score_orientation_source"": 1, ""score_probability_component"": 0.54211431, ""score_raw"": 0.55873527, ""score_return_component"": 0.57535622, ""score_selected_component"": 2, ""score_selected_component_auc"": 0.53666667, ""score_selected_component_samples"": 50, ""score_top_weight_concentration"": 0.0, ""score_train_auc_for_orientation"": 0.63}",50
2025-09-02,SGOV,model_walk_forward,,,,,,,,-0.00117504,41.66677292,9.964e-05,0.61349908,0.00063371,-9.963e-05,0.00153041,1342,1298,0,1,0.00073334,"{""return_ai_profit_conversion_score"": 0.0, ""return_asset_extension_200dma"": -0.00015286, ""return_asset_return_63d"": -0.00036379, ""return_asset_rsi_14"": -0.00012107, ""return_breadth_200dma"": 0.0, ""return_crowding_score"": 0.0, ""return_eps_revision_score"": 0.0, ""return_fcf_yield_minus_tbill"": 0.0, ""return_forward_peg_score"": 0.0, ""return_intercept"": 0.00068198, ""return_top_weight_concentration"": 0.0, ""score_ai_profit_conversion_score"": 0.0, ""score_asset_extension_200dma"": -0.00115927, ""score_asset_return_63d"": -0.0364503, ""score_asset_rsi_14"": -0.19317463, ""score_breadth_200dma"": 0.0, ""score_crowding_score"": 0.0, ""score_eps_revision_score"": 0.0, ""score_fcf_yield_minus_tbill"": 0.0, ""score_forward_peg_score"": 0.0, ""score_intercept"": 0.58, ""score_oos_auc_for_orientation"": 0.62397373, ""score_oos_orientation_samples"": 50, ""score_orientation"": 1, ""score_orientation_source"": 1, ""score_probability_component"": 0.61349908, ""score_raw"": 0.55833381, ""score_return_component"": 0.50316853, ""score_selected_component"": 1, ""score_selected_component_auc"": 0.62972085, ""score_selected_component_samples"": 50, ""score_top_weight_concentration"": 0.0, ""score_train_auc_for_orientation"": 0.73727422}",50
2025-10-01,QQQ,model_walk_forward,,,,,,,,0.1448708,74.04065036,0.09522515,0.51998667,0.00399733,0.0428015,0.01321704,1363,1320,1,1,-0.03880417,"{""return_ai_profit_conversion_score"": 0.0, ""return_asset_extension_200dma"": 0.00932088, ""return_asset_return_63d"": -0.00600658, ""return_asset_rsi_14"": -0.01193163, ""return_breadth_200dma"": 0.0, ""return_crowding_score"": 0.0, ""return_eps_revision_score"": 0.0, ""return_fcf_yield_minus_tbill"": 0.0, ""return_forward_peg_score"": 0.0, ""return_intercept"": 0.01340429, ""return_top_weight_concentration"": 0.0, ""score_ai_profit_conversion_score"": 0.0, ""score_asset_extension_200dma"": 0.14320636, ""score_asset_return_63d"": -0.09207936, ""score_asset_rsi_14"": -0.09198021, ""score_breadth_200dma"": 0.0, ""score_crowding_score"": 0.0, ""score_eps_revision_score"": 0.0, ""score_fcf_yield_minus_tbill"": 0.0, ""score_forward_peg_score"": 0.0, ""score_intercept"": 0.56862745, ""score_oos_auc_for_orientation"": 0.48589342, ""score_oos_orientation_samples"": 51, ""score_orientation"": 1, ""score_orientation_source"": 1, ""score_probability_component"": 0.53524709, ""score_raw"": 0.52761688, ""score_return_component"": 0.51998667, ""score_selected_component"": 2, ""score_selected_component_auc"": 0.5015674, ""score_selected_component_samples"": 51, ""score_top_weight_concentration"": 0.0, ""score_train_auc_for_orientation"": 0.60971787}",51
2025-10-01,GLD,model_walk_forward,,,,,,,,0.21629735,79.96620618,0.1512692,0.5807556,0.01615112,0.0339578,0.0505052,1363,1320,1,1,-0.01780668,"{""return_ai_profit_conversion_score"": 0.0, ""return_asset_extension_200dma"": 0.01252975, ""return_asset_return_63d"": -0.00823031, ""return_asset_rsi_14"": -0.00871869, ""return_breadth_200dma"": 0.0, ""return_crowding_score"": 0.0, ""return_eps_revision_score"": 0.0, ""return_fcf_yield_minus_tbill"": 0.0, ""return_forward_peg_score"": 0.0, ""return_intercept"": 0.01350192, ""return_top_weight_concentration"": 0.0, ""score_ai_profit_conversion_score"": 0.0, ""score_asset_extension_200dma"": 0.10544132, ""score_asset_return_63d"": -0.02797901, ""score_asset_rsi_14"": -0.12341205, ""score_breadth_200dma"": 0.0, ""score_crowding_score"": 0.0, ""score_eps_revision_score"": 0.0, ""score_fcf_yield_minus_tbill"": 0.0, ""score_forward_peg_score"": 0.0, ""score_intercept"": 0.60784314, ""score_oos_auc_for_orientation"": 0.50645161, ""score_oos_orientation_samples"": 51, ""score_orientation"": 1, ""score_orientation_source"": 1, ""score_probability_component"": 0.61963565, ""score_raw"": 0.60019562, ""score_return_component"": 0.5807556, ""score_selected_component"": 2, ""score_selected_component_auc"": 0.5483871, ""score_selected_component_samples"": 51, ""score_top_weight_concentration"": 0.0, ""score_train_auc_for_orientation"": 0.63387097}",51
2025-10-01,SGOV,model_walk_forward,,,,,,,,-0.00143808,37.7359037,0.0,0.73135876,0.00077379,0.00348708,0.00184316,1363,1320,1,1,-0.00271329,"{""return_ai_profit_conversion_score"": 0.0, ""return_asset_extension_200dma"": -0.00014749, ""return_asset_return_63d"": -0.00037164, ""return_asset_rsi_14"": -0.00011088, ""return_breadth_200dma"": 0.0, ""return_crowding_score"": 0.0, ""return_eps_revision_score"": 0.0, ""return_fcf_yield_minus_tbill"": 0.0, ""return_forward_peg_score"": 0.0, ""return_intercept"": 0.00066861, ""return_top_weight_concentration"": 0.0, ""score_ai_profit_conversion_score"": 0.0, ""score_asset_extension_200dma"": 0.00353643, ""score_asset_return_63d"": -0.04727384, ""score_asset_rsi_14"": -0.18203609, ""score_breadth_200dma"": 0.0, ""score_crowding_score"": 0.0, ""score_eps_revision_score"": 0.0, ""score_fcf_yield_minus_tbill"": 0.0, ""score_forward_peg_score"": 0.0, ""score_intercept"": 0.56862745, ""score_oos_auc_for_orientation"": 0.62225705, ""score_oos_orientation_samples"": 51, ""score_orientation"": 1, ""score_orientation_source"": 1, ""score_probability_component"": 0.73135876, ""score_raw"": 0.61761386, ""score_return_component"": 0.50386897, ""score_selected_component"": 1, ""score_selected_component_auc"": 0.62774295, ""score_selected_component_samples"": 51, ""score_top_weight_concentration"": 0.0, ""score_train_auc_for_orientation"": 0.70532915}",51
2025-11-03,QQQ,model_walk_forward,,,,,,,,0.17576026,74.31507475,0.12817034,0.53470641,0.00694128,-0.01354259,-0.03320559,1385,1363,0,0,0.02048387,"{""return_ai_profit_conversion_score"": 0.0, ""return_asset_extension_200dma"": 0.01047605, ""return_asset_return_63d"": -0.0059782, ""return_asset_rsi_14"": -0.01260738, ""return_breadth_200dma"": 0.0, ""return_crowding_score"": 0.0, ""return_eps_revision_score"": 0.0, ""return_fcf_yield_minus_tbill"": 0.0, ""return_forward_peg_score"": 0.0, ""return_intercept"": 0.01504403, ""return_top_weight_concentration"": 0.0, ""score_ai_profit_conversion_score"": 0.0, ""score_asset_extension_200dma"": 0.15443789, ""score_asset_return_63d"": -0.09338308, ""score_asset_rsi_14"": -0.09343529, ""score_breadth_200dma"": 0.0, ""score_crowding_score"": 0.0, ""score_eps_revision_score"": 0.0, ""score_fcf_yield_minus_tbill"": 0.0, ""score_forward_peg_score"": 0.0, ""score_intercept"": 0.58490566, ""score_oos_auc_for_orientation"": 0.5, ""score_oos_orientation_samples"": 53, ""score_orientation"": 1, ""score_orientation_source"": 1, ""score_probability_component"": 0.57347702, ""score_raw"": 0.55409172, ""score_return_component"": 0.53470641, ""score_selected_component"": 2, ""score_selected_component_auc"": 0.51612903, ""score_selected_component_samples"": 53, ""score_top_weight_concentration"": 0.0, ""score_train_auc_for_orientation"": 0.61143695}",53
2025-11-03,GLD,model_walk_forward,,,,,,,,0.19877152,43.35215356,0.18517803,0.63899372,0.02779874,0.04908077,0.02416333,1385,1363,1,1,-0.02128203,"{""return_ai_profit_conversion_score"": 0.0, ""return_asset_extension_200dma"": 0.01852624, ""return_asset_return_63d"": -0.01324976, ""return_asset_rsi_14"": -0.00659135, ""return_breadth_200dma"": 0.0, ""return_crowding_score"": 0.0, ""return_eps_revision_score"": 0.0, ""return_fcf_yield_minus_tbill"": 0.0, ""return_forward_peg_score"": 0.0, ""return_intercept"": 0.01532526, ""return_top_weight_concentration"": 0.0, ""score_ai_profit_conversion_score"": 0.0, ""score_asset_extension_200dma"": 0.15536431, ""score_asset_return_63d"": -0.06180144, ""score_asset_rsi_14"": -0.10881452, ""score_breadth_200dma"": 0.0, ""score_crowding_score"": 0.0, ""score_eps_revision_score"": 0.0, ""score_fcf_yield_minus_tbill"": 0.0, ""score_forward_peg_score"": 0.0, ""score_intercept"": 0.62264151, ""score_oos_auc_for_orientation"": 0.51969697, ""score_oos_orientation_samples"": 53, ""score_orientation"": 1, ""score_orientation_source"": 1, ""score_probability_component"": 0.86265771, ""score_raw"": 0.75082571, ""score_return_component"": 0.63899372, ""score_selected_component"": 2, ""score_selected_component_auc"": 0.56666667, ""score_selected_component_samples"": 53, ""score_top_weight_concentration"": 0.0, ""score_train_auc_for_orientation"": 0.62575758}",53
2025-11-03,SGOV,model_walk_forward,,,,,,,,-0.00134876,39.62255988,-0.00019913,0.66281471,0.00085664,9.962e-05,0.00110983,1385,1363,1,1,0.00075702,"{""return_ai_profit_conversion_score"": 0.0, ""return_asset_extension_200dma"": -0.00016826, ""return_asset_return_63d"": -0.00033834, ""return_asset_rsi_14"": -0.00014959, ""return_breadth_200dma"": 0.0, ""return_crowding_score"": 0.0, ""return_eps_revision_score"": 0.0, ""return_fcf_yield_minus_tbill"": 0.0, ""return_forward_peg_score"": 0.0, ""return_intercept"": 0.00070729, ""return_top_weight_concentration"": 0.0, ""score_ai_profit_conversion_score"": 0.0, ""score_asset_extension_200dma"": 0.01008869, ""score_asset_return_63d"": -0.05019297, ""score_asset_rsi_14"": -0.18644758, ""score_breadth_200dma"": 0.0, ""score_crowding_score"": 0.0, ""score_eps_revision_score"": 0.0, ""score_fcf_yield_minus_tbill"": 0.0, ""score_forward_peg_score"": 0.0, ""score_intercept"": 0.56603774, ""score_oos_auc_for_orientation"": 0.62898551, ""score_oos_orientation_samples"": 53, ""score_orientation"": 1, ""score_orientation_source"": 1, ""score_probability_component"": 0.66281471, ""score_raw"": 0.58354897, ""score_return_component"": 0.50428322, ""score_selected_component"": 1, ""score_selected_component_auc"": 0.63405797, ""score_selected_component_samples"": 53, ""score_top_weight_concentration"": 0.0, ""score_train_auc_for_orientation"": 0.71014493}",53
2025-12-01,QQQ,model_walk_forward,,,,,,,,0.13117645,46.27122731,0.09113891,0.63054362,0.02610872,-0.00463403,0.00324988,1404,1363,0,1,0.03074276,"{""return_ai_profit_conversion_score"": 0.0, ""return_asset_extension_200dma"": 0.01047605, ""return_asset_return_63d"": -0.0059782, ""return_asset_rsi_14"": -0.01260738, ""return_breadth_200dma"": 0.0, ""return_crowding_score"": 0.0, ""return_eps_revision_score"": 0.0, ""return_fcf_yield_minus_tbill"": 0.0, ""return_forward_peg_score"": 0.0, ""return_intercept"": 0.01504403, ""return_top_weight_concentration"": 0.0, ""score_ai_profit_conversion_score"": 0.0, ""score_asset_extension_200dma"": 0.15443789, ""score_asset_return_63d"": -0.09338308, ""score_asset_rsi_14"": -0.09343529, ""score_breadth_200dma"": 0.0, ""score_crowding_score"": 0.0, ""score_eps_revision_score"": 0.0, ""score_fcf_yield_minus_tbill"": 0.0, ""score_forward_peg_score"": 0.0, ""score_intercept"": 0.58490566, ""score_oos_auc_for_orientation"": 0.5, ""score_oos_orientation_samples"": 53, ""score_orientation"": 1, ""score_orientation_source"": 1, ""score_probability_component"": 0.70008076, ""score_raw"": 0.66531219, ""score_return_component"": 0.63054362, ""score_selected_component"": 2, ""score_selected_component_auc"": 0.51612903, ""score_selected_component_samples"": 53, ""score_top_weight_concentration"": 0.0, ""score_train_auc_for_orientation"": 0.61143695}",53
2025-12-01,GLD,model_walk_forward,,,,,,,,0.22273474,63.64288832,0.19705766,0.61979582,0.02395916,0.0168313,0.01788693,1404,1363,1,1,0.00712787,"{""return_ai_profit_conversion_score"": 0.0, ""return_asset_extension_200dma"": 0.01852624, ""return_asset_return_63d"": -0.01324976, ""return_asset_rsi_14"": -0.00659135, ""return_breadth_200dma"": 0.0, ""return_crowding_score"": 0.0, ""return_eps_revision_score"": 0.0, ""return_fcf_yield_minus_tbill"": 0.0, ""return_forward_peg_score"": 0.0, ""return_intercept"": 0.01532526, ""return_top_weight_concentration"": 0.0, ""score_ai_profit_conversion_score"": 0.0, ""score_asset_extension_200dma"": 0.15536431, ""score_asset_return_63d"": -0.06180144, ""score_asset_rsi_14"": -0.10881452, ""score_breadth_200dma"": 0.0, ""score_crowding_score"": 0.0, ""score_eps_revision_score"": 0.0, ""score_fcf_yield_minus_tbill"": 0.0, ""score_forward_peg_score"": 0.0, ""score_intercept"": 0.62264151, ""score_oos_auc_for_orientation"": 0.51969697, ""score_oos_orientation_samples"": 53, ""score_orientation"": 1, ""score_orientation_source"": 1, ""score_probability_component"": 0.77730721, ""score_raw"": 0.69855151, ""score_return_component"": 0.61979582, ""score_selected_component"": 2, ""score_selected_component_auc"": 0.56666667, ""score_selected_component_samples"": 53, ""score_top_weight_concentration"": 0.0, ""score_train_auc_for_orientation"": 0.62575758}",53
2025-12-01,SGOV,model_walk_forward,,,,,,,,-0.00155966,40.81588151,-9.963e-05,0.6122924,0.00084293,0.0,0.00044595,1404,1363,0,1,0.00084293,"{""return_ai_profit_conversion_score"": 0.0, ""return_asset_extension_200dma"": -0.00016826, ""return_asset_return_63d"": -0.00033834, ""return_asset_rsi_14"": -0.00014959, ""return_breadth_200dma"": 0.0, ""return_crowding_score"": 0.0, ""return_eps_revision_score"": 0.0, ""return_fcf_yield_minus_tbill"": 0.0, ""return_forward_peg_score"": 0.0, ""return_intercept"": 0.00070729, ""return_top_weight_concentration"": 0.0, ""score_ai_profit_conversion_score"": 0.0, ""score_asset_extension_200dma"": 0.01008869, ""score_asset_return_63d"": -0.05019297, ""score_asset_rsi_14"": -0.18644758, ""score_breadth_200dma"": 0.0, ""score_crowding_score"": 0.0, ""score_eps_revision_score"": 0.0, ""score_fcf_yield_minus_tbill"": 0.0, ""score_forward_peg_score"": 0.0, ""score_intercept"": 0.56603774, ""score_oos_auc_for_orientation"": 0.62898551, ""score_oos_orientation_samples"": 53, ""score_orientation"": 1, ""score_orientation_source"": 1, ""score_probability_component"": 0.6122924, ""score_raw"": 0.55825352, ""score_return_component"": 0.50421464, ""score_selected_component"": 1, ""score_selected_component_auc"": 0.63405797, ""score_selected_component_samples"": 53, ""score_top_weight_concentration"": 0.0, ""score_train_auc_for_orientation"": 0.71014493}",53
2026-01-02,QQQ,model_walk_forward,,,,,,,,0.09781604,39.93862981,0.01220018,0.6531007,0.03062014,0.02123568,0.01640952,1425,1404,1,1,0.00938446,"{""return_ai_profit_conversion_score"": 0.0, ""return_asset_extension_200dma"": 0.00929527, ""return_asset_return_63d"": -0.0056461, ""return_asset_rsi_14"": -0.01236106, ""return_breadth_200dma"": 0.0, ""return_crowding_score"": 0.0, ""return_eps_revision_score"": 0.0, ""return_fcf_yield_minus_tbill"": 0.0, ""return_forward_peg_score"": 0.0, ""return_intercept"": 0.01416649, ""return_top_weight_concentration"": 0.0, ""score_ai_profit_conversion_score"": 0.0, ""score_asset_extension_200dma"": 0.12535424, ""score_asset_return_63d"": -0.0854993, ""score_asset_rsi_14"": -0.09002613, ""score_breadth_200dma"": 0.0, ""score_crowding_score"": 0.0, ""score_eps_revision_score"": 0.0, ""score_fcf_yield_minus_tbill"": 0.0, ""score_forward_peg_score"": 0.0, ""score_intercept"": 0.56363636, ""score_oos_auc_for_orientation"": 0.47849462, ""score_oos_orientation_samples"": 55, ""score_orientation"": 1, ""score_orientation_source"": 1, ""score_probability_component"": 0.72002858, ""score_raw"": 0.68656464, ""score_return_component"": 0.6531007, ""score_selected_component"": 2, ""score_selected_component_auc"": 0.49596774, ""score_selected_component_samples"": 55, ""score_top_weight_concentration"": 0.0, ""score_train_auc_for_orientation"": 0.60483871}",55
2026-01-02,GLD,model_walk_forward,,,,,,,,0.19715608,54.90845629,0.12257952,0.68143591,0.03628718,0.07243649,0.10042057,1425,1404,1,1,-0.03614931,"{""return_ai_profit_conversion_score"": 0.0, ""return_asset_extension_200dma"": 0.01975754, ""return_asset_return_63d"": -0.01345842, ""return_asset_rsi_14"": -0.00717249, ""return_breadth_200dma"": 0.0, ""return_crowding_score"": 0.0, ""return_eps_revision_score"": 0.0, ""return_fcf_yield_minus_tbill"": 0.0, ""return_forward_peg_score"": 0.0, ""return_intercept"": 0.01596638, ""return_top_weight_concentration"": 0.0, ""score_ai_profit_conversion_score"": 0.0, ""score_asset_extension_200dma"": 0.1715447, ""score_asset_return_63d"": -0.05588362, ""score_asset_rsi_14"": -0.11448441, ""score_breadth_200dma"": 0.0, ""score_crowding_score"": 0.0, ""score_eps_revision_score"": 0.0, ""score_fcf_yield_minus_tbill"": 0.0, ""score_forward_peg_score"": 0.0, ""score_intercept"": 0.63636364, ""score_oos_auc_for_orientation"": 0.53857143, ""score_oos_orientation_samples"": 55, ""score_orientation"": 1, ""score_orientation_source"": 1, ""score_probability_component"": 0.87300035, ""score_raw"": 0.77721813, ""score_return_component"": 0.68143591, ""score_selected_component"": 2, ""score_selected_component_auc"": 0.58571429, ""score_selected_component_samples"": 55, ""score_top_weight_concentration"": 0.0, ""score_train_auc_for_orientation"": 0.64857143}",55
2026-01-02,SGOV,model_walk_forward,,,,,,,,-0.00117675,41.66732916,0.00029893,0.55843764,0.00057667,-0.00039838,0.00122992,1425,1404,0,1,0.00097505,"{""return_ai_profit_conversion_score"": 0.0, ""return_asset_extension_200dma"": -0.00013458, ""return_asset_return_63d"": -0.00034814, ""return_asset_rsi_14"": -0.00015156, ""return_breadth_200dma"": 0.0, ""return_crowding_score"": 0.0, ""return_eps_revision_score"": 0.0, ""return_fcf_yield_minus_tbill"": 0.0, ""return_forward_peg_score"": 0.0, ""return_intercept"": 0.00068338, ""return_top_weight_concentration"": 0.0, ""score_ai_profit_conversion_score"": 0.0, ""score_asset_extension_200dma"": 0.02217669, ""score_asset_return_63d"": -0.05313571, ""score_asset_rsi_14"": -0.19049485, ""score_breadth_200dma"": 0.0, ""score_crowding_score"": 0.0, ""score_eps_revision_score"": 0.0, ""score_fcf_yield_minus_tbill"": 0.0, ""score_forward_peg_score"": 0.0, ""score_intercept"": 0.56363636, ""score_oos_auc_for_orientation"": 0.6344086, ""score_oos_orientation_samples"": 55, ""score_orientation"": 1, ""score_orientation_source"": 1, ""score_probability_component"": 0.55843764, ""score_raw"": 0.53066049, ""score_return_component"": 0.50288335, ""score_selected_component"": 1, ""score_selected_component_auc"": 0.6391129, ""score_selected_component_samples"": 55, ""score_top_weight_concentration"": 0.0, ""score_train_auc_for_orientation"": 0.71370968}",55
2026-02-02,QQQ,model_walk_forward,,,,,,,,0.08999313,49.19971432,0.0001438,0.61802141,0.02360428,-0.02457919,-0.03013554,1446,1404,0,0,0.04818347,"{""return_ai_profit_conversion_score"": 0.0, ""return_asset_extension_200dma"": 0.00929527, ""return_asset_return_63d"": -0.0056461, ""return_asset_rsi_14"": -0.01236106, ""return_breadth_200dma"": 0.0, ""return_crowding_score"": 0.0, ""return_eps_revision_score"": 0.0, ""return_fcf_yield_minus_tbill"": 0.0, ""return_forward_peg_score"": 0.0, ""return_intercept"": 0.01416649, ""return_top_weight_concentration"": 0.0, ""score_ai_profit_conversion_score"": 0.0, ""score_asset_extension_200dma"": 0.12535424, ""score_asset_return_63d"": -0.0854993, ""score_asset_rsi_14"": -0.09002613, ""score_breadth_200dma"": 0.0, ""score_crowding_score"": 0.0, ""score_eps_revision_score"": 0.0, ""score_fcf_yield_minus_tbill"": 0.0, ""score_forward_peg_score"": 0.0, ""score_intercept"": 0.56363636, ""score_oos_auc_for_orientation"": 0.47849462, ""score_oos_orientation_samples"": 55, ""score_orientation"": 1, ""score_orientation_source"": 1, ""score_probability_component"": 0.66995321, ""score_raw"": 0.64398731, ""score_return_component"": 0.61802141, ""score_selected_component"": 2, ""score_selected_component_auc"": 0.49596774, ""score_selected_component_samples"": 55, ""score_top_weight_concentration"": 0.0, ""score_train_auc_for_orientation"": 0.60483871}",55
2026-02-02,GLD,model_walk_forward,,,,,,,,0.22713347,51.6019337,0.15399994,0.69742066,0.03948413,0.1045817,0.08942074,1446,1404,1,1,-0.06509757,"{""return_ai_profit_conversion_score"": 0.0, ""return_asset_extension_200dma"": 0.01975754, ""return_asset_return_63d"": -0.01345842, ""return_asset_rsi_14"": -0.00717249, ""return_breadth_200dma"": 0.0, ""return_crowding_score"": 0.0, ""return_eps_revision_score"": 0.0, ""return_fcf_yield_minus_tbill"": 0.0, ""return_forward_peg_score"": 0.0, ""return_intercept"": 0.01596638, ""return_top_weight_concentration"": 0.0, ""score_ai_profit_conversion_score"": 0.0, ""score_asset_extension_200dma"": 0.1715447, ""score_asset_return_63d"": -0.05588362, ""score_asset_rsi_14"": -0.11448441, ""score_breadth_200dma"": 0.0, ""score_crowding_score"": 0.0, ""score_eps_revision_score"": 0.0, ""score_fcf_yield_minus_tbill"": 0.0, ""score_forward_peg_score"": 0.0, ""score_intercept"": 0.63636364, ""score_oos_auc_for_orientation"": 0.53857143, ""score_oos_orientation_samples"": 55, ""score_orientation"": 1, ""score_orientation_source"": 1, ""score_probability_component"": 0.93693366, ""score_raw"": 0.81717716, ""score_return_component"": 0.69742066, ""score_selected_component"": 2, ""score_selected_component_auc"": 0.58571429, ""score_selected_component_samples"": 55, ""score_top_weight_concentration"": 0.0, ""score_train_auc_for_orientation"": 0.64857143}",55
2026-02-02,SGOV,model_walk_forward,,,,,,,,-0.001597,37.50039818,-0.00317807,0.84502142,0.00169291,0.00029888,0.00124299,1446,1404,1,1,0.00139403,"{""return_ai_profit_conversion_score"": 0.0, ""return_asset_extension_200dma"": -0.00013458, ""return_asset_return_63d"": -0.00034814, ""return_asset_rsi_14"": -0.00015156, ""return_breadth_200dma"": 0.0, ""return_crowding_score"": 0.0, ""return_eps_revision_score"": 0.0, ""return_fcf_yield_minus_tbill"": 0.0, ""return_forward_peg_score"": 0.0, ""return_intercept"": 0.00068338, ""return_top_weight_concentration"": 0.0, ""score_ai_profit_conversion_score"": 0.0, ""score_asset_extension_200dma"": 0.02217669, ""score_asset_return_63d"": -0.05313571, ""score_asset_rsi_14"": -0.19049485, ""score_breadth_200dma"": 0.0, ""score_crowding_score"": 0.0, ""score_eps_revision_score"": 0.0, ""score_fcf_yield_minus_tbill"": 0.0, ""score_forward_peg_score"": 0.0, ""score_intercept"": 0.56363636, ""score_oos_auc_for_orientation"": 0.6344086, ""score_oos_orientation_samples"": 55, ""score_orientation"": 1, ""score_orientation_source"": 1, ""score_probability_component"": 0.84502142, ""score_raw"": 0.67674299, ""score_return_component"": 0.50846456, ""score_selected_component"": 1, ""score_selected_component_auc"": 0.6391129, ""score_selected_component_samples"": 55, ""score_top_weight_concentration"": 0.0, ""score_train_auc_for_orientation"": 0.71370968}",55
2026-03-02,QQQ,model_walk_forward,,,,,,,,0.03571183,45.12293015,-0.01006071,0.60958063,0.02191613,-0.0391061,-0.02640014,1466,1425,0,0,0.06102223,"{""return_ai_profit_conversion_score"": 0.0, ""return_asset_extension_200dma"": 0.00880799, ""return_asset_return_63d"": -0.00527502, ""return_asset_rsi_14"": -0.01213944, ""return_breadth_200dma"": 0.0, ""return_crowding_score"": 0.0, ""return_eps_revision_score"": 0.0, ""return_fcf_yield_minus_tbill"": 0.0, ""return_forward_peg_score"": 0.0, ""return_intercept"": 0.01429272, ""return_top_weight_concentration"": 0.0, ""score_ai_profit_conversion_score"": 0.0, ""score_asset_extension_200dma"": 0.13689152, ""score_asset_return_63d"": -0.09447533, ""score_asset_rsi_14"": -0.09572093, ""score_breadth_200dma"": 0.0, ""score_crowding_score"": 0.0, ""score_eps_revision_score"": 0.0, ""score_fcf_yield_minus_tbill"": 0.0, ""score_forward_peg_score"": 0.0, ""score_intercept"": 0.57142857, ""score_oos_auc_for_orientation"": 0.48958333, ""score_oos_orientation_samples"": 56, ""score_orientation"": 1, ""score_orientation_source"": 1, ""score_probability_component"": 0.64449172, ""score_raw"": 0.62703617, ""score_return_component"": 0.60958063, ""score_selected_component"": 2, ""score_selected_component_auc"": 0.5078125, ""score_selected_component_samples"": 56, ""score_top_weight_concentration"": 0.0, ""score_train_auc_for_orientation"": 0.61328125}",56
2026-03-02,GLD,model_walk_forward,,,,,,,,0.34925212,60.51066915,0.27897266,0.74363147,0.04872629,-0.10648978,-0.09455937,1466,1425,0,0,0.15521607,"{""return_ai_profit_conversion_score"": 0.0, ""return_asset_extension_200dma"": 0.02195469, ""return_asset_return_63d"": -0.01419354, ""return_asset_rsi_14"": -0.00754941, ""return_breadth_200dma"": 0.0, ""return_crowding_score"": 0.0, ""return_eps_revision_score"": 0.0, ""return_fcf_yield_minus_tbill"": 0.0, ""return_forward_peg_score"": 0.0, ""return_intercept"": 0.01697478, ""return_top_weight_concentration"": 0.0, ""score_ai_profit_conversion_score"": 0.0, ""score_asset_extension_200dma"": 0.18096421, ""score_asset_return_63d"": -0.05846453, ""score_asset_rsi_14"": -0.11500794, ""score_breadth_200dma"": 0.0, ""score_crowding_score"": 0.0, ""score_eps_revision_score"": 0.0, ""score_fcf_yield_minus_tbill"": 0.0, ""score_forward_peg_score"": 0.0, ""score_intercept"": 0.64285714, ""score_oos_auc_for_orientation"": 0.55138889, ""score_oos_orientation_samples"": 56, ""score_orientation"": 1, ""score_orientation_source"": 1, ""score_probability_component"": 1.0, ""score_raw"": 0.87181573, ""score_return_component"": 0.74363147, ""score_selected_component"": 2, ""score_selected_component_auc"": 0.59583333, ""score_selected_component_samples"": 56, ""score_top_weight_concentration"": 0.0, ""score_train_auc_for_orientation"": 0.65833333}",56
2026-03-02,SGOV,model_walk_forward,,,,,,,,-0.00147523,42.22233471,-0.00258349,0.63865736,0.00136146,9.964e-05,0.00146266,1466,1425,1,1,0.00126181,"{""return_ai_profit_conversion_score"": 0.0, ""return_asset_extension_200dma"": -0.00011875, ""return_asset_return_63d"": -0.00035965, ""return_asset_rsi_14"": -0.00015372, ""return_breadth_200dma"": 0.0, ""return_crowding_score"": 0.0, ""return_eps_revision_score"": 0.0, ""return_fcf_yield_minus_tbill"": 0.0, ""return_forward_peg_score"": 0.0, ""return_intercept"": 0.00066407, ""return_top_weight_concentration"": 0.0, ""score_ai_profit_conversion_score"": 0.0, ""score_asset_extension_200dma"": 0.03061965, ""score_asset_return_63d"": -0.06053535, ""score_asset_rsi_14"": -0.19083922, ""score_breadth_200dma"": 0.0, ""score_crowding_score"": 0.0, ""score_eps_revision_score"": 0.0, ""score_fcf_yield_minus_tbill"": 0.0, ""score_forward_peg_score"": 0.0, ""score_intercept"": 0.55357143, ""score_oos_auc_for_orientation"": 0.63741935, ""score_oos_orientation_samples"": 56, ""score_orientation"": 1, ""score_orientation_source"": 1, ""score_probability_component"": 0.63865736, ""score_raw"": 0.57273232, ""score_return_component"": 0.50680728, ""score_selected_component"": 1, ""score_selected_component_auc"": 0.64193548, ""score_selected_component_samples"": 56, ""score_top_weight_concentration"": 0.0, ""score_train_auc_for_orientation"": 0.72129032}",56
2026-04-01,QQQ,model_walk_forward,,,,,,,,-0.01747315,43.75903393,-0.05669728,0.59693083,0.01938617,0.15375405,0.08788469,1487,1446,1,1,-0.13436788,"{""return_ai_profit_conversion_score"": 0.0, ""return_asset_extension_200dma"": 0.00685344, ""return_asset_return_63d"": -0.00346853, ""return_asset_rsi_14"": -0.01167749, ""return_breadth_200dma"": 0.0, ""return_crowding_score"": 0.0, ""return_eps_revision_score"": 0.0, ""return_fcf_yield_minus_tbill"": 0.0, ""return_forward_peg_score"": 0.0, ""return_intercept"": 0.01361076, ""return_top_weight_concentration"": 0.0, ""score_ai_profit_conversion_score"": 0.0, ""score_asset_extension_200dma"": 0.10873849, ""score_asset_return_63d"": -0.06839246, ""score_asset_rsi_14"": -0.08971429, ""score_breadth_200dma"": 0.0, ""score_crowding_score"": 0.0, ""score_eps_revision_score"": 0.0, ""score_fcf_yield_minus_tbill"": 0.0, ""score_forward_peg_score"": 0.0, ""score_intercept"": 0.56140351, ""score_oos_auc_for_orientation"": 0.47875, ""score_oos_orientation_samples"": 57, ""score_orientation"": 1, ""score_orientation_source"": 1, ""score_probability_component"": 0.60510702, ""score_raw"": 0.60101893, ""score_return_component"": 0.59693083, ""score_selected_component"": 2, ""score_selected_component_auc"": 0.4975, ""score_selected_component_samples"": 57, ""score_top_weight_concentration"": 0.0, ""score_train_auc_for_orientation"": 0.5925}",57
2026-04-01,GLD,model_walk_forward,,,,,,,,0.15711753,38.66261321,0.09759581,0.72610096,0.04522019,-0.03343843,-0.01105044,1487,1446,0,0,0.07865862,"{""return_ai_profit_conversion_score"": 0.0, ""return_asset_extension_200dma"": 0.02560578, ""return_asset_return_63d"": -0.0149259, ""return_asset_rsi_14"": -0.00862166, ""return_breadth_200dma"": 0.0, ""return_crowding_score"": 0.0, ""return_eps_revision_score"": 0.0, ""return_fcf_yield_minus_tbill"": 0.0, ""return_forward_peg_score"": 0.0, ""return_intercept"": 0.01851174, ""return_top_weight_concentration"": 0.0, ""score_ai_profit_conversion_score"": 0.0, ""score_asset_extension_200dma"": 0.18829797, ""score_asset_return_63d"": -0.0594589, ""score_asset_rsi_14"": -0.11496458, ""score_breadth_200dma"": 0.0, ""score_crowding_score"": 0.0, ""score_eps_revision_score"": 0.0, ""score_fcf_yield_minus_tbill"": 0.0, ""score_forward_peg_score"": 0.0, ""score_intercept"": 0.64912281, ""score_oos_auc_for_orientation"": 0.56351351, ""score_oos_orientation_samples"": 57, ""score_orientation"": 1, ""score_orientation_source"": 1, ""score_probability_component"": 0.92430157, ""score_raw"": 0.82520126, ""score_return_component"": 0.72610096, ""score_selected_component"": 2, ""score_selected_component_auc"": 0.60675676, ""score_selected_component_samples"": 57, ""score_top_weight_concentration"": 0.0, ""score_train_auc_for_orientation"": 0.66351351}",57
2026-04-01,SGOV,model_walk_forward,,,,,,,,-0.00137028,38.63679756,0.00019923,0.65501876,0.00067993,0.00019927,0.00153687,1487,1446,1,1,0.00048066,"{""return_ai_profit_conversion_score"": 0.0, ""return_asset_extension_200dma"": -0.00011119, ""return_asset_return_63d"": -0.00032611, ""return_asset_rsi_14"": -0.00014286, ""return_breadth_200dma"": 0.0, ""return_crowding_score"": 0.0, ""return_eps_revision_score"": 0.0, ""return_fcf_yield_minus_tbill"": 0.0, ""return_forward_peg_score"": 0.0, ""return_intercept"": 0.00065766, ""return_top_weight_concentration"": 0.0, ""score_ai_profit_conversion_score"": 0.0, ""score_asset_extension_200dma"": 0.02979763, ""score_asset_return_63d"": -0.06696369, ""score_asset_rsi_14"": -0.19220796, ""score_breadth_200dma"": 0.0, ""score_crowding_score"": 0.0, ""score_eps_revision_score"": 0.0, ""score_fcf_yield_minus_tbill"": 0.0, ""score_forward_peg_score"": 0.0, ""score_intercept"": 0.56140351, ""score_oos_auc_for_orientation"": 0.6425, ""score_oos_orientation_samples"": 57, ""score_orientation"": 1, ""score_orientation_source"": 1, ""score_probability_component"": 0.65501876, ""score_raw"": 0.5792092, ""score_return_component"": 0.50339964, ""score_selected_component"": 1, ""score_selected_component_auc"": 0.646875, ""score_selected_component_samples"": 57, ""score_top_weight_concentration"": 0.0, ""score_train_auc_for_orientation"": 0.73125}",57
2026-05-01,QQQ,model_walk_forward,,,,,,,,0.11598602,82.79412075,0.08406907,0.47640371,-0.00471926,0.10174288,0.05684043,1507,1466,1,1,-0.10646214,"{""return_ai_profit_conversion_score"": 0.0, ""return_asset_extension_200dma"": 0.00597573, ""return_asset_return_63d"": -0.00244053, ""return_asset_rsi_14"": -0.01108287, ""return_breadth_200dma"": 0.0, ""return_crowding_score"": 0.0, ""return_eps_revision_score"": 0.0, ""return_fcf_yield_minus_tbill"": 0.0, ""return_forward_peg_score"": 0.0, ""return_intercept"": 0.01270185, ""return_top_weight_concentration"": 0.0, ""score_ai_profit_conversion_score"": 0.0, ""score_asset_extension_200dma"": 0.09924872, ""score_asset_return_63d"": -0.05742885, ""score_asset_rsi_14"": -0.08368763, ""score_breadth_200dma"": 0.0, ""score_crowding_score"": 0.0, ""score_eps_revision_score"": 0.0, ""score_fcf_yield_minus_tbill"": 0.0, ""score_forward_peg_score"": 0.0, ""score_intercept"": 0.55172414, ""score_oos_auc_for_orientation"": 0.46875, ""score_oos_orientation_samples"": 58, ""score_orientation"": 1, ""score_orientation_source"": 1, ""score_probability_component"": 0.43372931, ""score_raw"": 0.45506651, ""score_return_component"": 0.47640371, ""score_selected_component"": 2, ""score_selected_component_auc"": 0.48798077, ""score_selected_component_samples"": 58, ""score_top_weight_concentration"": 0.0, ""score_train_auc_for_orientation"": 0.57692308}",58
2026-05-01,GLD,model_walk_forward,,,,,,,,0.0808338,41.49916934,-0.04892689,0.73471066,0.04694213,-0.02816764,-0.00588992,1507,1466,0,0,0.07510977,"{""return_ai_profit_conversion_score"": 0.0, ""return_asset_extension_200dma"": 0.02001844, ""return_asset_return_63d"": -0.01841213, ""return_asset_rsi_14"": -0.00555173, ""return_breadth_200dma"": 0.0, ""return_crowding_score"": 0.0, ""return_eps_revision_score"": 0.0, ""return_fcf_yield_minus_tbill"": 0.0, ""return_forward_peg_score"": 0.0, ""return_intercept"": 0.01635654, ""return_top_weight_concentration"": 0.0, ""score_ai_profit_conversion_score"": 0.0, ""score_asset_extension_200dma"": 0.15356424, ""score_asset_return_63d"": -0.0796364, ""score_asset_rsi_14"": -0.09442444, ""score_breadth_200dma"": 0.0, ""score_crowding_score"": 0.0, ""score_eps_revision_score"": 0.0, ""score_fcf_yield_minus_tbill"": 0.0, ""score_forward_peg_score"": 0.0, ""score_intercept"": 0.63793103, ""score_oos_auc_for_orientation"": 0.53667954, ""score_oos_orientation_samples"": 58, ""score_orientation"": 1, ""score_orientation_source"": 1, ""score_probability_component"": 0.8302036, ""score_raw"": 0.78245713, ""score_return_component"": 0.73471066, ""score_selected_component"": 2, ""score_selected_component_auc"": 0.57786358, ""score_selected_component_samples"": 58, ""score_top_weight_concentration"": 0.0, ""score_train_auc_for_orientation"": 0.61776062}",58
2026-05-01,SGOV,model_walk_forward,,,,,,,,-0.00118172,38.09515091,-0.00258264,0.83781735,0.0012856,-9.961e-05,0.00125482,1507,1466,0,1,0.00138522,"{""return_ai_profit_conversion_score"": 0.0, ""return_asset_extension_200dma"": -8.872e-05, ""return_asset_return_63d"": -0.0003026, ""return_asset_rsi_14"": -0.00016007, ""return_breadth_200dma"": 0.0, ""return_crowding_score"": 0.0, ""return_eps_revision_score"": 0.0, ""return_fcf_yield_minus_tbill"": 0.0, ""return_forward_peg_score"": 0.0, ""return_intercept"": 0.00064804, ""return_top_weight_concentration"": 0.0, ""score_ai_profit_conversion_score"": 0.0, ""score_asset_extension_200dma"": 0.02304403, ""score_asset_return_63d"": -0.07574082, ""score_asset_rsi_14"": -0.1850046, ""score_breadth_200dma"": 0.0, ""score_crowding_score"": 0.0, ""score_eps_revision_score"": 0.0, ""score_fcf_yield_minus_tbill"": 0.0, ""score_forward_peg_score"": 0.0, ""score_intercept"": 0.56896552, ""score_oos_auc_for_orientation"": 0.64242424, ""score_oos_orientation_samples"": 58, ""score_orientation"": 1, ""score_orientation_source"": 1, ""score_probability_component"": 0.83781735, ""score_raw"": 0.67212269, ""score_return_component"": 0.50642802, ""score_selected_component"": 1, ""score_selected_component_auc"": 0.64666667, ""score_selected_component_samples"": 58, ""score_top_weight_concentration"": 0.0, ""score_train_auc_for_orientation"": 0.72848485}",58
2026-06-01,QQQ,model_walk_forward,,,,,,,,0.20056628,68.46860777,0.22143097,0.52213077,0.00442615,,,,1487,,,,"{""return_ai_profit_conversion_score"": 0.0, ""return_asset_extension_200dma"": 0.00668101, ""return_asset_return_63d"": -0.00500529, ""return_asset_rsi_14"": -0.01181274, ""return_breadth_200dma"": 0.0, ""return_crowding_score"": 0.0, ""return_eps_revision_score"": 0.0, ""return_fcf_yield_minus_tbill"": 0.0, ""return_forward_peg_score"": 0.0, ""return_intercept"": 0.01509256, ""return_top_weight_concentration"": 0.0, ""score_ai_profit_conversion_score"": 0.0, ""score_asset_extension_200dma"": 0.10108724, ""score_asset_return_63d"": -0.06520039, ""score_asset_rsi_14"": -0.0856461, ""score_breadth_200dma"": 0.0, ""score_crowding_score"": 0.0, ""score_eps_revision_score"": 0.0, ""score_fcf_yield_minus_tbill"": 0.0, ""score_forward_peg_score"": 0.0, ""score_intercept"": 0.55932203, ""score_oos_auc_for_orientation"": 0.47668998, ""score_oos_orientation_samples"": 59, ""score_orientation"": 1, ""score_orientation_source"": 1, ""score_probability_component"": 0.50352092, ""score_raw"": 0.51282585, ""score_return_component"": 0.52213077, ""score_selected_component"": 2, ""score_selected_component_auc"": 0.495338, ""score_selected_component_samples"": 59, ""score_top_weight_concentration"": 0.0, ""score_train_auc_for_orientation"": 0.58974359}",59
2026-06-01,GLD,model_walk_forward,,,,,,,,0.02131437,28.77109132,-0.16069386,0.79884619,0.05976924,,,,1487,,,,"{""return_ai_profit_conversion_score"": 0.0, ""return_asset_extension_200dma"": 0.01784734, ""return_asset_return_63d"": -0.01759656, ""return_asset_rsi_14"": -0.00404525, ""return_breadth_200dma"": 0.0, ""return_crowding_score"": 0.0, ""return_eps_revision_score"": 0.0, ""return_fcf_yield_minus_tbill"": 0.0, ""return_forward_peg_score"": 0.0, ""return_intercept"": 0.01551256, ""return_top_weight_concentration"": 0.0, ""score_ai_profit_conversion_score"": 0.0, ""score_asset_extension_200dma"": 0.12564875, ""score_asset_return_63d"": -0.07009413, ""score_asset_rsi_14"": -0.07495068, ""score_breadth_200dma"": 0.0, ""score_crowding_score"": 0.0, ""score_eps_revision_score"": 0.0, ""score_fcf_yield_minus_tbill"": 0.0, ""score_forward_peg_score"": 0.0, ""score_intercept"": 0.62711864, ""score_oos_auc_for_orientation"": 0.51228501, ""score_oos_orientation_samples"": 59, ""score_orientation"": 1, ""score_orientation_source"": 1, ""score_probability_component"": 0.85897025, ""score_raw"": 0.82890822, ""score_return_component"": 0.79884619, ""score_selected_component"": 2, ""score_selected_component_auc"": 0.55159705, ""score_selected_component_samples"": 59, ""score_top_weight_concentration"": 0.0, ""score_train_auc_for_orientation"": 0.58845209}",59
2026-06-01,SGOV,model_walk_forward,,,,,,,,-0.00125935,40.00034,0.00019929,0.62158104,0.00059808,,,,1487,,,,"{""return_ai_profit_conversion_score"": 0.0, ""return_asset_extension_200dma"": -8.333e-05, ""return_asset_return_63d"": -0.00030767, ""return_asset_rsi_14"": -0.0001551, ""return_breadth_200dma"": 0.0, ""return_crowding_score"": 0.0, ""return_eps_revision_score"": 0.0, ""return_fcf_yield_minus_tbill"": 0.0, ""return_forward_peg_score"": 0.0, ""return_intercept"": 0.00064043, ""return_top_weight_concentration"": 0.0, ""score_ai_profit_conversion_score"": 0.0, ""score_asset_extension_200dma"": 0.01928362, ""score_asset_return_63d"": -0.07040321, ""score_asset_rsi_14"": -0.18767337, ""score_breadth_200dma"": 0.0, ""score_crowding_score"": 0.0, ""score_eps_revision_score"": 0.0, ""score_fcf_yield_minus_tbill"": 0.0, ""score_forward_peg_score"": 0.0, ""score_intercept"": 0.57627119, ""score_oos_auc_for_orientation"": 0.64470588, ""score_oos_orientation_samples"": 59, ""score_orientation"": 1, ""score_orientation_source"": 1, ""score_probability_component"": 0.62158104, ""score_raw"": 0.56228571, ""score_return_component"": 0.50299038, ""score_selected_component"": 1, ""score_selected_component_auc"": 0.64882353, ""score_selected_component_samples"": 59, ""score_top_weight_concentration"": 0.0, ""score_train_auc_for_orientation"": 0.73294118}",59
