Date,Close
2004-11-18,44.38000107
2004-11-19,44.77999878
2004-11-22,44.95000076
2004-11-23,44.75000000
2004-11-24,45.04999924
2004-11-26,45.29000092
2004-11-29,45.40000153
2004-11-30,45.11999893
2004-12-01,45.38000107
2004-12-02,44.95000076
2004-12-03,45.59999847
2004-12-06,45.16999817
2004-12-07,45.11000061
2004-12-08,44.00999832
2004-12-09,43.77999878
2004-12-10,43.43999863
2004-12-13,43.90999985
2004-12-14,43.54999924
2004-12-15,43.99000168
2004-12-16,43.68000031
2004-12-17,44.18999863
2004-12-20,44.34000015
2004-12-21,44.22000122
2004-12-22,44.02000046
2004-12-23,44.27000046
2004-12-27,44.47999954
2004-12-28,44.36999893
2004-12-29,43.65999985
2004-12-30,43.83000183
2004-12-31,43.79999924
2005-01-03,43.02000046
2005-01-04,42.74000168
2005-01-05,42.66999817
2005-01-06,42.15000153
2005-01-07,41.84000015
2005-01-10,41.95000076
2005-01-11,42.20999908
2005-01-12,42.59999847
2005-01-13,42.59999847
2005-01-14,42.31999969
2005-01-18,42.31999969
2005-01-19,42.25999832
2005-01-20,42.25000000
2005-01-21,42.74000168
2005-01-24,42.77000046
2005-01-25,42.24000168
2005-01-26,42.68999863
2005-01-27,42.61999893
2005-01-28,42.68999863
2005-01-31,42.22000122
2005-02-01,42.09999847
2005-02-02,42.15999985
2005-02-03,41.68000031
2005-02-04,41.47000122
2005-02-07,41.27000046
2005-02-08,41.25999832
2005-02-09,41.31000137
2005-02-10,41.75000000
2005-02-11,42.08000183
2005-02-14,42.54999924
2005-02-15,42.58000183
2005-02-16,42.52000046
2005-02-17,42.72999954
2005-02-18,42.75000000
2005-02-22,43.56999969
2005-02-23,43.41999817
2005-02-24,43.33000183
2005-02-25,43.50000000
2005-02-28,43.52999878
2005-03-01,43.22000122
2005-03-02,43.25000000
2005-03-03,42.97000122
2005-03-04,43.38000107
2005-03-07,43.47000122
2005-03-08,44.02999878
2005-03-09,44.02000046
2005-03-10,44.20000076
2005-03-11,44.43000031
2005-03-14,44.02999878
2005-03-15,44.06000137
2005-03-16,44.31000137
2005-03-17,43.81999969
2005-03-18,43.88999939
2005-03-21,43.09000015
2005-03-22,42.65000153
2005-03-23,42.41999817
2005-03-24,42.38999939
2005-03-28,42.54000092
2005-03-29,42.56000137
2005-03-30,42.61000061
2005-03-31,42.81999969
2005-04-01,42.61999893
2005-04-04,42.40000153
2005-04-05,42.45000076
2005-04-06,42.63000107
2005-04-07,42.56999969
2005-04-08,42.68999863
2005-04-11,42.77999878
2005-04-12,42.84000015
2005-04-13,42.90000153
2005-04-14,42.31000137
2005-04-15,42.40000153
2005-04-18,42.68999863
2005-04-19,43.27999878
2005-04-20,43.40000153
2005-04-21,43.18999863
2005-04-22,43.38999939
2005-04-25,43.43999863
2005-04-26,43.63999939
2005-04-27,43.20000076
2005-04-28,43.00000000
2005-04-29,43.34999847
2005-05-02,42.88000107
2005-05-03,42.75999832
2005-05-04,42.90000153
2005-05-05,42.90999985
2005-05-06,42.52000046
2005-05-09,42.54999924
2005-05-10,42.63999939
2005-05-11,42.68999863
2005-05-12,42.15999985
2005-05-13,41.95000076
2005-05-16,41.88000107
2005-05-17,41.86000061
2005-05-18,42.04999924
2005-05-19,41.97999954
2005-05-20,41.65000153
2005-05-23,41.61999893
2005-05-24,41.72999954
2005-05-25,41.86999893
2005-05-26,41.68999863
2005-05-27,41.88000107
2005-05-31,41.65000153
2005-06-01,41.52999878
2005-06-02,42.09999847
2005-06-03,42.16999817
2005-06-06,42.47999954
2005-06-07,42.38000107
2005-06-08,42.34000015
2005-06-09,42.27000046
2005-06-10,42.61999893
2005-06-13,42.77999878
2005-06-14,42.59999847
2005-06-15,42.74000168
2005-06-16,43.45999908
2005-06-17,43.63000107
2005-06-20,43.65999985
2005-06-21,43.81000137
2005-06-22,43.72000122
2005-06-23,44.02000046
2005-06-24,43.90000153
2005-06-27,43.90999985
2005-06-28,43.45000076
2005-06-29,43.63000107
2005-06-30,43.43999863
2005-07-01,42.70000076
2005-07-05,42.27999878
2005-07-06,42.25000000
2005-07-07,42.36000061
2005-07-08,42.25999832
2005-07-11,42.54000092
2005-07-12,42.63999939
2005-07-13,42.34999847
2005-07-14,41.90000153
2005-07-15,42.04999924
2005-07-18,42.00999832
2005-07-19,41.88999939
2005-07-20,42.20000076
2005-07-21,42.45999908
2005-07-22,42.45000076
2005-07-25,42.50999832
2005-07-26,42.25000000
2005-07-27,42.43999863
2005-07-28,42.75000000
2005-07-29,42.81999969
2005-08-01,43.13000107
2005-08-02,43.13999939
2005-08-03,43.52999878
2005-08-04,43.68000031
2005-08-05,43.59999847
2005-08-08,43.34999847
2005-08-09,43.34000015
2005-08-10,43.65000153
2005-08-11,44.45000076
2005-08-12,44.49000168
2005-08-15,44.13000107
2005-08-16,44.54999924
2005-08-17,43.90999985
2005-08-18,43.83000183
2005-08-19,43.59999847
2005-08-22,43.70000076
2005-08-23,43.75999832
2005-08-24,43.59000015
2005-08-25,43.72999954
2005-08-26,43.61000061
2005-08-29,43.56999969
2005-08-30,43.00999832
2005-08-31,43.40000153
2005-09-01,44.22000122
2005-09-02,44.25000000
2005-09-06,44.27000046
2005-09-07,44.33000183
2005-09-08,44.59999847
2005-09-09,44.84000015
2005-09-12,44.88999939
2005-09-13,44.56000137
2005-09-14,44.95999908
2005-09-15,45.41999817
2005-09-16,45.81999969
2005-09-19,46.25000000
2005-09-20,46.22999954
2005-09-21,47.06000137
2005-09-22,46.36000061
2005-09-23,46.27999878
2005-09-26,46.56999969
2005-09-27,46.25000000
2005-09-28,46.79999924
2005-09-29,47.09999847
2005-09-30,46.70000076
2005-10-03,46.41999817
2005-10-04,46.45000076
2005-10-05,46.36000061
2005-10-06,47.20999908
2005-10-07,47.36000061
2005-10-10,47.36999893
2005-10-11,47.38999939
2005-10-12,46.84999847
2005-10-13,47.02000046
2005-10-14,46.79999924
2005-10-17,47.25999832
2005-10-18,47.00000000
2005-10-19,46.34000015
2005-10-20,45.97999954
2005-10-21,46.52000046
2005-10-24,46.38999939
2005-10-25,47.06000137
2005-10-26,46.93000031
2005-10-27,47.18000031
2005-10-28,47.22000122
2005-10-31,46.40000153
2005-11-01,45.72999954
2005-11-02,46.13000107
2005-11-03,45.95999908
2005-11-04,45.50999832
2005-11-07,45.77000046
2005-11-08,45.90999985
2005-11-09,46.56000137
2005-11-10,46.47999954
2005-11-11,46.79999924
2005-11-14,46.61999893
2005-11-15,46.65999985
2005-11-16,47.77999878
2005-11-17,48.47999954
2005-11-18,48.45999908
2005-11-21,48.99000168
2005-11-22,49.31999969
2005-11-23,49.15000153
2005-11-25,49.41999817
2005-11-28,49.74000168
2005-11-29,49.79999924
2005-11-30,49.09999847
2005-12-01,50.16999817
2005-12-02,50.31999969
2005-12-05,50.77999878
2005-12-06,50.88999939
2005-12-07,51.31999969
2005-12-08,51.90000153
2005-12-09,52.40000153
2005-12-12,52.56000137
2005-12-13,51.65000153
2005-12-14,50.34999847
2005-12-15,50.24000168
2005-12-16,50.09000015
2005-12-19,50.22000122
2005-12-20,49.04000092
2005-12-21,49.36999893
2005-12-22,50.13999939
2005-12-23,50.11999893
2005-12-27,50.63999939
2005-12-28,51.47000122
2005-12-29,51.47000122
2005-12-30,51.58000183
2006-01-03,53.11999893
2006-01-04,53.29999924
2006-01-05,52.34000015
2006-01-06,53.72000122
2006-01-09,54.59999847
2006-01-10,54.06000137
2006-01-11,54.52999878
2006-01-12,54.43000031
2006-01-13,55.43999863
2006-01-17,55.25999832
2006-01-18,54.06999969
2006-01-19,55.59000015
2006-01-20,55.20000076
2006-01-23,55.77000046
2006-01-24,55.72999954
2006-01-25,56.13999939
2006-01-26,55.88000107
2006-01-27,55.63000107
2006-01-30,56.68000031
2006-01-31,56.70000076
2006-02-01,56.70000076
2006-02-02,56.97999954
2006-02-03,56.50000000
2006-02-06,56.72000122
2006-02-07,54.59999847
2006-02-08,54.83000183
2006-02-09,56.18000031
2006-02-10,54.79000092
2006-02-13,53.72000122
2006-02-14,54.49000168
2006-02-15,53.75999832
2006-02-16,54.52000046
2006-02-17,54.95999908
2006-02-21,55.11999893
2006-02-22,55.34000015
2006-02-23,54.63999939
2006-02-24,55.63999939
2006-02-27,55.22000122
2006-02-28,56.06999969
2006-03-01,56.09999847
2006-03-02,56.74000168
2006-03-03,56.27999878
2006-03-06,55.22999954
2006-03-07,54.95000076
2006-03-08,53.97000122
2006-03-09,54.24000168
2006-03-10,53.83000183
2006-03-13,54.31000137
2006-03-14,54.86999893
2006-03-15,55.11999893
2006-03-16,55.34000015
2006-03-17,55.11999893
2006-03-20,55.16999817
2006-03-21,54.83000183
2006-03-22,54.75000000
2006-03-23,54.70000076
2006-03-24,55.70999908
2006-03-27,56.38999939
2006-03-28,56.06000137
2006-03-29,57.06999969
2006-03-30,58.59999847
2006-03-31,58.09999847
2006-04-03,58.47000122
2006-04-04,58.33000183
2006-04-05,58.65999985
2006-04-06,59.27999878
2006-04-07,58.59000015
2006-04-10,59.59999847
2006-04-11,59.00999832
2006-04-12,59.43000031
2006-04-13,59.50000000
2006-04-17,61.09000015
2006-04-18,61.84999847
2006-04-19,63.75000000
2006-04-20,60.95999908
2006-04-21,63.20000076
2006-04-24,61.65000153
2006-04-25,62.77999878
2006-04-26,63.65000153
2006-04-27,62.95999908
2006-04-28,65.08999634
2006-05-01,65.16000366
2006-05-02,66.55000305
2006-05-03,66.45999908
2006-05-04,67.48000336
2006-05-05,67.98999786
2006-05-08,67.55999756
2006-05-09,69.68000031
2006-05-10,70.37999725
2006-05-11,71.02999878
2006-05-12,71.12000275
2006-05-15,67.41000366
2006-05-16,68.61000061
2006-05-17,68.15000153
2006-05-18,67.45999908
2006-05-19,65.58000183
2006-05-22,65.30000305
2006-05-23,66.37999725
2006-05-24,64.05999756
2006-05-25,64.69999695
2006-05-26,65.09999847
2006-05-30,65.11000061
2006-05-31,64.23000336
2006-06-01,62.56000137
2006-06-02,63.50000000
2006-06-05,63.29000092
2006-06-06,62.54999924
2006-06-07,62.27999878
2006-06-08,60.90999985
2006-06-09,60.45000076
2006-06-12,60.02999878
2006-06-13,55.91999817
2006-06-14,55.61999893
2006-06-15,57.31999969
2006-06-16,57.68000031
2006-06-19,56.36000061
2006-06-20,57.29999924
2006-06-21,58.33000183
2006-06-22,57.72999954
2006-06-23,57.99000168
2006-06-26,58.27999878
2006-06-27,57.68000031
2006-06-28,57.54000092
2006-06-29,59.52000046
2006-06-30,61.22999954
2006-07-03,62.18000031
2006-07-05,62.50000000
2006-07-06,63.02000046
2006-07-07,62.63000107
2006-07-10,62.02000046
2006-07-11,63.81000137
2006-07-12,64.91999817
2006-07-13,65.55000305
2006-07-14,65.84999847
2006-07-17,63.95000076
2006-07-18,62.90000153
2006-07-19,64.02999878
2006-07-20,62.54000092
2006-07-21,61.70999908
2006-07-24,61.13999939
2006-07-25,61.54999924
2006-07-26,62.00000000
2006-07-27,62.90000153
2006-07-28,63.11000061
2006-07-31,63.15999985
2006-08-01,64.31999969
2006-08-02,64.75000000
2006-08-03,64.12000275
2006-08-04,64.27999878
2006-08-07,64.50000000
2006-08-08,63.97000122
2006-08-09,64.62999725
2006-08-10,63.25000000
2006-08-11,62.70999908
2006-08-14,62.25000000
2006-08-15,62.00999832
2006-08-16,62.49000168
2006-08-17,61.02999878
2006-08-18,61.04000092
2006-08-21,62.43999863
2006-08-22,62.04999924
2006-08-23,61.83000183
2006-08-24,61.75000000
2006-08-25,61.77000046
2006-08-28,61.00000000
2006-08-29,60.93999863
2006-08-30,61.41999817
2006-08-31,62.29000092
2006-09-01,62.13999939
2006-09-05,63.36000061
2006-09-06,62.86000061
2006-09-07,61.25000000
2006-09-08,60.63999939
2006-09-11,58.50000000
2006-09-12,58.31999969
2006-09-13,58.61999893
2006-09-14,57.18999863
2006-09-15,57.40000153
2006-09-18,58.22999954
2006-09-19,56.91999817
2006-09-20,57.25999832
2006-09-21,57.95000076
2006-09-22,58.50000000
2006-09-25,58.50000000
2006-09-26,58.74000168
2006-09-27,59.81000137
2006-09-28,59.79000092
2006-09-29,59.47000122
2006-10-02,59.15000153
2006-10-03,57.11000061
2006-10-04,56.36999893
2006-10-05,56.91999817
2006-10-06,56.99000168
2006-10-09,57.20000076
2006-10-10,57.00000000
2006-10-11,56.88000107
2006-10-12,57.49000168
2006-10-13,58.56999969
2006-10-16,59.16999817
2006-10-17,58.65000153
2006-10-18,58.59000015
2006-10-19,59.40999985
2006-10-20,58.77999878
2006-10-23,57.75999832
2006-10-24,58.16999817
2006-10-25,58.75999832
2006-10-26,59.29000092
2006-10-27,59.40000153
2006-10-30,59.90000153
2006-10-31,60.24000168
2006-11-01,61.36000061
2006-11-02,61.91999817
2006-11-03,62.29999924
2006-11-06,61.88999939
2006-11-07,62.04000092
2006-11-08,61.11000061
2006-11-09,62.95000076
2006-11-10,62.49000168
2006-11-13,62.18999863
2006-11-14,61.63000107
2006-11-15,61.84000015
2006-11-16,61.31000137
2006-11-17,61.77999878
2006-11-20,61.77000046
2006-11-21,62.27000046
2006-11-22,62.50000000
2006-11-24,63.50000000
2006-11-27,63.70000076
2006-11-28,63.56999969
2006-11-29,63.15999985
2006-11-30,64.38999939
2006-12-01,64.12000275
2006-12-04,64.12000275
2006-12-05,63.81000137
2006-12-06,62.68999863
2006-12-07,62.72999954
2006-12-08,62.04999924
2006-12-11,62.56999969
2006-12-12,62.52000046
2006-12-13,62.47999954
2006-12-14,62.11999893
2006-12-15,61.00000000
2006-12-18,61.04000092
2006-12-19,61.79999924
2006-12-20,61.61999893
2006-12-21,61.38000107
2006-12-22,61.65000153
2006-12-26,61.97999954
2006-12-27,62.22000122
2006-12-28,62.90000153
2006-12-29,63.20999908
2007-01-03,62.27999878
2007-01-04,61.65000153
2007-01-05,60.16999817
2007-01-08,60.47999954
2007-01-09,60.84999847
2007-01-10,60.59000015
2007-01-11,60.63000107
2007-01-12,62.16999817
2007-01-16,61.97000122
2007-01-17,62.63999939
2007-01-18,62.25999832
2007-01-19,63.00000000
2007-01-22,62.72000122
2007-01-23,64.23000336
2007-01-24,64.33000183
2007-01-25,64.05999756
2007-01-26,64.16999817
2007-01-29,63.77000046
2007-01-30,64.22000122
2007-01-31,64.83000183
2007-02-01,65.22000122
2007-02-02,64.27999878
2007-02-05,64.30999756
2007-02-06,64.79000092
2007-02-07,64.62999725
2007-02-08,65.51999664
2007-02-09,66.12000275
2007-02-12,65.66999817
2007-02-13,65.83999634
2007-02-14,66.37000275
2007-02-15,66.41000366
2007-02-16,66.36000061
2007-02-20,65.30999756
2007-02-21,67.34999847
2007-02-22,67.15000153
2007-02-23,67.72000122
2007-02-26,68.09999847
2007-02-27,65.41000366
2007-02-28,66.48000336
2007-03-01,65.81999969
2007-03-02,63.70999908
2007-03-05,62.93000031
2007-03-06,64.15000153
2007-03-07,64.30000305
2007-03-08,64.48000336
2007-03-09,64.25000000
2007-03-12,64.37000275
2007-03-13,63.72000122
2007-03-14,63.93999863
2007-03-15,63.97999954
2007-03-16,64.62000275
2007-03-19,64.73999786
2007-03-20,65.26999664
2007-03-21,65.81999969
2007-03-22,65.76000214
2007-03-23,65.15000153
2007-03-26,65.83999634
2007-03-27,65.69999695
2007-03-28,66.05000305
2007-03-29,65.65000153
2007-03-30,65.73999786
2007-04-02,65.84999847
2007-04-03,65.83000183
2007-04-04,66.80999756
2007-04-05,66.86000061
2007-04-09,66.52999878
2007-04-10,67.16000366
2007-04-11,67.08000183
2007-04-12,66.98999786
2007-04-13,67.83999634
2007-04-16,68.40000153
2007-04-17,68.00000000
2007-04-18,68.37999725
2007-04-19,67.52999878
2007-04-20,68.69999695
2007-04-23,68.26000214
2007-04-24,67.73000336
2007-04-25,67.88999939
2007-04-26,66.87000275
2007-04-27,67.55999756
2007-04-30,67.08999634
2007-05-01,66.69000244
2007-05-02,66.66000366
2007-05-03,67.48999786
2007-05-04,68.19000244
2007-05-07,68.25000000
2007-05-08,67.87999725
2007-05-09,67.44999695
2007-05-10,66.00000000
2007-05-11,66.44999695
2007-05-14,66.27999878
2007-05-15,66.54000092
2007-05-16,65.59999847
2007-05-17,65.05999756
2007-05-18,65.51999664
2007-05-21,65.66999817
2007-05-22,65.19999695
2007-05-23,65.54000092
2007-05-24,64.75000000
2007-05-25,64.94000244
2007-05-29,65.06999969
2007-05-30,64.72000122
2007-05-31,65.54000092
2007-06-01,66.44000244
2007-06-04,66.54000092
2007-06-05,66.37000275
2007-06-06,66.41000366
2007-06-07,65.26000214
2007-06-08,64.22000122
2007-06-11,64.69999695
2007-06-12,64.09999847
2007-06-13,64.52999878
2007-06-14,64.59999847
2007-06-15,64.84999847
2007-06-18,64.94999695
2007-06-19,65.48000336
2007-06-20,64.70999908
2007-06-21,64.55999756
2007-06-22,64.77999878
2007-06-25,64.43000031
2007-06-26,63.61999893
2007-06-27,63.66999817
2007-06-28,64.26000214
2007-06-29,64.26999664
2007-07-02,65.01999664
2007-07-03,64.73999786
2007-07-05,64.41999817
2007-07-06,64.95999908
2007-07-09,65.37999725
2007-07-10,65.61000061
2007-07-11,65.44000244
2007-07-12,66.01999664
2007-07-13,66.02999878
2007-07-16,65.81999969
2007-07-17,65.75000000
2007-07-18,66.62000275
2007-07-19,67.01000214
2007-07-20,67.58000183
2007-07-23,67.47000122
2007-07-24,67.47000122
2007-07-25,66.90000153
2007-07-26,65.65000153
2007-07-27,65.41000366
2007-07-30,65.76999664
2007-07-31,65.79000092
2007-08-01,65.93000031
2007-08-02,65.88999939
2007-08-03,66.69000244
2007-08-06,66.51999664
2007-08-07,66.48000336
2007-08-08,66.76999664
2007-08-09,65.45999908
2007-08-10,66.56999969
2007-08-13,66.26000214
2007-08-14,66.29000092
2007-08-15,66.12999725
2007-08-16,64.68000031
2007-08-17,65.01000214
2007-08-20,65.12000275
2007-08-21,65.06999969
2007-08-22,65.40000153
2007-08-23,65.30999756
2007-08-24,66.11000061
2007-08-27,65.98000336
2007-08-28,65.58999634
2007-08-29,66.06999969
2007-08-30,65.80000305
2007-08-31,66.51999664
2007-09-04,67.44000244
2007-09-05,67.55999756
2007-09-06,68.86000061
2007-09-07,69.38999939
2007-09-10,69.62000275
2007-09-11,70.51999664
2007-09-12,70.45999908
2007-09-13,70.08000183
2007-09-14,69.98999786
2007-09-17,70.97000122
2007-09-18,71.69999695
2007-09-19,71.43000031
2007-09-20,72.72000122
2007-09-21,72.33999634
2007-09-24,72.27999878
2007-09-25,72.33000183
2007-09-26,72.00000000
2007-09-27,72.69999695
2007-09-28,73.51000214
2007-10-01,73.90000153
2007-10-02,72.34999847
2007-10-03,71.90000153
2007-10-04,72.87000275
2007-10-05,73.40000153
2007-10-08,72.52999878
2007-10-09,73.08999634
2007-10-10,73.36000061
2007-10-11,73.91000366
2007-10-12,74.58999634
2007-10-15,75.13999939
2007-10-16,75.12000275
2007-10-17,74.50000000
2007-10-18,76.00000000
2007-10-19,75.69999695
2007-10-22,74.59999847
2007-10-23,75.23000336
2007-10-24,75.51999664
2007-10-25,76.02999878
2007-10-26,77.69000244
2007-10-29,78.12000275
2007-10-30,77.34999847
2007-10-31,78.62000275
2007-11-01,77.93000031
2007-11-02,79.83000183
2007-11-05,79.75000000
2007-11-06,81.43000031
2007-11-07,82.23999786
2007-11-08,82.23000336
2007-11-09,82.18000031
2007-11-12,78.30000305
2007-11-13,79.12000275
2007-11-14,80.27999878
2007-11-15,77.94999695
2007-11-16,77.75000000
2007-11-19,77.23999786
2007-11-20,79.47000122
2007-11-21,79.36000061
2007-11-23,81.25000000
2007-11-26,81.30000305
2007-11-27,80.09999847
2007-11-28,79.56999969
2007-11-29,78.27999878
2007-11-30,77.31999969
2007-12-03,78.27999878
2007-12-04,79.40000153
2007-12-05,78.62999725
2007-12-06,79.37000275
2007-12-07,78.59999847
2007-12-10,80.00000000
2007-12-11,78.83999634
2007-12-12,80.48999786
2007-12-13,78.50000000
2007-12-14,78.51999664
2007-12-17,78.12999725
2007-12-18,79.25000000
2007-12-19,79.23999786
2007-12-20,78.66999817
2007-12-21,80.09999847
2007-12-24,80.13999939
2007-12-26,81.51999664
2007-12-27,81.55999756
2007-12-28,83.00000000
2007-12-31,82.45999908
2008-01-02,84.86000061
2008-01-03,85.56999969
2008-01-04,85.12999725
2008-01-07,84.76999664
2008-01-08,86.77999878
2008-01-09,86.55000305
2008-01-10,88.25000000
2008-01-11,88.58000183
2008-01-14,89.54000092
2008-01-15,87.98999786
2008-01-16,86.69999695
2008-01-17,86.50000000
2008-01-18,87.41999817
2008-01-22,88.16999817
2008-01-23,87.88999939
2008-01-24,90.08000183
2008-01-25,90.30000305
2008-01-28,91.75000000
2008-01-29,91.15000153
2008-01-30,92.05999756
2008-01-31,91.40000153
2008-02-01,89.34999847
2008-02-04,89.09999847
2008-02-05,87.68000031
2008-02-06,88.94999695
2008-02-07,89.84999847
2008-02-08,91.00000000
2008-02-11,91.33000183
2008-02-12,89.33000183
2008-02-13,89.44000244
2008-02-14,89.70999908
2008-02-15,89.15000153
2008-02-19,91.58000183
2008-02-20,93.23999786
2008-02-21,93.25000000
2008-02-22,93.38999939
2008-02-25,92.73999786
2008-02-26,93.70999908
2008-02-27,94.77999878
2008-02-28,95.98999786
2008-02-29,96.18000031
2008-03-03,97.23999786
2008-03-04,95.18000031
2008-03-05,97.72000122
2008-03-06,96.50000000
2008-03-07,96.08999634
2008-03-10,95.87000275
2008-03-11,95.98999786
2008-03-12,97.01000214
2008-03-13,98.33999634
2008-03-14,98.70999908
2008-03-17,99.16999817
2008-03-18,96.50000000
2008-03-19,93.04000092
2008-03-20,89.91000366
2008-03-24,90.09999847
2008-03-25,92.73000336
2008-03-26,93.80000305
2008-03-27,93.45999908
2008-03-28,91.87999725
2008-03-31,90.41000366
2008-04-01,86.86000061
2008-04-02,89.26999664
2008-04-03,89.41999817
2008-04-04,90.25000000
2008-04-07,91.16999817
2008-04-08,90.34999847
2008-04-09,92.29000092
2008-04-10,91.76999664
2008-04-11,91.30000305
2008-04-14,91.11000061
2008-04-15,91.66000366
2008-04-16,93.26999664
2008-04-17,92.55999756
2008-04-18,90.62000275
2008-04-21,90.25000000
2008-04-22,90.26999664
2008-04-23,89.22000122
2008-04-24,87.22000122
2008-04-25,87.26999664
2008-04-28,87.69000244
2008-04-29,85.80999756
2008-04-30,86.65000153
2008-05-01,83.98999786
2008-05-02,84.58000183
2008-05-05,86.26999664
2008-05-06,86.62999725
2008-05-07,85.81999969
2008-05-08,87.23999786
2008-05-09,87.41999817
2008-05-12,86.98999786
2008-05-13,85.38999939
2008-05-14,85.19999695
2008-05-15,87.00000000
2008-05-16,89.09999847
2008-05-19,89.38999939
2008-05-20,90.90000153
2008-05-21,91.95999908
2008-05-22,90.98000336
2008-05-23,91.23000336
2008-05-27,89.36000061
2008-05-28,89.13999939
2008-05-29,86.51000214
2008-05-30,87.44999695
2008-06-02,87.95999908
2008-06-03,86.87999725
2008-06-04,86.65000153
2008-06-05,86.44999695
2008-06-06,89.05999756
2008-06-09,87.98999786
2008-06-10,85.55000305
2008-06-11,87.01999664
2008-06-12,85.59999847
2008-06-13,85.83000183
2008-06-16,87.01000214
2008-06-17,87.25000000
2008-06-18,88.27999878
2008-06-19,88.41999817
2008-06-20,88.94999695
2008-06-23,87.08999634
2008-06-24,87.47000122
2008-06-25,87.41999817
2008-06-26,90.61000061
2008-06-27,91.47000122
2008-06-30,91.40000153
2008-07-01,92.66000366
2008-07-02,93.16999817
2008-07-03,92.05999756
2008-07-07,91.23000336
2008-07-08,90.86000061
2008-07-09,91.50000000
2008-07-10,93.52999878
2008-07-11,95.16000366
2008-07-14,95.91000366
2008-07-15,96.16999817
2008-07-16,94.44000244
2008-07-17,94.22000122
2008-07-18,94.16999817
2008-07-21,95.12000275
2008-07-22,93.05999756
2008-07-23,90.56999969
2008-07-24,91.33000183
2008-07-25,91.69000244
2008-07-28,91.73000336
2008-07-29,90.58999634
2008-07-30,89.51999664
2008-07-31,90.08000183
2008-08-01,89.56999969
2008-08-04,88.13999939
2008-08-05,86.08000183
2008-08-06,86.63999939
2008-08-07,86.08999634
2008-08-08,84.43000031
2008-08-11,81.12999725
2008-08-12,80.51999664
2008-08-13,81.55999756
2008-08-14,79.34999847
2008-08-15,77.62999725
2008-08-18,78.80000305
2008-08-19,80.43000031
2008-08-20,80.05999756
2008-08-21,82.30000305
2008-08-22,81.08000183
2008-08-25,80.93000031
2008-08-26,81.23000336
2008-08-27,81.36000061
2008-08-28,82.18000031
2008-08-29,81.70999908
2008-09-02,79.19999695
2008-09-03,78.88999939
2008-09-04,78.38999939
2008-09-05,78.98000336
2008-09-08,78.86000061
2008-09-09,76.48999786
2008-09-10,74.22000122
2008-09-11,73.08000183
2008-09-12,75.55000305
2008-09-15,77.55999756
2008-09-16,76.79000092
2008-09-17,85.45999908
2008-09-18,82.80000305
2008-09-19,85.98000336
2008-09-22,89.18000031
2008-09-23,88.31999969
2008-09-24,86.70999908
2008-09-25,86.44999695
2008-09-26,86.63999939
2008-09-29,89.56999969
2008-09-30,85.06999969
2008-10-01,85.97000122
2008-10-02,82.33000183
2008-10-03,82.58999634
2008-10-06,84.27999878
2008-10-07,87.26999664
2008-10-08,89.41999817
2008-10-09,89.90000153
2008-10-10,83.22000122
2008-10-13,81.98999786
2008-10-14,82.19999695
2008-10-15,83.30999756
2008-10-16,79.29000092
2008-10-17,77.20999908
2008-10-20,78.50000000
2008-10-21,76.02999878
2008-10-22,71.70999908
2008-10-23,70.65000153
2008-10-24,72.20999908
2008-10-27,72.18000031
2008-10-28,73.79000092
2008-10-29,74.00000000
2008-10-30,72.70999908
2008-10-31,71.33999634
2008-11-03,71.09999847
2008-11-04,75.48000336
2008-11-05,72.80000305
2008-11-06,72.22000122
2008-11-07,72.50000000
2008-11-10,73.58000183
2008-11-11,72.05000305
2008-11-12,70.00000000
2008-11-13,72.15000153
2008-11-14,73.30000305
2008-11-17,72.65000153
2008-11-18,72.51000214
2008-11-19,72.26000214
2008-11-20,73.44999695
2008-11-21,78.84999847
2008-11-24,80.91000366
2008-11-25,80.87000275
2008-11-26,80.37999725
2008-11-28,80.30999756
2008-12-01,75.65000153
2008-12-02,76.94999695
2008-12-03,76.18000031
2008-12-04,75.50000000
2008-12-05,74.51999664
2008-12-08,76.19999695
2008-12-09,76.33000183
2008-12-10,79.75000000
2008-12-11,80.65000153
2008-12-12,80.80999756
2008-12-15,82.59999847
2008-12-16,84.45999908
2008-12-17,85.43000031
2008-12-18,83.87000275
2008-12-19,82.62999725
2008-12-22,83.45999908
2008-12-23,82.62999725
2008-12-24,83.45999908
2008-12-26,85.59999847
2008-12-29,86.34999847
2008-12-30,85.90000153
2008-12-31,86.51999664
2009-01-02,86.23000336
2009-01-05,84.48000336
2009-01-06,85.12999725
2009-01-07,82.75000000
2009-01-08,84.45999908
2009-01-09,83.91999817
2009-01-12,80.76000214
2009-01-13,80.87999725
2009-01-14,79.79000092
2009-01-15,80.38999939
2009-01-16,82.70999908
2009-01-20,84.51999664
2009-01-21,84.15000153
2009-01-22,84.58000183
2009-01-23,88.52999878
2009-01-26,88.94999695
2009-01-27,88.37999725
2009-01-28,87.41999817
2009-01-29,89.50000000
2009-01-30,91.30999756
2009-02-02,88.83999634
2009-02-03,88.47000122
2009-02-04,89.18000031
2009-02-05,90.12000275
2009-02-06,89.58999634
2009-02-09,88.31999969
2009-02-10,90.20999908
2009-02-11,92.29000092
2009-02-12,93.16999817
2009-02-13,92.55000305
2009-02-17,95.44999695
2009-02-18,96.91000366
2009-02-19,95.76999664
2009-02-20,97.80000305
2009-02-23,97.73000336
2009-02-24,94.73000336
2009-02-25,93.15000153
2009-02-26,93.05999756
2009-02-27,92.62999725
2009-03-02,90.93000031
2009-03-03,90.04000092
2009-03-04,88.98999786
2009-03-05,91.98999786
2009-03-06,92.29000092
2009-03-09,90.56999969
2009-03-10,88.13999939
2009-03-11,89.22000122
2009-03-12,91.09999847
2009-03-13,91.30000305
2009-03-16,90.80000305
2009-03-17,90.04000092
2009-03-18,93.08999634
2009-03-19,94.34999847
2009-03-20,93.58999634
2009-03-23,92.08000183
2009-03-24,90.94999695
2009-03-25,91.98000336
2009-03-26,91.93000031
2009-03-27,90.69000244
2009-03-30,89.98000336
2009-03-31,90.27999878
2009-04-01,91.02999878
2009-04-02,88.80000305
2009-04-03,87.58999634
2009-04-06,85.26999664
2009-04-07,86.73999786
2009-04-08,86.61000061
2009-04-09,86.30999756
2009-04-13,87.87999725
2009-04-14,87.37000275
2009-04-15,87.50000000
2009-04-16,85.80999756
2009-04-17,85.22000122
2009-04-20,86.94999695
2009-04-21,86.88999939
2009-04-22,87.37999725
2009-04-23,88.80000305
2009-04-24,89.72000122
2009-04-27,89.01000214
2009-04-28,87.75000000
2009-04-29,88.33000183
2009-04-30,87.26999664
2009-05-01,86.94999695
2009-05-04,88.63999939
2009-05-05,88.25000000
2009-05-06,89.54000092
2009-05-07,89.44000244
2009-05-08,89.98000336
2009-05-11,89.69000244
2009-05-12,90.69999695
2009-05-13,91.08999634
2009-05-14,91.02999878
2009-05-15,91.55000305
2009-05-18,90.36000061
2009-05-19,90.95999908
2009-05-20,92.25000000
2009-05-21,93.84999847
2009-05-22,94.15000153
2009-05-26,93.76000214
2009-05-27,93.44999695
2009-05-28,94.23999786
2009-05-29,96.19999695
2009-06-01,95.73000336
2009-06-02,96.36000061
2009-06-03,94.41000366
2009-06-04,96.23000336
2009-06-05,93.70999908
2009-06-08,93.55999756
2009-06-09,93.83000183
2009-06-10,93.86000061
2009-06-11,93.69999695
2009-06-12,92.16999817
2009-06-15,91.09999847
2009-06-16,91.93000031
2009-06-17,92.34999847
2009-06-18,91.61000061
2009-06-19,91.90000153
2009-06-22,90.54000092
2009-06-23,90.91999817
2009-06-24,91.44999695
2009-06-25,92.30999756
2009-06-26,92.29000092
2009-06-29,92.04000092
2009-06-30,91.18000031
2009-07-01,92.38999939
2009-07-02,91.25000000
2009-07-06,90.76000214
2009-07-07,90.70999908
2009-07-08,89.26999664
2009-07-09,89.51000214
2009-07-10,89.58000183
2009-07-13,90.19000244
2009-07-14,90.80999756
2009-07-15,92.23999786
2009-07-16,91.98000336
2009-07-17,91.93000031
2009-07-20,93.27999878
2009-07-21,93.12999725
2009-07-22,93.44000244
2009-07-23,93.26000214
2009-07-24,93.41000366
2009-07-27,93.70999908
2009-07-28,92.11000061
2009-07-29,91.19999695
2009-07-30,91.62000275
2009-07-31,93.34999847
2009-08-03,93.87000275
2009-08-04,94.68000031
2009-08-05,94.77999878
2009-08-06,94.59999847
2009-08-07,93.75000000
2009-08-10,92.93000031
2009-08-11,92.79000092
2009-08-12,92.94999695
2009-08-13,93.72000122
2009-08-14,93.00000000
2009-08-17,91.61000061
2009-08-18,92.05999756
2009-08-19,92.52999878
2009-08-20,92.26999664
2009-08-21,93.65000153
2009-08-24,92.33999634
2009-08-25,92.76000214
2009-08-26,92.79000092
2009-08-27,93.19000244
2009-08-28,93.87000275
2009-08-31,93.40000153
2009-09-01,93.90000153
2009-09-02,96.19000244
2009-09-03,97.45999908
2009-09-04,97.52999878
2009-09-08,97.43000031
2009-09-09,97.08000183
2009-09-10,97.69999695
2009-09-11,98.77999878
2009-09-14,97.95999908
2009-09-15,98.90000153
2009-09-16,99.91000366
2009-09-17,99.33999634
2009-09-18,98.66999817
2009-09-21,98.36000061
2009-09-22,99.66999817
2009-09-23,98.83000183
2009-09-24,97.55000305
2009-09-25,97.00000000
2009-09-28,97.05000305
2009-09-29,97.43000031
2009-09-30,98.84999847
2009-10-01,97.88999939
2009-10-02,98.37000275
2009-10-05,99.81999969
2009-10-06,102.27999878
2009-10-07,102.36000061
2009-10-08,103.63999939
2009-10-09,102.83999634
2009-10-12,103.55999756
2009-10-13,104.26000214
2009-10-14,104.18000031
2009-10-15,102.86000061
2009-10-16,103.18000031
2009-10-19,104.23000336
2009-10-20,103.41999817
2009-10-21,103.75000000
2009-10-22,103.91999817
2009-10-23,103.48999786
2009-10-26,101.86000061
2009-10-27,101.84999847
2009-10-28,100.73000336
2009-10-29,102.69000244
2009-10-30,102.52999878
2009-11-02,103.94999695
2009-11-03,106.45999908
2009-11-04,107.09999847
2009-11-05,106.98000336
2009-11-06,107.43000031
2009-11-09,108.19000244
2009-11-10,108.38999939
2009-11-11,109.59999847
2009-11-12,108.20999908
2009-11-13,109.73999786
2009-11-16,111.62999725
2009-11-17,111.97000122
2009-11-18,112.25000000
2009-11-19,112.30000305
2009-11-20,112.94000244
2009-11-23,114.29000092
2009-11-24,114.73000336
2009-11-25,116.62000275
2009-11-27,115.05999756
2009-11-30,115.63999939
2009-12-01,117.37999725
2009-12-02,119.18000031
2009-12-03,118.69999695
2009-12-04,113.75000000
2009-12-07,113.11000061
2009-12-08,110.94999695
2009-12-09,110.83999634
2009-12-10,110.81999969
2009-12-11,109.31999969
2009-12-14,110.23999786
2009-12-15,110.20999908
2009-12-16,111.58999634
2009-12-17,107.33999634
2009-12-18,108.94999695
2009-12-21,106.94999695
2009-12-22,106.16999817
2009-12-23,106.55000305
2009-12-24,108.36000061
2009-12-28,108.55000305
2009-12-29,107.47000122
2009-12-30,106.93000031
2009-12-31,107.30999756
2010-01-04,109.80000305
2010-01-05,109.69999695
2010-01-06,111.51000214
2010-01-07,110.81999969
2010-01-08,111.37000275
2010-01-11,112.84999847
2010-01-12,110.48999786
2010-01-13,111.54000092
2010-01-14,112.02999878
2010-01-15,110.86000061
2010-01-19,111.51999664
2010-01-20,108.94000244
2010-01-21,107.37000275
2010-01-22,107.16999817
2010-01-25,107.48000336
2010-01-26,107.55999756
2010-01-27,106.52999878
2010-01-28,106.48000336
2010-01-29,105.95999908
2010-02-01,108.34999847
2010-02-02,109.12999725
2010-02-03,108.69999695
2010-02-04,104.37000275
2010-02-05,104.68000031
2010-02-08,104.04000092
2010-02-09,105.41000366
2010-02-10,105.12000275
2010-02-11,107.12999725
2010-02-12,107.04000092
2010-02-16,109.62000275
2010-02-17,109.25000000
2010-02-18,109.98000336
2010-02-19,109.47000122
2010-02-22,109.06999969
2010-02-23,107.88999939
2010-02-24,107.36000061
2010-02-25,108.30999756
2010-02-26,109.43000031
2010-03-01,109.43000031
2010-03-02,111.01999664
2010-03-03,111.62999725
2010-03-04,110.83000183
2010-03-05,110.80999756
2010-03-08,109.87999725
2010-03-09,109.72000122
2010-03-10,108.47000122
2010-03-11,108.59999847
2010-03-12,107.94999695
2010-03-15,108.36000061
2010-03-16,110.40000153
2010-03-17,109.58999634
2010-03-18,110.33999634
2010-03-19,108.27999878
2010-03-22,107.75000000
2010-03-23,108.31999969
2010-03-24,106.30000305
2010-03-25,106.77999878
2010-03-26,108.58999634
2010-03-29,108.75000000
2010-03-30,107.97000122
2010-03-31,108.94999695
2010-04-01,110.26000214
2010-04-05,110.88999939
2010-04-06,111.02999878
2010-04-07,112.48999786
2010-04-08,112.65000153
2010-04-09,113.63999939
2010-04-12,113.01000214
2010-04-13,112.69000244
2010-04-14,113.02999878
2010-04-15,113.65000153
2010-04-16,111.23999786
2010-04-19,111.15000153
2010-04-20,111.45999908
2010-04-21,112.30999756
2010-04-22,111.83999634
2010-04-23,113.19000244
2010-04-26,112.75000000
2010-04-27,114.62999725
2010-04-28,114.30999756
2010-04-29,114.27999878
2010-04-30,115.36000061
2010-05-03,115.73000336
2010-05-04,114.87000275
2010-05-05,115.08999634
2010-05-06,118.48999786
2010-05-07,118.26999664
2010-05-10,117.56999969
2010-05-11,120.66000366
2010-05-12,121.40000153
2010-05-13,120.55999756
2010-05-14,120.37000275
2010-05-17,119.36000061
2010-05-18,119.48999786
2010-05-19,116.62999725
2010-05-20,115.83999634
2010-05-21,115.22000122
2010-05-24,116.83999634
2010-05-25,117.36000061
2010-05-26,118.47000122
2010-05-27,118.69000244
2010-05-28,118.87999725
2010-06-01,119.91000366
2010-06-02,119.77999878
2010-06-03,117.95999908
2010-06-04,119.19000244
2010-06-07,121.48999786
2010-06-08,121.00000000
2010-06-09,120.55999756
2010-06-10,118.97000122
2010-06-11,120.01000214
2010-06-14,119.59999847
2010-06-15,120.98999786
2010-06-16,120.33000183
2010-06-17,121.90000153
2010-06-18,122.83000183
2010-06-21,120.38999939
2010-06-22,121.44999695
2010-06-23,120.94999695
2010-06-24,121.30000305
2010-06-25,122.76000214
2010-06-28,121.08999634
2010-06-29,121.26999664
2010-06-30,121.68000031
2010-07-01,117.04000092
2010-07-02,118.48999786
2010-07-06,116.51000214
2010-07-07,117.73000336
2010-07-08,117.20999908
2010-07-09,118.36000061
2010-07-12,117.33999634
2010-07-13,118.36000061
2010-07-14,118.30000305
2010-07-15,118.23000336
2010-07-16,116.66999817
2010-07-19,115.73000336
2010-07-20,116.65000153
2010-07-21,115.84999847
2010-07-22,116.86000061
2010-07-23,116.08999634
2010-07-26,115.51999664
2010-07-27,113.51000214
2010-07-28,113.77999878
2010-07-29,114.29000092
2010-07-30,115.48999786
2010-08-02,115.54000092
2010-08-03,115.98999786
2010-08-04,116.72000122
2010-08-05,116.98000336
2010-08-06,117.83999634
2010-08-09,117.40000153
2010-08-10,117.73000336
2010-08-11,117.33999634
2010-08-12,118.76999664
2010-08-13,118.73999786
2010-08-16,119.73000336
2010-08-17,119.75000000
2010-08-18,120.22000122
2010-08-19,120.38999939
2010-08-20,119.97000122
2010-08-23,119.77999878
2010-08-24,120.36000061
2010-08-25,121.36000061
2010-08-26,120.95999908
2010-08-27,121.01000214
2010-08-30,120.91000366
2010-08-31,122.08000183
2010-09-01,121.69000244
2010-09-02,122.29000092
2010-09-03,121.86000061
2010-09-07,122.69999695
2010-09-08,122.70999908
2010-09-09,121.55999756
2010-09-10,121.73000336
2010-09-13,121.62000275
2010-09-14,124.01999664
2010-09-15,123.94000244
2010-09-16,124.62999725
2010-09-17,124.54000092
2010-09-20,124.87000275
2010-09-21,126.01000214
2010-09-22,126.19999695
2010-09-23,126.30000305
2010-09-24,126.69000244
2010-09-27,126.72000122
2010-09-28,127.84999847
2010-09-29,127.94999695
2010-09-30,127.91000366
2010-10-01,128.91000366
2010-10-04,128.46000671
2010-10-05,130.99000549
2010-10-06,131.80999756
2010-10-07,130.36999512
2010-10-08,131.66000366
2010-10-11,132.28999329
2010-10-12,131.96000671
2010-10-13,134.07000732
2010-10-14,134.75000000
2010-10-15,133.67999268
2010-10-18,134.27999878
2010-10-19,130.11000061
2010-10-20,131.32000732
2010-10-21,129.47000122
2010-10-22,129.72999573
2010-10-25,130.85000610
2010-10-26,130.88000488
2010-10-27,129.52000427
2010-10-28,131.24000549
2010-10-29,132.61999512
2010-11-01,131.91999817
2010-11-02,132.49000549
2010-11-03,131.57000732
2010-11-04,136.02999878
2010-11-05,136.38000488
2010-11-08,137.77999878
2010-11-09,135.58999634
2010-11-10,137.24000549
2010-11-11,137.66000366
2010-11-12,133.69000244
2010-11-15,132.41999817
2010-11-16,130.97000122
2010-11-17,130.38000488
2010-11-18,132.08999634
2010-11-19,132.19999695
2010-11-22,133.47999573
2010-11-23,134.41000366
2010-11-24,134.17999268
2010-11-26,133.11000061
2010-11-29,133.50999451
2010-11-30,135.41999817
2010-12-01,135.38000488
2010-12-02,135.19999695
2010-12-03,138.07000732
2010-12-06,139.11000061
2010-12-07,136.50000000
2010-12-08,134.78999329
2010-12-09,135.36999512
2010-12-10,135.41000366
2010-12-13,136.05000305
2010-12-14,136.17999268
2010-12-15,134.69999695
2010-12-16,133.80999756
2010-12-17,134.19999695
2010-12-20,135.11000061
2010-12-21,135.32000732
2010-12-22,135.05000305
2010-12-23,134.66000366
2010-12-27,135.02000427
2010-12-28,137.22000122
2010-12-29,137.71000671
2010-12-30,137.02999878
2010-12-31,138.72000122
2011-01-03,138.00000000
2011-01-04,134.75000000
2011-01-05,134.36999512
2011-01-06,133.83000183
2011-01-07,133.58000183
2011-01-10,134.11999512
2011-01-11,134.91000366
2011-01-12,135.46000671
2011-01-13,134.05000305
2011-01-14,132.69000244
2011-01-18,133.42999268
2011-01-19,133.72000122
2011-01-20,131.19999695
2011-01-21,131.02999878
2011-01-24,130.36000061
2011-01-25,130.10000610
2011-01-26,131.16000366
2011-01-27,127.93000031
2011-01-28,130.27999878
2011-01-31,129.86999512
2011-02-01,130.80000305
2011-02-02,130.44999695
2011-02-03,132.19999695
2011-02-04,131.66000366
2011-02-07,131.67999268
2011-02-08,133.13999939
2011-02-09,133.07000732
2011-02-10,132.85000610
2011-02-11,132.32000732
2011-02-14,132.94999695
2011-02-15,133.97000122
2011-02-16,134.10000610
2011-02-17,135.03999329
2011-02-18,135.41000366
2011-02-22,136.28999329
2011-02-23,137.50999451
2011-02-24,136.47999573
2011-02-25,137.38000488
2011-02-28,137.66000366
2011-03-01,140.02999878
2011-03-02,139.91999817
2011-03-03,138.08999634
2011-03-04,139.35000610
2011-03-07,139.72000122
2011-03-08,139.36000061
2011-03-09,139.41000366
2011-03-10,137.77000427
2011-03-11,138.22000122
2011-03-14,138.86000061
2011-03-15,136.27000427
2011-03-16,136.24000549
2011-03-17,136.97000122
2011-03-18,138.36999512
2011-03-21,139.13999939
2011-03-22,139.05000305
2011-03-23,140.33999634
2011-03-24,139.22000122
2011-03-25,139.25999451
2011-03-28,138.53999329
2011-03-29,138.21000671
2011-03-30,138.66999817
2011-03-31,139.86000061
2011-04-01,139.19999695
2011-04-04,139.83999634
2011-04-05,142.05000305
2011-04-06,142.38000488
2011-04-07,142.50999451
2011-04-08,143.66000366
2011-04-11,142.63999939
2011-04-12,141.61000061
2011-04-13,141.89999390
2011-04-14,143.80999756
2011-04-15,145.05000305
2011-04-18,145.92999268
2011-04-19,145.92999268
2011-04-20,146.50000000
2011-04-21,146.74000549
2011-04-25,146.86999512
2011-04-26,146.38000488
2011-04-27,149.19999695
2011-04-28,149.82000732
2011-04-29,152.36999512
2011-05-02,150.41000366
2011-05-03,149.88000488
2011-05-04,147.72999573
2011-05-05,143.47000122
2011-05-06,145.30000305
2011-05-09,147.38000488
2011-05-10,147.89999390
2011-05-11,146.53999329
2011-05-12,146.58999634
2011-05-13,145.63000488
2011-05-16,145.36999512
2011-05-17,144.74000549
2011-05-18,145.60000610
2011-05-19,145.64999390
2011-05-20,147.49000549
2011-05-23,147.83000183
2011-05-24,148.58999634
2011-05-25,148.58000183
2011-05-26,148.22000122
2011-05-27,149.69999695
2011-05-31,149.63999939
2011-06-01,149.91000366
2011-06-02,149.50000000
2011-06-03,150.22000122
2011-06-06,150.47999573
2011-06-07,150.41999817
2011-06-08,149.80999756
2011-06-09,150.55999756
2011-06-10,149.24000549
2011-06-13,147.77000427
2011-06-14,148.66999817
2011-06-15,149.11999512
2011-06-16,148.97000122
2011-06-17,149.94000244
2011-06-20,150.02999878
2011-06-21,150.75999451
2011-06-22,150.99000549
2011-06-23,148.33999634
2011-06-24,146.25999451
2011-06-27,145.72999573
2011-06-28,146.24000549
2011-06-29,147.17999268
2011-06-30,146.00000000
2011-07-01,144.92999268
2011-07-05,147.63000488
2011-07-06,148.91000366
2011-07-07,149.14999390
2011-07-08,150.25000000
2011-07-11,151.58999634
2011-07-12,152.77000427
2011-07-13,154.13999939
2011-07-14,154.53999329
2011-07-15,155.19999695
2011-07-18,156.57000732
2011-07-19,154.66000366
2011-07-20,156.02000427
2011-07-21,154.83000183
2011-07-22,156.11999512
2011-07-25,157.33999634
2011-07-26,157.77000427
2011-07-27,157.19000244
2011-07-28,157.32000732
2011-07-29,158.28999329
2011-08-01,157.72000122
2011-08-02,161.52000427
2011-08-03,161.49000549
2011-08-04,160.63999939
2011-08-05,161.75000000
2011-08-08,167.11999512
2011-08-09,168.61000061
2011-08-10,174.58000183
2011-08-11,170.75000000
2011-08-12,169.97000122
2011-08-15,171.80000305
2011-08-16,173.91999817
2011-08-17,174.41999817
2011-08-18,177.72000122
2011-08-19,179.94999695
2011-08-22,184.58999634
2011-08-23,177.66999817
2011-08-24,171.64999390
2011-08-25,172.36000061
2011-08-26,177.47000122
2011-08-29,173.88999939
2011-08-30,179.10000610
2011-08-31,177.72000122
2011-09-01,177.86999512
2011-09-02,183.24000549
2011-09-06,182.89999390
2011-09-07,177.08000183
2011-09-08,181.80999756
2011-09-09,180.69999695
2011-09-12,176.66999817
2011-09-13,178.53999329
2011-09-14,177.21000671
2011-09-15,174.39999390
2011-09-16,176.02999878
2011-09-19,173.30999756
2011-09-20,175.77999878
2011-09-21,173.58999634
2011-09-22,169.05000305
2011-09-23,159.80000305
2011-09-26,157.58000183
2011-09-27,160.63000488
2011-09-28,156.22000122
2011-09-29,157.69999695
2011-09-30,158.05999756
2011-10-03,160.96000671
2011-10-04,157.63999939
2011-10-05,159.46000671
2011-10-06,160.49000549
2011-10-07,159.17999268
2011-10-10,163.27000427
2011-10-11,162.10000610
2011-10-12,163.25999451
2011-10-13,162.30000305
2011-10-14,163.39999390
2011-10-17,162.61999512
2011-10-18,161.83999634
2011-10-19,159.86999512
2011-10-20,157.77000427
2011-10-21,159.52000427
2011-10-24,161.02000427
2011-10-25,165.58999634
2011-10-26,167.39999390
2011-10-27,169.55000305
2011-10-28,169.61999512
2011-10-31,167.33999634
2011-11-01,167.38000488
2011-11-02,169.05999756
2011-11-03,171.72000122
2011-11-04,170.85000610
2011-11-07,174.97999573
2011-11-08,173.52999878
2011-11-09,172.07000732
2011-11-10,171.13999939
2011-11-11,173.96000671
2011-11-14,173.19999695
2011-11-15,173.36000061
2011-11-16,171.50999451
2011-11-17,167.10000610
2011-11-18,167.61999512
2011-11-21,163.50000000
2011-11-22,165.30999756
2011-11-23,164.83000183
2011-11-25,163.39999390
2011-11-28,166.63000488
2011-11-29,166.88000488
2011-11-30,170.13000488
2011-12-01,169.63000488
2011-12-02,169.82000732
2011-12-05,167.32000732
2011-12-06,168.17999268
2011-12-07,169.39999390
2011-12-08,165.97999573
2011-12-09,166.39999390
2011-12-12,161.99000549
2011-12-13,158.44999695
2011-12-14,152.88999939
2011-12-15,152.33000183
2011-12-16,155.22999573
2011-12-19,154.86999512
2011-12-20,156.97999573
2011-12-21,157.16000366
2011-12-22,156.03999329
2011-12-23,156.30999756
2011-12-27,154.91000366
2011-12-28,151.02999878
2011-12-29,150.33999634
2011-12-30,151.99000549
2012-01-03,155.91999817
2012-01-04,156.71000671
2012-01-05,157.77999878
2012-01-06,157.19999695
2012-01-09,156.50000000
2012-01-10,158.63999939
2012-01-11,159.66999817
2012-01-12,160.38000488
2012-01-13,159.25999451
2012-01-17,160.50000000
2012-01-18,161.60000610
2012-01-19,161.22000122
2012-01-20,162.07000732
2012-01-23,163.16000366
2012-01-24,162.00999451
2012-01-25,166.41999817
2012-01-26,167.27000427
2012-01-27,168.97000122
2012-01-30,168.02999878
2012-01-31,169.30999756
2012-02-01,169.55999756
2012-02-02,171.05000305
2012-02-03,167.63999939
2012-02-06,167.17999268
2012-02-07,169.69999695
2012-02-08,168.50000000
2012-02-09,168.02000427
2012-02-10,167.13999939
2012-02-13,167.50999451
2012-02-14,167.11999512
2012-02-15,168.11000061
2012-02-16,168.00000000
2012-02-17,167.35000610
2012-02-21,171.02000427
2012-02-22,172.94000244
2012-02-23,173.02000427
2012-02-24,172.22999573
2012-02-27,171.69999695
2012-02-28,173.49000549
2012-02-29,164.28999329
2012-03-01,166.61000061
2012-03-02,166.33999634
2012-03-05,165.64999390
2012-03-06,162.69999695
2012-03-07,163.63000488
2012-03-08,165.27999878
2012-03-09,166.38000488
2012-03-12,165.07000732
2012-03-13,162.30000305
2012-03-14,159.57000732
2012-03-15,161.08000183
2012-03-16,161.30000305
2012-03-19,161.58999634
2012-03-20,160.13000488
2012-03-21,160.21000671
2012-03-22,159.57000732
2012-03-23,161.52999878
2012-03-26,164.39999390
2012-03-27,163.24000549
2012-03-28,161.50999451
2012-03-29,161.27999878
2012-03-30,162.11999512
2012-04-02,162.94000244
2012-04-03,159.88999939
2012-04-04,157.21000671
2012-04-05,158.30999756
2012-04-09,159.36999512
2012-04-10,161.10000610
2012-04-11,161.07000732
2012-04-12,162.69999695
2012-04-13,160.85000610
2012-04-16,160.46000671
2012-04-17,160.25000000
2012-04-18,159.30999756
2012-04-19,159.42999268
2012-04-20,159.53999329
2012-04-23,159.07000732
2012-04-24,159.30000305
2012-04-25,159.61999512
2012-04-26,161.02999878
2012-04-27,161.38000488
2012-04-30,161.88000488
2012-05-01,161.32000732
2012-05-02,160.58999634
2012-05-03,158.97000122
2012-05-04,159.47000122
2012-05-07,159.08000183
2012-05-08,156.00000000
2012-05-09,154.47000122
2012-05-10,154.77000427
2012-05-11,153.55999756
2012-05-14,151.33000183
2012-05-15,149.74000549
2012-05-16,149.46000671
2012-05-17,152.80000305
2012-05-18,154.55000305
2012-05-21,154.64999390
2012-05-22,152.08000183
2012-05-23,151.61999512
2012-05-24,151.41000366
2012-05-25,152.67999268
2012-05-29,151.02000427
2012-05-30,151.91000366
2012-05-31,151.61999512
2012-06-01,157.50000000
2012-06-04,157.32000732
2012-06-05,157.13999939
2012-06-06,157.21000671
2012-06-07,154.50000000
2012-06-08,154.72999573
2012-06-11,155.36000061
2012-06-12,156.46000671
2012-06-13,157.11999512
2012-06-14,157.75000000
2012-06-15,157.83999634
2012-06-18,157.92999268
2012-06-19,157.16000366
2012-06-20,155.97000122
2012-06-21,152.02000427
2012-06-22,152.63999939
2012-06-25,153.75999451
2012-06-26,152.61999512
2012-06-27,152.83000183
2012-06-28,151.05000305
2012-06-29,155.19000244
2012-07-02,155.08999634
2012-07-03,157.46000671
2012-07-05,155.67999268
2012-07-06,153.71000671
2012-07-09,154.03999329
2012-07-10,152.14999390
2012-07-11,152.99000549
2012-07-12,152.58999634
2012-07-13,154.13999939
2012-07-16,154.21000671
2012-07-17,153.47000122
2012-07-18,153.05000305
2012-07-19,153.38000488
2012-07-20,153.66999817
2012-07-23,153.02999878
2012-07-24,153.52000427
2012-07-25,155.66999817
2012-07-26,156.77000427
2012-07-27,157.53999329
2012-07-30,157.42999268
2012-07-31,156.49000549
2012-08-01,155.13999939
2012-08-02,154.13000488
2012-08-03,155.55000305
2012-08-06,156.30000305
2012-08-07,156.27999878
2012-08-08,156.47999573
2012-08-09,156.99000549
2012-08-10,157.17999268
2012-08-13,155.99000549
2012-08-14,155.13000488
2012-08-15,155.63000488
2012-08-16,156.55999756
2012-08-17,156.72000122
2012-08-20,157.25999451
2012-08-21,158.83000183
2012-08-22,160.53999329
2012-08-23,161.88999939
2012-08-24,161.97000122
2012-08-27,161.36000061
2012-08-28,161.63999939
2012-08-29,160.58999634
2012-08-30,160.52000427
2012-08-31,164.22000122
2012-09-04,164.47999573
2012-09-05,164.30999756
2012-09-06,164.88999939
2012-09-07,168.44000244
2012-09-10,167.28999329
2012-09-11,167.89999390
2012-09-12,167.91999817
2012-09-13,171.30999756
2012-09-14,171.80000305
2012-09-17,170.39999390
2012-09-18,171.72000122
2012-09-19,171.74000549
2012-09-20,171.47000122
2012-09-21,171.96000671
2012-09-24,171.05000305
2012-09-25,170.77000427
2012-09-26,169.80999756
2012-09-27,172.33999634
2012-09-28,171.88999939
2012-10-01,172.28999329
2012-10-02,172.10000610
2012-10-03,172.41000366
2012-10-04,173.61000061
2012-10-05,172.61999512
2012-10-08,172.05000305
2012-10-09,170.99000549
2012-10-10,170.83999634
2012-10-11,171.32000732
2012-10-12,170.05999756
2012-10-15,168.35000610
2012-10-16,169.41999817
2012-10-17,169.53999329
2012-10-18,168.78999329
2012-10-19,166.97000122
2012-10-22,167.58000183
2012-10-23,165.42999268
2012-10-24,164.86000061
2012-10-25,166.02000427
2012-10-26,165.92999268
2012-10-31,166.83000183
2012-11-01,166.07000732
2012-11-02,162.60000610
2012-11-05,163.22999573
2012-11-06,166.30000305
2012-11-07,166.49000549
2012-11-08,167.99000549
2012-11-09,167.82000732
2012-11-12,167.44999695
2012-11-13,167.10000610
2012-11-14,167.13999939
2012-11-15,166.08999634
2012-11-16,165.88000488
2012-11-19,167.86999512
2012-11-20,167.38999939
2012-11-21,167.55999756
2012-11-23,169.61000061
2012-11-26,169.42999268
2012-11-27,168.71000671
2012-11-28,166.55000305
2012-11-29,167.17999268
2012-11-30,166.05000305
2012-12-03,166.13000488
2012-12-04,164.41999817
2012-12-05,164.11999512
2012-12-06,164.50000000
2012-12-07,165.16000366
2012-12-10,165.80000305
2012-12-11,165.64999390
2012-12-12,165.77000427
2012-12-13,164.36999512
2012-12-14,164.13000488
2012-12-17,164.44000244
2012-12-18,162.08000183
2012-12-19,161.69000244
2012-12-20,159.72999573
2012-12-21,160.33000183
2012-12-24,160.61999512
2012-12-26,160.77999878
2012-12-27,161.16000366
2012-12-28,160.53999329
2012-12-31,162.02000427
2013-01-02,163.16999817
2013-01-03,161.19999695
2013-01-04,160.44000244
2013-01-07,159.42999268
2013-01-08,160.55999756
2013-01-09,160.49000549
2013-01-10,161.97999573
2013-01-11,161.05999756
2013-01-14,161.53999329
2013-01-15,162.55999756
2013-01-16,162.64999390
2013-01-17,163.35000610
2013-01-18,163.08999634
2013-01-22,163.66999817
2013-01-23,163.21000671
2013-01-24,161.41999817
2013-01-25,160.64999390
2013-01-28,160.28999329
2013-01-29,160.99000549
2013-01-30,162.19000244
2013-01-31,161.19999695
2013-02-01,161.44999695
2013-02-04,162.00000000
2013-02-05,161.96000671
2013-02-06,162.38999939
2013-02-07,161.83999634
2013-02-08,161.57000732
2013-02-11,159.69999695
2013-02-12,159.88999939
2013-02-13,159.05000305
2013-02-14,158.35000610
2013-02-15,155.75999451
2013-02-19,155.33000183
2013-02-20,151.44000244
2013-02-21,152.61999512
2013-02-22,152.97000122
2013-02-25,154.33999634
2013-02-26,156.22000122
2013-02-27,154.57000732
2013-02-28,153.00000000
2013-03-01,152.44000244
2013-03-04,152.30000305
2013-03-05,152.38000488
2013-03-06,153.22999573
2013-03-07,152.69000244
2013-03-08,152.71000671
2013-03-11,152.99000549
2013-03-12,154.19000244
2013-03-13,153.66000366
2013-03-14,153.67999268
2013-03-15,154.00000000
2013-03-18,155.38000488
2013-03-19,156.08000183
2013-03-20,155.36999512
2013-03-21,156.25000000
2013-03-22,155.55000305
2013-03-25,155.24000549
2013-03-26,154.72000122
2013-03-27,155.36000061
2013-03-28,154.44999695
2013-04-01,154.66999817
2013-04-02,152.42999268
2013-04-03,150.72999573
2013-04-04,150.28999329
2013-04-05,152.80999756
2013-04-08,152.16000366
2013-04-09,153.33999634
2013-04-10,150.75000000
2013-04-11,151.05000305
2013-04-12,143.94999695
2013-04-15,131.30999756
2013-04-16,132.80000305
2013-04-17,132.86999512
2013-04-18,134.30000305
2013-04-19,135.47000122
2013-04-22,137.89999390
2013-04-23,136.88000488
2013-04-24,138.36999512
2013-04-25,141.63000488
2013-04-26,140.91000366
2013-04-29,142.30000305
2013-04-30,142.77000427
2013-05-01,141.11000061
2013-05-02,141.91999817
2013-05-03,142.08999634
2013-05-06,142.14999390
2013-05-07,140.38000488
2013-05-08,142.46000671
2013-05-09,140.80999756
2013-05-10,139.60000610
2013-05-13,138.42999268
2013-05-14,137.80999756
2013-05-15,134.63000488
2013-05-16,134.08999634
2013-05-17,131.07000732
2013-05-20,135.11999512
2013-05-21,132.88000488
2013-05-22,131.94000244
2013-05-23,134.61000061
2013-05-24,133.75999451
2013-05-28,133.49000549
2013-05-29,134.83000183
2013-05-30,136.69999695
2013-05-31,133.91999817
2013-06-03,136.50999451
2013-06-04,135.22999573
2013-06-05,135.52000427
2013-06-06,136.52999878
2013-06-07,133.27999878
2013-06-10,133.94000244
2013-06-11,133.25000000
2013-06-12,134.25000000
2013-06-13,133.74000549
2013-06-14,134.42999268
2013-06-17,133.77000427
2013-06-18,132.13000488
2013-06-19,130.58999634
2013-06-20,123.59999847
2013-06-21,125.05000305
2013-06-24,123.93000031
2013-06-25,123.47000122
2013-06-26,118.27999878
2013-06-27,115.94000244
2013-06-28,119.11000061
2013-07-01,121.12999725
2013-07-02,120.05000305
2013-07-03,120.73999786
2013-07-05,118.08999634
2013-07-08,119.51000214
2013-07-09,120.62000275
2013-07-10,120.94999695
2013-07-11,124.23999786
2013-07-12,124.12999725
2013-07-15,124.18000031
2013-07-16,124.88999939
2013-07-17,123.31999969
2013-07-18,124.01000214
2013-07-19,125.11000061
2013-07-22,128.83999634
2013-07-23,129.71000671
2013-07-24,127.48000336
2013-07-25,128.66999817
2013-07-26,128.77999878
2013-07-29,128.47000122
2013-07-30,128.11999512
2013-07-31,127.95999908
2013-08-01,126.61000061
2013-08-02,126.36000061
2013-08-05,125.69999695
2013-08-06,123.97000122
2013-08-07,124.15000153
2013-08-08,126.86000061
2013-08-09,126.86000061
2013-08-12,129.13000488
2013-08-13,127.73999786
2013-08-14,129.00000000
2013-08-15,131.69000244
2013-08-16,132.58000183
2013-08-19,132.00999451
2013-08-20,132.44999695
2013-08-21,132.07000732
2013-08-22,132.80999756
2013-08-23,134.89999390
2013-08-26,135.44999695
2013-08-27,136.75000000
2013-08-28,136.71000671
2013-08-29,135.86999512
2013-08-30,134.61999512
2013-09-03,136.41999817
2013-09-04,134.66000366
2013-09-05,132.19999695
2013-09-06,134.14999390
2013-09-09,133.91000366
2013-09-10,131.74000549
2013-09-11,131.69999695
2013-09-12,127.66999817
2013-09-13,127.81999969
2013-09-16,126.44999695
2013-09-17,126.50000000
2013-09-18,132.00999451
2013-09-19,131.75000000
2013-09-20,127.95999908
2013-09-23,127.55000305
2013-09-24,127.66000366
2013-09-25,128.78999329
2013-09-26,127.79000092
2013-09-27,128.97000122
2013-09-30,128.17999268
2013-10-01,124.58999634
2013-10-02,127.05999756
2013-10-03,127.18000031
2013-10-04,126.52999878
2013-10-07,127.63999939
2013-10-08,127.40000153
2013-10-09,126.11000061
2013-10-10,124.26999664
2013-10-11,122.59999847
2013-10-14,122.83000183
2013-10-15,123.73000336
2013-10-16,123.54000092
2013-10-17,127.41999817
2013-10-18,126.84999847
2013-10-21,126.98000336
2013-10-22,129.33999634
2013-10-23,128.69000244
2013-10-24,129.89999390
2013-10-25,130.46000671
2013-10-28,130.55999756
2013-10-29,129.77000427
2013-10-30,129.60000610
2013-10-31,127.73999786
2013-11-01,126.94999695
2013-11-04,126.80999756
2013-11-05,126.55999756
2013-11-06,127.19999695
2013-11-07,126.16000366
2013-11-08,124.27999878
2013-11-11,123.87000275
2013-11-12,122.44999695
2013-11-13,122.84999847
2013-11-14,124.26999664
2013-11-15,124.31999969
2013-11-18,122.90000153
2013-11-19,122.94999695
2013-11-20,120.12000275
2013-11-21,119.94000244
2013-11-22,119.91999817
2013-11-25,120.45999908
2013-11-26,119.81999969
2013-11-27,119.45999908
2013-11-29,120.69999695
2013-12-02,117.58000183
2013-12-03,117.95999908
2013-12-04,119.95999908
2013-12-05,118.30000305
2013-12-06,118.55000305
2013-12-09,119.72000122
2013-12-10,121.81999969
2013-12-11,120.86000061
2013-12-12,118.29000092
2013-12-13,119.37999725
2013-12-16,119.69000244
2013-12-17,118.65000153
2013-12-18,117.61000061
2013-12-19,114.81999969
2013-12-20,115.94000244
2013-12-23,115.56999969
2013-12-24,116.09999847
2013-12-26,116.73999786
2013-12-27,117.12000275
2013-12-30,115.38999939
2013-12-31,116.12000275
2014-01-02,118.00000000
2014-01-03,119.29000092
2014-01-06,119.50000000
2014-01-07,118.81999969
2014-01-08,118.12000275
2014-01-09,118.45999908
2014-01-10,120.26000214
2014-01-13,121.01999664
2014-01-14,119.88999939
2014-01-15,119.66000366
2014-01-16,119.79000092
2014-01-17,120.93000031
2014-01-21,119.69999695
2014-01-22,119.19000244
2014-01-23,121.79000092
2014-01-24,122.29000092
2014-01-27,120.95999908
2014-01-28,120.94999695
2014-01-29,122.47000122
2014-01-30,119.76999664
2014-01-31,120.08999634
2014-02-03,121.31999969
2014-02-04,120.98999786
2014-02-05,121.29000092
2014-02-06,121.23999786
2014-02-07,122.16999817
2014-02-10,122.91999817
2014-02-11,124.36000061
2014-02-12,124.43000031
2014-02-13,125.48999786
2014-02-14,127.15000153
2014-02-18,127.40000153
2014-02-19,126.26999664
2014-02-20,127.59999847
2014-02-21,127.58000183
2014-02-24,128.99000549
2014-02-25,129.21000671
2014-02-26,128.11000061
2014-02-27,128.19999695
2014-02-28,127.62000275
2014-03-03,130.28999329
2014-03-04,128.67999268
2014-03-05,128.88999939
2014-03-06,130.16999817
2014-03-07,129.08999634
2014-03-10,129.13000488
2014-03-11,129.86000061
2014-03-12,131.75999451
2014-03-13,132.21000671
2014-03-14,133.10000610
2014-03-17,131.63999939
2014-03-18,130.61999512
2014-03-19,128.08999634
2014-03-20,127.86000061
2014-03-21,128.47000122
2014-03-24,126.18000031
2014-03-25,126.41000366
2014-03-26,125.41000366
2014-03-27,124.58999634
2014-03-28,124.55999756
2014-03-31,123.61000061
2014-04-01,123.38999939
2014-04-02,124.31999969
2014-04-03,123.91999817
2014-04-04,125.56999969
2014-04-07,124.91000366
2014-04-08,126.08999634
2014-04-09,126.31999969
2014-04-10,127.01000214
2014-04-11,126.93000031
2014-04-14,127.84999847
2014-04-15,125.48999786
2014-04-16,125.54000092
2014-04-17,124.75000000
2014-04-21,124.23999786
2014-04-22,123.77999878
2014-04-23,123.76000214
2014-04-24,124.55999756
2014-04-25,125.43000031
2014-04-28,124.87999725
2014-04-29,124.86000061
2014-04-30,124.22000122
2014-05-01,123.80000305
2014-05-02,125.05999756
2014-05-05,126.22000122
2014-05-06,125.98000336
2014-05-07,124.16999817
2014-05-08,124.16999817
2014-05-09,124.09999847
2014-05-12,124.94000244
2014-05-13,124.59999847
2014-05-14,125.80999756
2014-05-15,124.76999664
2014-05-16,124.50000000
2014-05-19,124.58000183
2014-05-20,124.69000244
2014-05-21,124.38999939
2014-05-22,124.66999817
2014-05-23,124.51000214
2014-05-27,121.84999847
2014-05-28,121.19999695
2014-05-29,120.94000244
2014-05-30,120.43000031
2014-06-02,119.69999695
2014-06-03,120.01000214
2014-06-04,119.76000214
2014-06-05,120.66000366
2014-06-06,120.61000061
2014-06-09,120.65000153
2014-06-10,121.38999939
2014-06-11,121.41000366
2014-06-12,122.63999939
2014-06-13,122.95999908
2014-06-16,122.41999817
2014-06-17,122.27999878
2014-06-18,122.66999817
2014-06-19,126.94000244
2014-06-20,126.50000000
2014-06-23,126.84999847
2014-06-24,126.98000336
2014-06-25,126.98999786
2014-06-26,126.73000336
2014-06-27,126.66000366
2014-06-30,128.03999329
2014-07-01,127.69999695
2014-07-02,127.69999695
2014-07-03,127.16000366
2014-07-07,127.01999664
2014-07-08,127.06999969
2014-07-09,127.83999634
2014-07-10,128.53999329
2014-07-11,128.77999878
2014-07-14,125.72000122
2014-07-15,124.52999878
2014-07-16,124.97000122
2014-07-17,127.08999634
2014-07-18,126.12999725
2014-07-21,126.33999634
2014-07-22,125.73999786
2014-07-23,125.62000275
2014-07-24,124.34999847
2014-07-25,125.79000092
2014-07-28,125.58000183
2014-07-29,125.19999695
2014-07-30,124.83000183
2014-07-31,123.38999939
2014-08-01,124.37999725
2014-08-04,123.98999786
2014-08-05,123.87000275
2014-08-06,125.66999817
2014-08-07,126.18000031
2014-08-08,126.19000244
2014-08-11,125.95999908
2014-08-12,125.98999786
2014-08-13,126.19999695
2014-08-14,126.30999756
2014-08-15,125.48000336
2014-08-18,124.95999908
2014-08-19,124.68000031
2014-08-20,124.22000122
2014-08-21,122.87999725
2014-08-22,123.19000244
2014-08-25,122.73999786
2014-08-26,123.34999847
2014-08-27,123.31999969
2014-08-28,124.00000000
2014-08-29,123.86000061
2014-09-02,121.65000153
2014-09-03,122.15000153
2014-09-04,121.48000336
2014-09-05,122.05999756
2014-09-08,120.73000336
2014-09-09,120.87000275
2014-09-10,120.26000214
2014-09-11,119.47000122
2014-09-12,118.37999725
2014-09-15,118.63999939
2014-09-16,118.83000183
2014-09-17,117.54000092
2014-09-18,117.77999878
2014-09-19,117.08999634
2014-09-22,116.84999847
2014-09-23,117.59999847
2014-09-24,117.05000305
2014-09-25,117.38999939
2014-09-26,117.05999756
2014-09-29,117.02999878
2014-09-30,116.20999908
2014-10-01,116.76999664
2014-10-02,116.73999786
2014-10-03,114.61000061
2014-10-06,116.02999878
2014-10-07,116.36000061
2014-10-08,117.47000122
2014-10-09,117.63999939
2014-10-10,117.58999634
2014-10-13,118.51999664
2014-10-14,118.58999634
2014-10-15,118.98999786
2014-10-16,119.22000122
2014-10-17,118.98999786
2014-10-20,119.80000305
2014-10-21,120.01999664
2014-10-22,119.33999634
2014-10-23,118.51999664
2014-10-24,118.34999847
2014-10-27,118.05999756
2014-10-28,118.09999847
2014-10-29,116.41000366
2014-10-30,115.19000244
2014-10-31,112.66000366
2014-11-03,112.15000153
2014-11-04,112.22000122
2014-11-05,109.79000092
2014-11-06,109.87999725
2014-11-07,112.97000122
2014-11-10,110.45999908
2014-11-11,112.04000092
2014-11-12,111.50000000
2014-11-13,111.66999817
2014-11-14,114.47000122
2014-11-17,114.05000305
2014-11-18,115.05000305
2014-11-19,113.68000031
2014-11-20,114.86000061
2014-11-21,115.38999939
2014-11-24,115.11000061
2014-11-25,115.37999725
2014-11-26,115.16000366
2014-11-28,112.11000061
2014-12-01,116.58000183
2014-12-02,115.13999939
2014-12-03,116.33000183
2014-12-04,115.87999725
2014-12-05,114.43000031
2014-12-08,115.77999878
2014-12-09,118.19000244
2014-12-10,117.95999908
2014-12-11,117.69000244
2014-12-12,117.41000366
2014-12-15,114.38999939
2014-12-16,114.94999695
2014-12-17,114.26999664
2014-12-18,115.15000153
2014-12-19,114.76999664
2014-12-22,112.55000305
2014-12-23,112.73999786
2014-12-24,112.76999664
2014-12-26,114.83000183
2014-12-29,113.66999817
2014-12-30,115.19999695
2014-12-31,113.58000183
2015-01-02,114.08000183
2015-01-05,115.80000305
2015-01-06,117.12000275
2015-01-07,116.43000031
2015-01-08,115.94000244
2015-01-09,117.26000214
2015-01-12,118.55999756
2015-01-13,118.16000366
2015-01-14,117.97000122
2015-01-15,120.94000244
2015-01-16,122.51999664
2015-01-20,124.19999695
2015-01-21,124.23000336
2015-01-22,125.23000336
2015-01-23,124.23000336
2015-01-26,122.98999786
2015-01-27,124.40000153
2015-01-28,123.41999817
2015-01-29,120.76000214
2015-01-30,123.44999695
2015-02-02,122.41999817
2015-02-03,121.05000305
2015-02-04,121.58000183
2015-02-05,121.79000092
2015-02-06,118.63999939
2015-02-09,119.16999817
2015-02-10,118.47000122
2015-02-11,117.06999969
2015-02-12,117.33999634
2015-02-13,117.98000336
2015-02-17,116.01000214
2015-02-18,116.33999634
2015-02-19,115.94000244
2015-02-20,115.27999878
2015-02-23,115.43000031
2015-02-24,115.26000214
2015-02-25,115.69999695
2015-02-26,116.06999969
2015-02-27,116.16000366
2015-03-02,115.68000031
2015-03-03,115.47000122
2015-03-04,115.11000061
2015-03-05,115.00000000
2015-03-06,111.86000061
2015-03-09,111.97000122
2015-03-10,111.41999817
2015-03-11,110.75000000
2015-03-12,110.72000122
2015-03-13,110.87999725
2015-03-16,110.80999756
2015-03-17,110.20999908
2015-03-18,112.37000275
2015-03-19,112.29000092
2015-03-20,113.56999969
2015-03-23,114.29000092
2015-03-24,114.56999969
2015-03-25,114.73000336
2015-03-26,115.48000336
2015-03-27,115.05999756
2015-03-30,113.75000000
2015-03-31,113.66000366
2015-04-01,115.59999847
2015-04-02,115.27999878
2015-04-06,116.69000244
2015-04-07,116.11000061
2015-04-08,115.47000122
2015-04-09,114.66999817
2015-04-10,115.97000122
2015-04-13,115.13999939
2015-04-14,114.44000244
2015-04-15,115.43000031
2015-04-16,115.02999878
2015-04-17,115.59999847
2015-04-20,114.72000122
2015-04-21,115.37999725
2015-04-22,113.83000183
2015-04-23,114.66000366
2015-04-24,113.05000305
2015-04-27,115.33000183
2015-04-28,116.33000183
2015-04-29,115.51000214
2015-04-30,113.47000122
2015-05-01,113.08000183
2015-05-04,114.09999847
2015-05-05,114.41999817
2015-05-06,114.36000061
2015-05-07,113.41999817
2015-05-08,113.97000122
2015-05-11,113.52999878
2015-05-12,114.50000000
2015-05-13,116.55000305
2015-05-14,117.18000031
2015-05-15,117.52999878
2015-05-18,117.51999664
2015-05-19,115.88999939
2015-05-20,116.08000183
2015-05-21,115.69000244
2015-05-22,115.59999847
2015-05-26,113.91000366
2015-05-27,113.88999939
2015-05-28,114.01999664
2015-05-29,114.09999847
2015-06-01,114.00000000
2015-06-02,114.45999908
2015-06-03,113.63999939
2015-06-04,112.83999634
2015-06-05,112.23999786
2015-06-08,112.56999969
2015-06-09,112.81999969
2015-06-10,113.77999878
2015-06-11,113.26000214
2015-06-12,113.23000336
2015-06-15,113.73000336
2015-06-16,113.31999969
2015-06-17,113.84999847
2015-06-18,115.31999969
2015-06-19,115.12000275
2015-06-22,113.63999939
2015-06-23,112.88999939
2015-06-24,112.58999634
2015-06-25,112.44000244
2015-06-26,112.55999756
2015-06-29,113.06999969
2015-06-30,112.37000275
2015-07-01,111.98000336
2015-07-02,111.76000214
2015-07-06,112.05999756
2015-07-07,110.76000214
2015-07-08,111.08999634
2015-07-09,111.36000061
2015-07-10,111.48999786
2015-07-13,110.98999786
2015-07-14,110.73999786
2015-07-15,110.16000366
2015-07-16,109.76000214
2015-07-17,108.65000153
2015-07-20,105.69999695
2015-07-21,105.37000275
2015-07-22,104.80000305
2015-07-23,104.33000183
2015-07-24,105.34999847
2015-07-27,104.86000061
2015-07-28,105.01999664
2015-07-29,105.16999817
2015-07-30,104.26999664
2015-07-31,104.93000031
2015-08-03,104.09999847
2015-08-04,104.30999756
2015-08-05,103.93000031
2015-08-06,104.38999939
2015-08-07,104.65000153
2015-08-10,105.72000122
2015-08-11,106.26000214
2015-08-12,107.75000000
2015-08-13,106.86000061
2015-08-14,106.84999847
2015-08-17,107.12999725
2015-08-18,107.11000061
2015-08-19,108.55000305
2015-08-20,110.44000244
2015-08-21,111.12999725
2015-08-24,110.52999878
2015-08-25,109.16000366
2015-08-26,107.66999817
2015-08-27,107.73000336
2015-08-28,108.69999695
2015-08-31,108.81999969
2015-09-01,109.19999695
2015-09-02,108.62000275
2015-09-03,107.83999634
2015-09-04,107.48999786
2015-09-08,107.51999664
2015-09-09,106.12999725
2015-09-10,106.37999725
2015-09-11,106.16000366
2015-09-14,106.22000122
2015-09-15,105.90000153
2015-09-16,107.30999756
2015-09-17,108.41000366
2015-09-18,109.20999908
2015-09-21,108.52999878
2015-09-22,107.79000092
2015-09-23,108.22000122
2015-09-24,110.48999786
2015-09-25,109.80999756
2015-09-28,108.41999817
2015-09-29,107.98000336
2015-09-30,106.86000061
2015-10-01,106.73000336
2015-10-02,108.98999786
2015-10-05,108.76999664
2015-10-06,109.86000061
2015-10-07,109.69999695
2015-10-08,109.13999939
2015-10-09,110.87000275
2015-10-12,111.30999756
2015-10-13,111.86000061
2015-10-14,113.80999756
2015-10-15,113.29000092
2015-10-16,112.48999786
2015-10-19,112.01999664
2015-10-20,112.73000336
2015-10-21,111.73000336
2015-10-22,111.69000244
2015-10-23,111.50000000
2015-10-26,111.43000031
2015-10-27,111.68000031
2015-10-28,110.77999878
2015-10-29,109.72000122
2015-10-30,109.30000305
2015-11-02,108.58999634
2015-11-03,106.98000336
2015-11-04,105.97000122
2015-11-05,105.63999939
2015-11-06,104.09999847
2015-11-09,104.40000153
2015-11-10,104.18000031
2015-11-11,103.83000183
2015-11-12,103.84999847
2015-11-13,103.55999756
2015-11-16,103.70999908
2015-11-17,102.33999634
2015-11-18,102.43000031
2015-11-19,103.55999756
2015-11-20,103.08999634
2015-11-23,102.26000214
2015-11-24,102.94000244
2015-11-25,102.45999908
2015-11-27,101.25000000
2015-11-30,101.91999817
2015-12-01,102.27999878
2015-12-02,100.69000244
2015-12-03,101.76000214
2015-12-04,104.01999664
2015-12-07,102.66999817
2015-12-08,102.83999634
2015-12-09,102.63999939
2015-12-10,102.55000305
2015-12-11,103.11000061
2015-12-14,101.79000092
2015-12-15,101.51999664
2015-12-16,102.75000000
2015-12-17,100.50000000
2015-12-18,102.04000092
2015-12-21,103.15000153
2015-12-22,102.61000061
2015-12-23,102.30999756
2015-12-24,103.05000305
2015-12-28,102.26999664
2015-12-29,102.19999695
2015-12-30,101.41999817
2015-12-31,101.45999908
2016-01-04,102.88999939
2016-01-05,103.18000031
2016-01-06,104.66999817
2016-01-07,106.15000153
2016-01-08,105.68000031
2016-01-11,104.73999786
2016-01-12,104.20999908
2016-01-13,104.72000122
2016-01-14,103.01999664
2016-01-15,104.08000183
2016-01-19,103.98000336
2016-01-20,105.37000275
2016-01-21,105.48999786
2016-01-22,105.00000000
2016-01-25,106.08000183
2016-01-26,107.29000092
2016-01-27,107.69000244
2016-01-28,106.54000092
2016-01-29,106.94999695
2016-02-01,108.05000305
2016-02-02,108.08999634
2016-02-03,109.25000000
2016-02-04,110.56999969
2016-02-05,112.31999969
2016-02-08,113.83000183
2016-02-09,113.58000183
2016-02-10,114.45999908
2016-02-11,119.05999756
2016-02-12,118.36000061
2016-02-16,114.76999664
2016-02-17,115.48000336
2016-02-18,118.29000092
2016-02-19,117.58000183
2016-02-22,115.48999786
2016-02-23,117.22000122
2016-02-24,117.61000061
2016-02-25,117.91999817
2016-02-26,117.11000061
2016-02-29,118.63999939
2016-03-01,117.76999664
2016-03-02,118.68000031
2016-03-03,120.73000336
2016-03-04,120.54000092
2016-03-07,121.13999939
2016-03-08,120.58000183
2016-03-09,119.58000183
2016-03-10,121.50000000
2016-03-11,119.41000366
2016-03-14,117.87000275
2016-03-15,117.95999908
2016-03-16,120.58999634
2016-03-17,120.12999725
2016-03-18,119.80000305
2016-03-21,118.95999908
2016-03-22,119.30999756
2016-03-23,116.61000061
2016-03-24,116.33000183
2016-03-28,116.59999847
2016-03-29,118.76000214
2016-03-30,117.09999847
2016-03-31,117.63999939
2016-04-01,116.93000031
2016-04-04,116.15000153
2016-04-05,117.66000366
2016-04-06,116.94000244
2016-04-07,118.61000061
2016-04-08,118.43000031
2016-04-11,120.02999878
2016-04-12,120.05000305
2016-04-13,118.76999664
2016-04-14,117.11000061
2016-04-15,117.91999817
2016-04-18,117.73999786
2016-04-19,119.58000183
2016-04-20,118.97000122
2016-04-21,119.41999817
2016-04-22,117.88999939
2016-04-25,118.23000336
2016-04-26,118.69999695
2016-04-27,119.04000092
2016-04-28,121.29000092
2016-04-29,123.65000153
2016-05-02,123.23999786
2016-05-03,122.95999908
2016-05-04,122.20999908
2016-05-05,122.06999969
2016-05-06,123.18000031
2016-05-09,120.65000153
2016-05-10,120.98000336
2016-05-11,122.12000275
2016-05-12,121.16000366
2016-05-13,121.70999908
2016-05-16,121.80000305
2016-05-17,122.22000122
2016-05-18,120.09999847
2016-05-19,119.87000275
2016-05-20,119.70999908
2016-05-23,119.37000275
2016-05-24,117.30000305
2016-05-25,116.98000336
2016-05-26,116.58000183
2016-05-27,115.62000275
2016-05-31,116.05999756
2016-06-01,115.94000244
2016-06-02,115.66999817
2016-06-03,118.87999725
2016-06-06,118.91999817
2016-06-07,118.81999969
2016-06-08,120.58000183
2016-06-09,121.25000000
2016-06-10,121.73999786
2016-06-13,122.63999939
2016-06-14,122.76999664
2016-06-15,123.68000031
2016-06-16,122.37999725
2016-06-17,123.94999695
2016-06-20,123.20999908
2016-06-21,120.83999634
2016-06-22,120.90000153
2016-06-23,120.11000061
2016-06-24,126.00000000
2016-06-27,126.68000031
2016-06-28,125.31999969
2016-06-29,125.83999634
2016-06-30,126.47000122
2016-07-01,128.41000366
2016-07-05,129.47000122
2016-07-06,130.22999573
2016-07-07,129.74000549
2016-07-08,130.52000427
2016-07-11,129.28999329
2016-07-12,127.15000153
2016-07-13,128.32000732
2016-07-14,127.33000183
2016-07-15,126.83999634
2016-07-18,127.04000092
2016-07-19,127.20999908
2016-07-20,125.38999939
2016-07-21,127.30000305
2016-07-22,126.34999847
2016-07-25,125.47000122
2016-07-26,126.00000000
2016-07-27,128.02999878
2016-07-28,127.66000366
2016-07-29,128.97999573
2016-08-01,129.22000122
2016-08-02,130.27000427
2016-08-03,129.64999390
2016-08-04,129.86999512
2016-08-05,127.55000305
2016-08-08,127.44000244
2016-08-09,127.95999908
2016-08-10,128.55999756
2016-08-11,127.66999817
2016-08-12,127.40000153
2016-08-15,127.83999634
2016-08-16,128.47000122
2016-08-17,128.50000000
2016-08-18,129.11000061
2016-08-19,127.97000122
2016-08-22,127.77999878
2016-08-23,127.76000214
2016-08-24,126.33999634
2016-08-25,126.23000336
2016-08-26,126.05000305
2016-08-29,126.30000305
2016-08-30,125.02999878
2016-08-31,124.77999878
2016-09-01,125.29000092
2016-09-02,126.56999969
2016-09-06,128.71000671
2016-09-07,128.27000427
2016-09-08,127.58999634
2016-09-09,126.75000000
2016-09-12,126.58999634
2016-09-13,125.75000000
2016-09-14,126.18000031
2016-09-15,125.37000275
2016-09-16,125.05999756
2016-09-19,125.31999969
2016-09-20,125.44000244
2016-09-21,127.26999664
2016-09-22,127.56999969
2016-09-23,127.65000153
2016-09-26,127.55000305
2016-09-27,126.62000275
2016-09-28,126.22000122
2016-09-29,126.06999969
2016-09-30,125.63999939
2016-10-03,125.31999969
2016-10-04,120.97000122
2016-10-05,120.77999878
2016-10-06,119.66000366
2016-10-07,119.73999786
2016-10-10,120.16000366
2016-10-11,119.55000305
2016-10-12,119.73999786
2016-10-13,120.02999878
2016-10-14,119.36000061
2016-10-17,119.68000031
2016-10-18,120.41999817
2016-10-19,121.11000061
2016-10-20,120.73999786
2016-10-21,120.83000183
2016-10-24,120.55999756
2016-10-25,121.47000122
2016-10-26,120.79000092
2016-10-27,121.01000214
2016-10-28,121.58000183
2016-10-31,121.94000244
2016-11-01,122.73000336
2016-11-02,123.63999939
2016-11-03,124.30000305
2016-11-04,124.38999939
2016-11-07,122.15000153
2016-11-08,121.63999939
2016-11-09,121.55999756
2016-11-10,119.75000000
2016-11-11,117.09999847
2016-11-14,116.11000061
2016-11-15,117.12000275
2016-11-16,116.76999664
2016-11-17,116.16999817
2016-11-18,115.15000153
2016-11-21,115.58000183
2016-11-22,115.54000092
2016-11-23,113.25000000
2016-11-25,112.61000061
2016-11-28,113.80000305
2016-11-29,113.26999664
2016-11-30,111.75000000
2016-12-01,111.54000092
2016-12-02,112.13999939
2016-12-05,111.54000092
2016-12-06,111.43000031
2016-12-07,111.83000183
2016-12-08,111.56999969
2016-12-09,110.40000153
2016-12-12,110.81999969
2016-12-13,110.44999695
2016-12-14,108.83000183
2016-12-15,107.33999634
2016-12-16,108.05000305
2016-12-19,108.58999634
2016-12-20,107.79000092
2016-12-21,107.84999847
2016-12-22,107.58999634
2016-12-23,107.93000031
2016-12-27,108.55999756
2016-12-28,108.86000061
2016-12-29,110.29000092
2016-12-30,109.61000061
2017-01-03,110.47000122
2017-01-04,110.86000061
2017-01-05,112.58000183
2017-01-06,111.75000000
2017-01-09,112.66999817
2017-01-10,113.15000153
2017-01-11,113.50000000
2017-01-12,113.91000366
2017-01-13,114.20999908
2017-01-17,115.84999847
2017-01-18,114.87000275
2017-01-19,114.76999664
2017-01-20,115.05000305
2017-01-23,115.79000092
2017-01-24,115.26999664
2017-01-25,114.31999969
2017-01-26,113.26000214
2017-01-27,113.48999786
2017-01-30,113.97000122
2017-01-31,115.55000305
2017-02-01,115.19999695
2017-02-02,115.83999634
2017-02-03,116.12999725
2017-02-06,117.69999695
2017-02-07,117.45999908
2017-02-08,118.19000244
2017-02-09,117.29000092
2017-02-10,117.59999847
2017-02-13,116.80000305
2017-02-14,116.93000031
2017-02-15,117.44999695
2017-02-16,118.08000183
2017-02-17,117.68000031
2017-02-21,117.75000000
2017-02-22,117.91000366
2017-02-23,118.94000244
2017-02-24,119.69999695
2017-02-27,119.12000275
2017-02-28,119.23000336
2017-03-01,119.05999756
2017-03-02,117.58000183
2017-03-03,117.51000214
2017-03-06,116.72000122
2017-03-07,115.77999878
2017-03-08,115.05999756
2017-03-09,114.47000122
2017-03-10,114.72000122
2017-03-13,114.73999786
2017-03-14,114.12000275
2017-03-15,116.25000000
2017-03-16,116.73000336
2017-03-17,116.98999786
2017-03-20,117.51000214
2017-03-21,118.54000092
2017-03-22,118.83000183
2017-03-23,118.66999817
2017-03-24,118.86000061
2017-03-27,119.52999878
2017-03-28,119.04000092
2017-03-29,119.33000183
2017-03-30,118.47000122
2017-03-31,118.72000122
2017-04-03,119.34999847
2017-04-04,119.62000275
2017-04-05,119.62000275
2017-04-06,119.18000031
2017-04-07,119.45999908
2017-04-10,119.45999908
2017-04-11,121.19000244
2017-04-12,122.01999664
2017-04-13,122.59999847
2017-04-17,122.23999786
2017-04-18,122.81999969
2017-04-19,121.73000336
2017-04-20,121.95999908
2017-04-21,122.30999756
2017-04-24,121.48000336
2017-04-25,120.25000000
2017-04-26,120.83999634
2017-04-27,120.38999939
2017-04-28,120.76999664
2017-05-01,119.66999817
2017-05-02,119.65000153
2017-05-03,117.98000336
2017-05-04,116.79000092
2017-05-05,117.01000214
2017-05-08,116.75000000
2017-05-09,116.05000305
2017-05-10,116.04000092
2017-05-11,116.50000000
2017-05-12,116.83000183
2017-05-15,117.13999939
2017-05-16,117.65000153
2017-05-17,119.79000092
2017-05-18,118.80999756
2017-05-19,119.40000153
2017-05-22,119.90000153
2017-05-23,119.13999939
2017-05-24,119.61000061
2017-05-25,119.48000336
2017-05-26,120.54000092
2017-05-30,120.13999939
2017-05-31,120.62000275
2017-06-01,120.72000122
2017-06-02,121.61000061
2017-06-05,121.73000336
2017-06-06,123.09999847
2017-06-07,122.44999695
2017-06-08,121.65000153
2017-06-09,120.54000092
2017-06-12,120.36000061
2017-06-13,120.48000336
2017-06-14,119.81999969
2017-06-15,119.31999969
2017-06-16,119.33999634
2017-06-19,118.43000031
2017-06-20,118.18000031
2017-06-21,118.51999664
2017-06-22,118.91999817
2017-06-23,119.43000031
2017-06-26,118.36000061
2017-06-27,118.80999756
2017-06-28,118.90000153
2017-06-29,118.31999969
2017-06-30,118.01999664
2017-07-03,116.08999634
2017-07-05,116.51999664
2017-07-06,116.47000122
2017-07-07,115.27999878
2017-07-10,115.47000122
2017-07-11,115.62000275
2017-07-12,116.02999878
2017-07-13,115.81999969
2017-07-14,116.76999664
2017-07-17,117.29000092
2017-07-18,118.11000061
2017-07-19,118.08000183
2017-07-20,118.23999786
2017-07-21,119.26000214
2017-07-24,119.30999756
2017-07-25,118.91999817
2017-07-26,119.87999725
2017-07-27,119.79000092
2017-07-28,120.69000244
2017-07-31,120.75000000
2017-08-01,120.65000153
2017-08-02,120.40000153
2017-08-03,120.58999634
2017-08-04,119.65000153
2017-08-07,119.51000214
2017-08-08,119.86000061
2017-08-09,121.30999756
2017-08-10,122.20999908
2017-08-11,122.79000092
2017-08-14,121.91999817
2017-08-15,120.98000336
2017-08-16,121.87000275
2017-08-17,122.48999786
2017-08-18,122.30000305
2017-08-21,122.76000214
2017-08-22,122.20999908
2017-08-23,122.66999817
2017-08-24,122.29000092
2017-08-25,122.73999786
2017-08-28,124.69000244
2017-08-29,124.41999817
2017-08-30,124.36000061
2017-08-31,125.81999969
2017-09-01,126.05999756
2017-09-05,127.45999908
2017-09-06,126.80999756
2017-09-07,128.13000488
2017-09-08,127.97000122
2017-09-11,126.19000244
2017-09-12,126.55999756
2017-09-13,125.61000061
2017-09-14,126.16000366
2017-09-15,125.52999878
2017-09-18,124.36000061
2017-09-19,124.62000275
2017-09-20,123.62000275
2017-09-21,122.68000031
2017-09-22,123.23999786
2017-09-25,124.52999878
2017-09-26,123.13999939
2017-09-27,121.98000336
2017-09-28,122.20999908
2017-09-29,121.58000183
2017-10-02,120.76999664
2017-10-03,120.83000183
2017-10-04,121.16999817
2017-10-05,120.51999664
2017-10-06,121.08999634
2017-10-09,122.08000183
2017-10-10,122.40000153
2017-10-11,122.79000092
2017-10-12,122.88999939
2017-10-13,123.81999969
2017-10-16,122.97000122
2017-10-17,122.12999725
2017-10-18,121.66999817
2017-10-19,122.38999939
2017-10-20,121.61000061
2017-10-23,121.80000305
2017-10-24,121.33000183
2017-10-25,121.34999847
2017-10-26,120.33000183
2017-10-27,120.90000153
2017-10-30,121.12999725
2017-10-31,120.66999817
2017-11-01,121.11000061
2017-11-02,121.19000244
2017-11-03,120.62000275
2017-11-06,121.65000153
2017-11-07,121.20999908
2017-11-08,121.62999725
2017-11-09,122.12999725
2017-11-10,121.12999725
2017-11-13,121.30999756
2017-11-14,121.55999756
2017-11-15,121.41000366
2017-11-16,121.40000153
2017-11-17,122.86000061
2017-11-20,121.30999756
2017-11-21,121.51000214
2017-11-22,122.62999725
2017-11-24,122.31999969
2017-11-27,122.83000183
2017-11-28,122.80999756
2017-11-29,122.04000092
2017-11-30,121.09999847
2017-12-01,121.58999634
2017-12-04,121.18000031
2017-12-05,120.31999969
2017-12-06,120.06999969
2017-12-07,118.48999786
2017-12-08,118.48000336
2017-12-11,118.01000214
2017-12-12,118.15000153
2017-12-13,119.16999817
2017-12-14,118.93000031
2017-12-15,119.18000031
2017-12-18,119.73000336
2017-12-19,119.81999969
2017-12-20,120.13999939
2017-12-21,120.30999756
2017-12-22,120.94000244
2017-12-26,121.76999664
2017-12-27,122.23000336
2017-12-28,122.84999847
2017-12-29,123.65000153
2018-01-02,125.15000153
2018-01-03,124.81999969
2018-01-04,125.45999908
2018-01-05,125.33000183
2018-01-08,125.30999756
2018-01-09,124.73000336
2018-01-10,125.02999878
2018-01-11,125.44000244
2018-01-12,126.95999908
2018-01-16,127.16999817
2018-01-17,126.13999939
2018-01-18,125.86000061
2018-01-19,126.41999817
2018-01-22,126.65000153
2018-01-23,127.27999878
2018-01-24,128.83000183
2018-01-25,127.97000122
2018-01-26,128.07000732
2018-01-29,127.34999847
2018-01-30,126.80000305
2018-01-31,127.65000153
2018-02-01,128.07000732
2018-02-02,126.38999939
2018-02-05,126.70999908
2018-02-06,125.37999725
2018-02-07,124.79000092
2018-02-08,124.98000336
2018-02-09,124.76999664
2018-02-12,125.37000275
2018-02-13,126.08000183
2018-02-14,128.22999573
2018-02-15,128.38000488
2018-02-16,127.95999908
2018-02-20,126.23999786
2018-02-21,125.66000366
2018-02-22,126.30000305
2018-02-23,126.13999939
2018-02-26,126.44999695
2018-02-27,125.12999725
2018-02-28,125.00000000
2018-03-01,124.72000122
2018-03-02,125.38999939
2018-03-05,125.18000031
2018-03-06,126.52999878
2018-03-07,125.72000122
2018-03-08,125.41999817
2018-03-09,125.54000092
2018-03-12,125.54000092
2018-03-13,125.77999878
2018-03-14,125.69999695
2018-03-15,124.90000153
2018-03-16,124.59999847
2018-03-19,124.87000275
2018-03-20,124.30999756
2018-03-21,126.48000336
2018-03-22,125.98000336
2018-03-23,127.61000061
2018-03-26,128.27999878
2018-03-27,127.48999786
2018-03-28,125.73000336
2018-03-29,125.79000092
2018-04-02,127.26000214
2018-04-03,126.30000305
2018-04-04,126.44999695
2018-04-05,125.80000305
2018-04-06,126.38999939
2018-04-09,126.81999969
2018-04-10,127.12000275
2018-04-11,128.11000061
2018-04-12,126.62000275
2018-04-13,127.44999695
2018-04-16,127.62999725
2018-04-17,127.75000000
2018-04-18,127.84999847
2018-04-19,127.59999847
2018-04-20,126.62999725
2018-04-23,125.62000275
2018-04-24,126.23000336
2018-04-25,125.41000366
2018-04-26,124.97000122
2018-04-27,125.50000000
2018-04-30,124.58999634
2018-05-01,123.70999908
2018-05-02,123.65000153
2018-05-03,124.27999878
2018-05-04,124.54000092
2018-05-07,124.56999969
2018-05-08,124.58999634
2018-05-09,124.33000183
2018-05-10,125.18000031
2018-05-11,125.00000000
2018-05-14,124.48999786
2018-05-15,122.48000336
2018-05-16,122.29000092
2018-05-17,122.36000061
2018-05-18,122.41000366
2018-05-21,122.48000336
2018-05-22,122.41000366
2018-05-23,122.54000092
2018-05-24,123.58999634
2018-05-25,123.20999908
2018-05-29,123.19000244
2018-05-30,123.37000275
2018-05-31,123.09999847
2018-06-01,122.48999786
2018-06-04,122.37000275
2018-06-05,122.84999847
2018-06-06,122.91999817
2018-06-07,122.86000061
2018-06-08,123.01000214
2018-06-11,123.23000336
2018-06-12,122.81999969
2018-06-13,123.19000244
2018-06-14,123.37999725
2018-06-15,121.33999634
2018-06-18,121.11000061
2018-06-19,120.80000305
2018-06-20,120.26000214
2018-06-21,120.05000305
2018-06-22,120.33999634
2018-06-25,119.88999939
2018-06-26,119.26000214
2018-06-27,118.58000183
2018-06-28,118.22000122
2018-06-29,118.65000153
2018-07-02,117.45999908
2018-07-03,118.65000153
2018-07-05,119.05000305
2018-07-06,118.86000061
2018-07-09,119.15000153
2018-07-10,118.93000031
2018-07-11,117.63999939
2018-07-12,118.12999725
2018-07-13,117.61000061
2018-07-16,117.55000305
2018-07-17,116.27999878
2018-07-18,116.30999756
2018-07-19,115.80999756
2018-07-20,116.55999756
2018-07-23,116.00000000
2018-07-24,116.04000092
2018-07-25,116.68000031
2018-07-26,115.76999664
2018-07-27,115.83000183
2018-07-30,115.65000153
2018-07-31,115.98999786
2018-08-01,115.13999939
2018-08-02,114.51999664
2018-08-03,114.91999817
2018-08-06,114.33000183
2018-08-07,114.58999634
2018-08-08,114.91000366
2018-08-09,114.73999786
2018-08-10,114.69000244
2018-08-13,112.95999908
2018-08-14,113.06999969
2018-08-15,111.19000244
2018-08-16,111.09999847
2018-08-17,112.12999725
2018-08-20,112.69000244
2018-08-21,113.01999664
2018-08-22,113.26999664
2018-08-23,112.19999695
2018-08-24,114.16000366
2018-08-27,114.58999634
2018-08-28,113.68000031
2018-08-29,114.19999695
2018-08-30,113.63999939
2018-08-31,113.51000214
2018-09-04,112.93000031
2018-09-05,113.31999969
2018-09-06,113.54000092
2018-09-07,113.23000336
2018-09-10,113.15000153
2018-09-11,113.22000122
2018-09-12,114.16999817
2018-09-13,113.76000214
2018-09-14,113.01999664
2018-09-17,113.61000061
2018-09-18,113.44000244
2018-09-19,113.87999725
2018-09-20,114.26999664
2018-09-21,113.48999786
2018-09-24,113.47000122
2018-09-25,113.65000153
2018-09-26,113.05000305
2018-09-27,112.05000305
2018-09-28,112.76000214
2018-10-01,112.56999969
2018-10-02,113.87000275
2018-10-03,113.41999817
2018-10-04,113.48000336
2018-10-05,113.80000305
2018-10-08,112.54000092
2018-10-09,112.59999847
2018-10-10,112.87999725
2018-10-11,115.77999878
2018-10-12,115.23000336
2018-10-15,116.00000000
2018-10-16,115.80000305
2018-10-17,115.79000092
2018-10-18,115.91999817
2018-10-19,116.01000214
2018-10-22,115.70999908
2018-10-23,116.38999939
2018-10-24,116.66000366
2018-10-25,116.40000153
2018-10-26,116.76999664
2018-10-29,116.30999756
2018-10-30,115.80000305
2018-10-31,115.15000153
2018-11-01,116.62999725
2018-11-02,116.65000153
2018-11-05,116.37000275
2018-11-06,116.04000092
2018-11-07,116.02999878
2018-11-08,115.77999878
2018-11-09,114.48000336
2018-11-12,113.66000366
2018-11-13,113.69999695
2018-11-14,114.63999939
2018-11-15,114.76999664
2018-11-16,115.62000275
2018-11-19,115.66999817
2018-11-20,115.66999817
2018-11-21,115.86000061
2018-11-23,115.76999664
2018-11-26,115.63999939
2018-11-27,114.94999695
2018-11-28,115.37999725
2018-11-29,115.73999786
2018-11-30,115.54000092
2018-12-03,116.41000366
2018-12-04,117.12000275
2018-12-06,117.13999939
2018-12-07,118.08999634
2018-12-10,117.68000031
2018-12-11,117.54000092
2018-12-12,117.79000092
2018-12-13,117.52999878
2018-12-14,117.05999756
2018-12-17,117.87000275
2018-12-18,118.15000153
2018-12-19,117.43000031
2018-12-20,119.23999786
2018-12-21,118.72000122
2018-12-24,120.01999664
2018-12-26,119.66000366
2018-12-27,120.56999969
2018-12-28,121.05999756
2018-12-31,121.25000000
2019-01-02,121.33000183
2019-01-03,122.43000031
2019-01-04,121.44000244
2019-01-07,121.86000061
2019-01-08,121.52999878
2019-01-09,122.30999756
2019-01-10,121.58999634
2019-01-11,121.80000305
2019-01-14,122.08999634
2019-01-15,121.87999725
2019-01-16,122.26999664
2019-01-17,122.11000061
2019-01-18,121.01999664
2019-01-22,121.44999695
2019-01-23,121.27999878
2019-01-24,121.08999634
2019-01-25,122.86000061
2019-01-28,123.29000092
2019-01-29,123.98000336
2019-01-30,124.69000244
2019-01-31,124.75000000
2019-02-01,124.50000000
2019-02-04,123.95999908
2019-02-05,124.27999878
2019-02-06,123.44000244
2019-02-07,123.73999786
2019-02-08,124.20999908
2019-02-11,123.59999847
2019-02-12,123.86000061
2019-02-13,123.37000275
2019-02-14,124.05999756
2019-02-15,124.80000305
2019-02-19,126.69999695
2019-02-20,126.48000336
2019-02-21,125.05000305
2019-02-22,125.50000000
2019-02-25,125.37000275
2019-02-26,125.58000183
2019-02-27,124.69000244
2019-02-28,123.98999786
2019-03-01,121.87999725
2019-03-04,121.55999756
2019-03-05,121.72000122
2019-03-06,121.61000061
2019-03-07,121.51000214
2019-03-08,122.83999634
2019-03-11,122.23999786
2019-03-12,122.98000336
2019-03-13,123.83999634
2019-03-14,122.41000366
2019-03-15,122.97000122
2019-03-18,123.04000092
2019-03-19,123.37999725
2019-03-20,124.18000031
2019-03-21,123.68000031
2019-03-22,123.97000122
2019-03-25,124.91999817
2019-03-26,124.30000305
2019-03-27,123.65000153
2019-03-28,121.90000153
2019-03-29,122.01000214
2019-04-01,121.52999878
2019-04-02,121.98000336
2019-04-03,121.80000305
2019-04-04,122.11000061
2019-04-05,121.98000336
2019-04-08,122.51000214
2019-04-09,123.15000153
2019-04-10,123.52999878
2019-04-11,121.94999695
2019-04-12,121.83000183
2019-04-15,121.59999847
2019-04-16,120.51000214
2019-04-17,120.27999878
2019-04-18,120.37000275
2019-04-22,120.37000275
2019-04-23,120.12000275
2019-04-24,120.47000122
2019-04-25,120.56999969
2019-04-26,121.37000275
2019-04-29,120.83000183
2019-04-30,121.19999695
2019-05-01,120.40000153
2019-05-02,119.94000244
2019-05-03,120.65000153
2019-05-06,120.80999756
2019-05-07,121.20999908
2019-05-08,120.91000366
2019-05-09,121.19999695
2019-05-10,121.43000031
2019-05-13,122.66999817
2019-05-14,122.45999908
2019-05-15,122.38999939
2019-05-16,121.51000214
2019-05-17,120.65000153
2019-05-20,120.63999939
2019-05-21,120.36000061
2019-05-22,120.23999786
2019-05-23,121.16999817
2019-05-24,121.30000305
2019-05-28,120.83000183
2019-05-29,120.87000275
2019-05-30,121.69000244
2019-05-31,123.33000183
2019-06-03,125.11000061
2019-06-04,125.15000153
2019-06-05,125.47000122
2019-06-06,125.87999725
2019-06-07,126.58999634
2019-06-10,125.33000183
2019-06-11,125.18000031
2019-06-12,125.83000183
2019-06-13,126.59999847
2019-06-14,126.55999756
2019-06-17,126.48000336
2019-06-18,127.12000275
2019-06-19,127.88999939
2019-06-20,131.11000061
2019-06-21,131.97999573
2019-06-24,133.94000244
2019-06-25,134.19999695
2019-06-26,132.97000122
2019-06-27,132.83999634
2019-06-28,133.19999695
2019-07-01,130.61999512
2019-07-02,133.41000366
2019-07-03,133.63000488
2019-07-05,132.13999939
2019-07-08,131.28999329
2019-07-09,131.75000000
2019-07-10,133.83000183
2019-07-11,132.69999695
2019-07-12,133.52999878
2019-07-15,133.52999878
2019-07-16,132.39999390
2019-07-17,134.58000183
2019-07-18,136.47999573
2019-07-19,134.47000122
2019-07-22,134.44999695
2019-07-23,133.69000244
2019-07-24,134.36999512
2019-07-25,133.41999817
2019-07-26,133.63999939
2019-07-29,134.52999878
2019-07-30,134.97999573
2019-07-31,133.21000671
2019-08-01,136.41000366
2019-08-02,135.88999939
2019-08-05,137.78999329
2019-08-06,138.91000366
2019-08-07,141.02000427
2019-08-08,141.72999573
2019-08-09,141.25999451
2019-08-12,142.63000488
2019-08-13,141.77999878
2019-08-14,142.75000000
2019-08-15,143.69999695
2019-08-16,142.77999878
2019-08-19,141.11000061
2019-08-20,142.21000671
2019-08-21,141.75999451
2019-08-22,141.39999390
2019-08-23,144.16999817
2019-08-26,144.19000244
2019-08-27,145.57000732
2019-08-28,145.16000366
2019-08-29,144.11999512
2019-08-30,143.75000000
2019-09-03,145.75000000
2019-09-04,146.66000366
2019-09-05,143.13999939
2019-09-06,141.91999817
2019-09-09,141.38999939
2019-09-10,140.17999268
2019-09-11,141.02999878
2019-09-12,141.32000732
2019-09-13,140.14999390
2019-09-16,141.32000732
2019-09-17,141.60000610
2019-09-18,140.71000671
2019-09-19,141.27999878
2019-09-20,142.94999695
2019-09-23,143.75000000
2019-09-24,144.50999451
2019-09-25,141.83000183
2019-09-26,141.78999329
2019-09-27,141.05999756
2019-09-30,138.86999512
2019-10-01,139.63000488
2019-10-02,141.25999451
2019-10-03,141.89999390
2019-10-04,141.89999390
2019-10-07,140.69000244
2019-10-08,141.91999817
2019-10-09,142.05000305
2019-10-10,140.80999756
2019-10-11,140.02999878
2019-10-14,140.58999634
2019-10-15,139.61000061
2019-10-16,140.41000366
2019-10-17,140.61000061
2019-10-18,140.46000671
2019-10-21,139.78999329
2019-10-22,140.19999695
2019-10-23,140.52999878
2019-10-24,141.52999878
2019-10-25,141.86000061
2019-10-28,140.63999939
2019-10-29,140.25000000
2019-10-30,141.02000427
2019-10-31,142.42999268
2019-11-01,142.55999756
2019-11-04,142.14999390
2019-11-05,139.85000610
2019-11-06,140.44999695
2019-11-07,138.27000427
2019-11-08,137.38999939
2019-11-11,137.05999756
2019-11-12,137.42999268
2019-11-13,137.97999573
2019-11-14,138.55999756
2019-11-15,138.21000671
2019-11-18,138.61999512
2019-11-19,138.69000244
2019-11-20,138.75999451
2019-11-21,138.00000000
2019-11-22,137.74000549
2019-11-25,137.08000183
2019-11-26,137.74000549
2019-11-27,137.00999451
2019-11-29,137.86000061
2019-12-02,137.78999329
2019-12-03,139.11000061
2019-12-04,138.91999817
2019-12-05,139.00000000
2019-12-06,137.61999512
2019-12-09,137.58000183
2019-12-10,137.97000122
2019-12-11,138.91999817
2019-12-12,138.42999268
2019-12-13,139.05000305
2019-12-16,139.03999329
2019-12-17,139.00999451
2019-12-18,139.02000427
2019-12-19,139.38000488
2019-12-20,139.52000427
2019-12-23,139.94999695
2019-12-24,141.27000427
2019-12-26,142.38000488
2019-12-27,142.33000183
2019-12-30,142.63000488
2019-12-31,142.89999390
2020-01-02,143.94999695
2020-01-03,145.86000061
2020-01-06,147.38999939
2020-01-07,147.97000122
2020-01-08,146.86000061
2020-01-09,146.02999878
2020-01-10,146.91000366
2020-01-13,145.82000732
2020-01-14,145.69000244
2020-01-15,146.53999329
2020-01-16,146.30999756
2020-01-17,146.58000183
2020-01-21,146.74000549
2020-01-22,146.78999329
2020-01-23,147.11999512
2020-01-24,147.97999573
2020-01-27,148.99000549
2020-01-28,147.66000366
2020-01-29,148.46000671
2020-01-30,148.47000122
2020-01-31,149.33000183
2020-02-03,148.36000061
2020-02-04,146.42999268
2020-02-05,146.61000061
2020-02-06,147.39999390
2020-02-07,147.78999329
2020-02-10,148.16999817
2020-02-11,147.66000366
2020-02-12,147.53999329
2020-02-13,148.38000488
2020-02-14,149.00000000
2020-02-18,150.91000366
2020-02-19,151.78999329
2020-02-20,152.41000366
2020-02-21,154.69999695
2020-02-24,156.08999634
2020-02-25,153.30000305
2020-02-26,153.97000122
2020-02-27,154.00000000
2020-02-28,148.38000488
2020-03-02,149.19999695
2020-03-03,153.88999939
2020-03-04,154.16000366
2020-03-05,157.49000549
2020-03-06,157.55000305
2020-03-09,157.80999756
2020-03-10,154.47999573
2020-03-11,153.92999268
2020-03-12,147.78999329
2020-03-13,143.27999878
2020-03-16,141.63999939
2020-03-17,143.55999756
2020-03-18,140.69999695
2020-03-19,138.03999329
2020-03-20,140.11000061
2020-03-23,146.30000305
2020-03-24,153.39999390
2020-03-25,151.30000305
2020-03-26,153.24000549
2020-03-27,152.25000000
2020-03-30,152.91999817
2020-03-31,148.05000305
2020-04-01,149.44999695
2020-04-02,151.89999390
2020-04-03,152.64999390
2020-04-06,156.88000488
2020-04-07,156.03999329
2020-04-08,154.64999390
2020-04-09,158.69000244
2020-04-13,161.41000366
2020-04-14,162.67999268
2020-04-15,161.85000610
2020-04-16,161.71000671
2020-04-17,158.57000732
2020-04-20,159.69999695
2020-04-21,158.61000061
2020-04-22,161.72999573
2020-04-23,163.33999634
2020-04-24,162.63999939
2020-04-27,161.55999756
2020-04-28,160.83999634
2020-04-29,161.72999573
2020-04-30,158.80000305
2020-05-01,159.77999878
2020-05-04,160.33999634
2020-05-05,161.02000427
2020-05-06,158.94999695
2020-05-07,161.38999939
2020-05-08,160.41999817
2020-05-11,159.41999817
2020-05-12,160.03999329
2020-05-13,161.58000183
2020-05-14,163.00999451
2020-05-15,163.92999268
2020-05-18,162.69000244
2020-05-19,164.25999451
2020-05-20,164.64999390
2020-05-21,162.25000000
2020-05-22,163.21000671
2020-05-26,160.88999939
2020-05-27,161.17999268
2020-05-28,161.72000122
2020-05-29,162.91000366
2020-06-01,163.66000366
2020-06-02,162.60000610
2020-06-03,159.60000610
2020-06-04,161.27999878
2020-06-05,158.00999451
2020-06-08,159.72000122
2020-06-09,161.25999451
2020-06-10,163.57000732
2020-06-11,162.38999939
2020-06-12,162.61999512
2020-06-15,162.33000183
2020-06-16,162.25000000
2020-06-17,162.55999756
2020-06-18,162.24000549
2020-06-19,164.02999878
2020-06-22,165.08999634
2020-06-23,166.47999573
2020-06-24,165.89999390
2020-06-25,165.80000305
2020-06-26,166.53999329
2020-06-29,166.63000488
2020-06-30,167.36999512
2020-07-01,166.61999512
2020-07-02,166.97999573
2020-07-06,167.97999573
2020-07-07,169.03999329
2020-07-08,170.08999634
2020-07-09,169.63000488
2020-07-10,169.19000244
2020-07-13,169.39999390
2020-07-14,170.19000244
2020-07-15,170.33999634
2020-07-16,168.72999573
2020-07-17,170.11999512
2020-07-20,170.94000244
2020-07-21,173.00000000
2020-07-22,175.63000488
2020-07-23,177.17999268
2020-07-24,178.69999695
2020-07-27,182.22999573
2020-07-28,183.75000000
2020-07-29,185.13000488
2020-07-30,183.75999451
2020-07-31,185.42999268
2020-08-03,185.63999939
2020-08-04,189.58999634
2020-08-05,191.35000610
2020-08-06,193.88999939
2020-08-07,190.80999756
2020-08-10,190.14999390
2020-08-11,179.94000244
2020-08-12,179.10000610
2020-08-13,183.33000183
2020-08-14,182.53999329
2020-08-17,186.50000000
2020-08-18,188.17999268
2020-08-19,182.24000549
2020-08-20,183.50000000
2020-08-21,182.02999878
2020-08-24,181.00000000
2020-08-25,181.22000122
2020-08-26,183.36000061
2020-08-27,181.24000549
2020-08-28,184.38999939
2020-08-31,184.83000183
2020-09-01,185.05000305
2020-09-02,182.61999512
2020-09-03,181.13999939
2020-09-04,181.63999939
2020-09-08,181.28999329
2020-09-09,183.05000305
2020-09-10,182.46000671
2020-09-11,182.44999695
2020-09-14,183.88999939
2020-09-15,183.44999695
2020-09-16,183.97000122
2020-09-17,182.96000671
2020-09-18,183.19999695
2020-09-21,179.52000427
2020-09-22,178.64999390
2020-09-23,174.78999329
2020-09-24,175.44000244
2020-09-25,174.94000244
2020-09-28,176.69999695
2020-09-29,178.19000244
2020-09-30,177.11999512
2020-10-01,178.69999695
2020-10-02,178.53999329
2020-10-05,179.41000366
2020-10-06,177.30000305
2020-10-07,177.22000122
2020-10-08,177.85000610
2020-10-09,181.08000183
2020-10-12,180.55999756
2020-10-13,177.72000122
2020-10-14,178.27000427
2020-10-15,178.91999817
2020-10-16,178.30000305
2020-10-19,178.38999939
2020-10-20,179.25000000
2020-10-21,180.60000610
2020-10-22,178.83000183
2020-10-23,178.63999939
2020-10-26,178.55000305
2020-10-27,179.02000427
2020-10-28,176.13000488
2020-10-29,175.39999390
2020-10-30,176.19999695
2020-11-02,177.91000366
2020-11-03,178.91999817
2020-11-04,178.82000732
2020-11-05,182.92999268
2020-11-06,183.19000244
2020-11-09,175.08000183
2020-11-10,175.66000366
2020-11-11,174.89999390
2020-11-12,175.96000671
2020-11-13,177.16000366
2020-11-16,177.14999390
2020-11-17,176.50000000
2020-11-18,175.49000549
2020-11-19,175.16000366
2020-11-20,175.69000244
2020-11-23,172.22999573
2020-11-24,169.58999634
2020-11-25,169.50999451
2020-11-27,167.78999329
2020-11-30,166.66999817
2020-12-01,170.17999268
2020-12-02,171.46000671
2020-12-03,172.80999756
2020-12-04,172.32000732
2020-12-07,174.88999939
2020-12-08,175.50000000
2020-12-09,172.50000000
2020-12-10,172.16999817
2020-12-11,172.49000549
2020-12-14,171.53999329
2020-12-15,173.94000244
2020-12-16,174.89999390
2020-12-17,176.74000549
2020-12-18,176.44000244
2020-12-21,175.88000488
2020-12-22,174.49000549
2020-12-23,175.64999390
2020-12-24,176.35000610
2020-12-28,175.71000671
2020-12-29,176.35000610
2020-12-30,177.69999695
2020-12-31,178.36000061
2021-01-04,182.33000183
2021-01-05,182.86999512
2021-01-06,179.89999390
2021-01-07,179.47999573
2021-01-08,173.33999634
2021-01-11,173.00000000
2021-01-12,174.11999512
2021-01-13,173.36999512
2021-01-14,173.27999878
2021-01-15,171.13000488
2021-01-19,172.58000183
2021-01-20,175.38999939
2021-01-21,175.27999878
2021-01-22,173.89999390
2021-01-25,174.05000305
2021-01-26,173.61999512
2021-01-27,172.52000427
2021-01-28,172.67999268
2021-01-29,172.61000061
2021-02-01,174.22999573
2021-02-02,172.11000061
2021-02-03,171.85000610
2021-02-04,168.14999390
2021-02-05,169.80999756
2021-02-08,171.52000427
2021-02-09,172.08000183
2021-02-10,172.71000671
2021-02-11,171.21000671
2021-02-12,170.69000244
2021-02-16,168.24000549
2021-02-17,166.33000183
2021-02-18,166.32000732
2021-02-19,167.00999451
2021-02-22,169.50999451
2021-02-23,169.11999512
2021-02-24,169.00000000
2021-02-25,165.82000732
2021-02-26,161.80999756
2021-03-01,161.52999878
2021-03-02,162.41000366
2021-03-03,160.61999512
2021-03-04,159.03999329
2021-03-05,159.13999939
2021-03-08,157.49000549
2021-03-09,160.83999634
2021-03-10,161.66000366
2021-03-11,161.52000427
2021-03-12,161.49000549
2021-03-15,162.19999695
2021-03-16,162.35000610
2021-03-17,163.50999451
2021-03-18,162.55999756
2021-03-19,163.24000549
2021-03-22,163.00000000
2021-03-23,161.80999756
2021-03-24,162.36999512
2021-03-25,161.77999878
2021-03-26,162.24000549
2021-03-29,160.30999756
2021-03-30,157.57000732
2021-03-31,159.96000671
2021-04-01,161.97999573
2021-04-05,161.91999817
2021-04-06,163.22000122
2021-04-07,162.75999451
2021-04-08,164.50999451
2021-04-09,163.27000427
2021-04-12,162.27999878
2021-04-13,163.42999268
2021-04-14,162.72000122
2021-04-15,165.35000610
2021-04-16,166.35000610
2021-04-19,165.88999939
2021-04-20,166.47999573
2021-04-21,168.13000488
2021-04-22,167.03999329
2021-04-23,166.39999390
2021-04-26,166.83999634
2021-04-27,166.41999817
2021-04-28,166.91000366
2021-04-29,166.22000122
2021-04-30,165.66000366
2021-05-03,167.80999756
2021-05-04,166.58000183
2021-05-05,167.27000427
2021-05-06,170.05999756
2021-05-07,171.58999634
2021-05-10,172.11000061
2021-05-11,172.13999939
2021-05-12,170.42999268
2021-05-13,171.13000488
2021-05-14,172.69000244
2021-05-17,174.69999695
2021-05-18,175.03999329
2021-05-19,175.16000366
2021-05-20,175.96000671
2021-05-21,176.03999329
2021-05-24,176.35000610
2021-05-25,177.94999695
2021-05-26,177.63999939
2021-05-27,177.71000671
2021-05-28,178.38000488
2021-06-01,177.89999390
2021-06-02,178.77000427
2021-06-03,175.27000427
2021-06-04,177.16000366
2021-06-07,177.86999512
2021-06-08,177.32000732
2021-06-09,176.97999573
2021-06-10,177.74000549
2021-06-11,175.74000549
2021-06-14,174.71000671
2021-06-15,174.05000305
2021-06-16,171.11000061
2021-06-17,165.85000610
2021-06-18,164.92999268
2021-06-21,166.94999695
2021-06-22,166.25000000
2021-06-23,166.13999939
2021-06-24,166.03999329
2021-06-25,166.58999634
2021-06-28,166.58000183
2021-06-29,164.83000183
2021-06-30,165.63000488
2021-07-01,166.19999695
2021-07-02,167.28999329
2021-07-06,168.11999512
2021-07-07,168.75999451
2021-07-08,168.64999390
2021-07-09,169.21000671
2021-07-12,169.00000000
2021-07-13,169.22000122
2021-07-14,171.03999329
2021-07-15,171.07000732
2021-07-16,169.41000366
2021-07-19,169.61000061
2021-07-20,169.38999939
2021-07-21,168.75999451
2021-07-22,169.08999634
2021-07-23,168.55999756
2021-07-26,168.16000366
2021-07-27,168.44000244
2021-07-28,169.28999329
2021-07-29,171.16999817
2021-07-30,169.82000732
2021-08-02,169.61000061
2021-08-03,169.49000549
2021-08-04,169.52999878
2021-08-05,168.86000061
2021-08-06,164.63999939
2021-08-09,161.72000122
2021-08-10,161.77000427
2021-08-11,164.00000000
2021-08-12,164.03999329
2021-08-13,166.38999939
2021-08-16,167.22000122
2021-08-17,166.97000122
2021-08-18,167.10000610
2021-08-19,166.61000061
2021-08-20,166.69999695
2021-08-23,168.72999573
2021-08-24,168.64999390
2021-08-25,167.47999573
2021-08-26,167.66999817
2021-08-27,170.19000244
2021-08-30,169.35000610
2021-08-31,169.69000244
2021-09-01,169.69999695
2021-09-02,169.25000000
2021-09-03,171.05999756
2021-09-07,167.71000671
2021-09-08,167.28999329
2021-09-09,168.02999878
2021-09-10,167.17999268
2021-09-13,167.74000549
2021-09-14,168.82000732
2021-09-15,167.83000183
2021-09-16,164.02999878
2021-09-17,163.77000427
2021-09-20,164.94000244
2021-09-21,166.03999329
2021-09-22,165.41999817
2021-09-23,163.50999451
2021-09-24,163.30000305
2021-09-27,163.63999939
2021-09-28,162.05000305
2021-09-29,161.32000732
2021-09-30,164.22000122
2021-10-01,164.58999634
2021-10-04,165.36000061
2021-10-05,164.58999634
2021-10-06,165.02999878
2021-10-07,164.16000366
2021-10-08,164.22999573
2021-10-11,163.91999817
2021-10-12,164.66000366
2021-10-13,167.58999634
2021-10-14,168.00000000
2021-10-15,165.33000183
2021-10-18,164.91999817
2021-10-19,165.44999695
2021-10-20,166.89999390
2021-10-21,166.75000000
2021-10-22,167.77000427
2021-10-25,168.92999268
2021-10-26,167.67999268
2021-10-27,168.11999512
2021-10-28,168.08000183
2021-10-29,166.64999390
2021-11-01,167.52000427
2021-11-02,167.16000366
2021-11-03,165.77000427
2021-11-04,167.64999390
2021-11-05,169.83999634
2021-11-08,170.44999695
2021-11-09,171.28999329
2021-11-10,173.14999390
2021-11-11,174.11999512
2021-11-12,174.44999695
2021-11-15,174.17999268
2021-11-16,172.91999817
2021-11-17,174.50000000
2021-11-18,173.94000244
2021-11-19,172.61000061
2021-11-22,168.74000549
2021-11-23,167.27999878
2021-11-24,167.11999512
2021-11-26,166.85000610
2021-11-29,166.61999512
2021-11-30,165.50000000
2021-12-01,166.16000366
2021-12-02,165.24000549
2021-12-03,166.63000488
2021-12-06,166.22000122
2021-12-07,166.80999756
2021-12-08,166.89999390
2021-12-09,165.88000488
2021-12-10,166.58000183
2021-12-13,167.00000000
2021-12-14,165.44000244
2021-12-15,166.14999390
2021-12-16,168.16000366
2021-12-17,167.80000305
2021-12-20,167.08999634
2021-12-21,167.02000427
2021-12-22,168.58999634
2021-12-23,168.97000122
2021-12-27,169.36999512
2021-12-28,168.63999939
2021-12-29,168.58999634
2021-12-30,169.80000305
2021-12-31,170.96000671
2022-01-03,168.33000183
2022-01-04,169.57000732
2022-01-05,169.05999756
2022-01-06,166.99000549
2022-01-07,167.75000000
2022-01-10,168.25999451
2022-01-11,170.28999329
2022-01-12,170.74000549
2022-01-13,170.16000366
2022-01-14,169.66999817
2022-01-18,169.38999939
2022-01-19,172.08000183
2022-01-20,171.64999390
2022-01-21,171.08999634
2022-01-24,172.02999878
2022-01-25,172.58000183
2022-01-26,169.78999329
2022-01-27,167.60000610
2022-01-28,167.10000610
2022-01-31,168.08999634
2022-02-01,168.22999573
2022-02-02,168.83999634
2022-02-03,168.60000610
2022-02-04,168.86000061
2022-02-07,170.11000061
2022-02-08,170.63000488
2022-02-09,171.21000671
2022-02-10,170.55999756
2022-02-11,173.80999756
2022-02-14,174.74000549
2022-02-15,173.08000183
2022-02-16,174.86000061
2022-02-17,177.25000000
2022-02-18,177.11999512
2022-02-22,177.49000549
2022-02-23,178.28999329
2022-02-24,177.13999939
2022-02-25,176.55000305
2022-02-28,178.38000488
2022-03-01,181.61999512
2022-03-02,179.72999573
2022-03-03,180.80000305
2022-03-04,183.67999268
2022-03-07,186.41000366
2022-03-08,191.50999451
2022-03-09,185.82000732
2022-03-10,186.39999390
2022-03-11,185.08999634
2022-03-14,182.30000305
2022-03-15,178.88999939
2022-03-16,180.00999451
2022-03-17,180.88999939
2022-03-18,179.30000305
2022-03-21,180.66999817
2022-03-22,179.36000061
2022-03-23,181.80999756
2022-03-24,183.13000488
2022-03-25,182.38000488
2022-03-28,179.05999756
2022-03-29,179.13999939
2022-03-30,180.58000183
2022-03-31,180.64999390
2022-04-01,179.50000000
2022-04-04,180.36999512
2022-04-05,179.24000549
2022-04-06,179.66000366
2022-04-07,180.33999634
2022-04-08,181.47000122
2022-04-11,182.36999512
2022-04-12,183.77000427
2022-04-13,184.64999390
2022-04-14,184.03999329
2022-04-18,184.61000061
2022-04-19,181.82000732
2022-04-20,182.71000671
2022-04-21,182.05999756
2022-04-22,180.28999329
2022-04-25,177.05000305
2022-04-26,177.32000732
2022-04-27,175.97999573
2022-04-28,176.92999268
2022-04-29,176.91000366
2022-05-02,173.63000488
2022-05-03,174.08999634
2022-05-04,175.80000305
2022-05-05,175.13000488
2022-05-06,175.41999817
2022-05-09,172.88000488
2022-05-10,171.41999817
2022-05-11,172.82000732
2022-05-12,170.16999817
2022-05-13,168.78999329
2022-05-16,170.39999390
2022-05-17,169.33000183
2022-05-18,169.41999817
2022-05-19,171.91000366
2022-05-20,172.02999878
2022-05-23,172.83000183
2022-05-24,174.13000488
2022-05-25,173.08000183
2022-05-26,172.75999451
2022-05-27,172.85000610
2022-05-31,171.13999939
2022-06-01,172.22999573
2022-06-02,174.35000610
2022-06-03,172.58000183
2022-06-06,171.82000732
2022-06-07,172.94000244
2022-06-08,172.77999878
2022-06-09,172.22999573
2022-06-10,174.53999329
2022-06-13,169.92999268
2022-06-14,168.57000732
2022-06-15,170.77000427
2022-06-16,172.69000244
2022-06-17,171.27000427
2022-06-21,170.63000488
2022-06-22,171.30999756
2022-06-23,170.25999451
2022-06-24,170.08999634
2022-06-27,169.89999390
2022-06-28,169.61999512
2022-06-29,169.49000549
2022-06-30,168.46000671
2022-07-01,168.32000732
2022-07-05,164.75000000
2022-07-06,162.13999939
2022-07-07,162.22999573
2022-07-08,162.30000305
2022-07-11,161.42999268
2022-07-12,160.83000183
2022-07-13,161.60000610
2022-07-14,159.33000183
2022-07-15,159.00999451
2022-07-18,159.16000366
2022-07-19,159.53999329
2022-07-20,158.03999329
2022-07-21,160.27000427
2022-07-22,160.66999817
2022-07-25,160.22999573
2022-07-26,160.03999329
2022-07-27,161.66999817
2022-07-28,163.63999939
2022-07-29,164.10000610
2022-08-01,165.02999878
2022-08-02,164.05000305
2022-08-03,164.44999695
2022-08-04,167.16999817
2022-08-05,165.28999329
2022-08-08,166.69000244
2022-08-09,167.19999695
2022-08-10,166.77999878
2022-08-11,166.33999634
2022-08-12,167.86999512
2022-08-15,165.71000671
2022-08-16,165.41999817
2022-08-17,164.35000610
2022-08-18,163.91999817
2022-08-19,162.72000122
2022-08-22,161.63999939
2022-08-23,162.77000427
2022-08-24,163.25000000
2022-08-25,163.75000000
2022-08-26,161.75999451
2022-08-29,161.86000061
2022-08-30,160.50999451
2022-08-31,159.27000427
2022-09-01,157.86999512
2022-09-02,159.25999451
2022-09-06,158.33000183
2022-09-07,159.94000244
2022-09-08,158.97999573
2022-09-09,159.82000732
2022-09-12,160.63000488
2022-09-13,158.53999329
2022-09-14,157.92999268
2022-09-15,154.97999573
2022-09-16,155.83999634
2022-09-19,155.96000671
2022-09-20,155.07000732
2022-09-21,155.78999329
2022-09-22,155.69999695
2022-09-23,153.00999451
2022-09-26,151.22999573
2022-09-27,151.53999329
2022-09-28,154.69000244
2022-09-29,154.66000366
2022-09-30,154.66999817
2022-10-03,158.42999268
2022-10-04,160.69999695
2022-10-05,159.80999756
2022-10-06,159.63000488
2022-10-07,157.88000488
2022-10-10,155.47999573
2022-10-11,155.16000366
2022-10-12,155.99000549
2022-10-13,154.91000366
2022-10-14,152.97999573
2022-10-17,153.41999817
2022-10-18,153.75000000
2022-10-19,151.69000244
2022-10-20,151.44999695
2022-10-21,154.14999390
2022-10-24,153.64999390
2022-10-25,154.00000000
2022-10-26,154.97999573
2022-10-27,154.74000549
2022-10-28,153.16000366
2022-10-31,151.91000366
2022-11-01,153.46000671
2022-11-02,152.38999939
2022-11-03,151.80999756
2022-11-04,156.47000122
2022-11-07,155.85000610
2022-11-08,159.44999695
2022-11-09,158.64999390
2022-11-10,163.47999573
2022-11-11,164.55999756
2022-11-14,164.91999817
2022-11-15,165.50000000
2022-11-16,165.11999512
2022-11-17,163.91999817
2022-11-18,162.78999329
2022-11-21,161.88000488
2022-11-22,162.07000732
2022-11-23,163.08000183
2022-11-25,163.22000122
2022-11-28,161.92999268
2022-11-29,162.72999573
2022-11-30,164.80999756
2022-12-01,167.83999634
2022-12-02,167.25999451
2022-12-05,164.38999939
2022-12-06,164.83999634
2022-12-07,166.33000183
2022-12-08,166.47000122
2022-12-09,167.05999756
2022-12-12,165.67999268
2022-12-13,168.50999451
2022-12-14,168.10000610
2022-12-15,165.35000610
2022-12-16,166.78999329
2022-12-19,166.32000732
2022-12-20,169.08000183
2022-12-21,168.80000305
2022-12-22,166.75999451
2022-12-23,167.25999451
2022-12-27,168.66999817
2022-12-28,167.91000366
2022-12-29,168.85000610
2022-12-30,169.63999939
2023-01-03,171.05999756
2023-01-04,172.66999817
2023-01-05,170.52000427
2023-01-06,173.71000671
2023-01-09,174.10000610
2023-01-10,174.74000549
2023-01-11,174.61999512
2023-01-12,176.63999939
2023-01-13,178.75999451
2023-01-17,177.58999634
2023-01-18,177.08000183
2023-01-19,179.88999939
2023-01-20,179.28999329
2023-01-23,179.63000488
2023-01-24,180.27999878
2023-01-25,181.11000061
2023-01-26,179.47000122
2023-01-27,179.22000122
2023-01-30,178.75999451
2023-01-31,179.41000366
2023-02-01,181.66999817
2023-02-02,177.89999390
2023-02-03,173.46000671
2023-02-06,173.82000732
2023-02-07,173.97999573
2023-02-08,174.41000366
2023-02-09,173.02999878
2023-02-10,173.36000061
2023-02-13,172.47999573
2023-02-14,172.61000061
2023-02-15,170.88999939
2023-02-16,170.75000000
2023-02-17,171.25999451
2023-02-21,170.61999512
2023-02-22,169.66000366
2023-02-23,169.57000732
2023-02-24,168.35000610
2023-02-27,169.00999451
2023-02-28,169.77999878
2023-03-01,170.75999451
2023-03-02,170.66000366
2023-03-03,172.49000549
2023-03-06,171.61999512
2023-03-07,168.61999512
2023-03-08,168.53999329
2023-03-09,170.19999695
2023-03-10,173.86999512
2023-03-13,177.86000061
2023-03-14,176.83000183
2023-03-15,178.21000671
2023-03-16,178.57000732
2023-03-17,183.77000427
2023-03-20,183.83999634
2023-03-21,180.36999512
2023-03-22,183.44000244
2023-03-23,185.74000549
2023-03-24,183.64999390
2023-03-27,181.94999695
2023-03-28,183.44000244
2023-03-29,182.52999878
2023-03-30,184.17999268
2023-03-31,183.22000122
2023-04-03,184.53999329
2023-04-04,187.97999573
2023-04-05,187.83000183
2023-04-06,186.49000549
2023-04-10,185.11000061
2023-04-11,186.27999878
2023-04-12,187.19000244
2023-04-13,189.72000122
2023-04-14,186.36000061
2023-04-17,185.52999878
2023-04-18,186.25000000
2023-04-19,185.36000061
2023-04-20,186.08999634
2023-04-21,184.25000000
2023-04-24,184.80999756
2023-04-25,185.75000000
2023-04-26,184.74000549
2023-04-27,184.75000000
2023-04-28,184.80000305
2023-05-01,183.97000122
2023-05-02,187.52000427
2023-05-03,189.11000061
2023-05-04,190.44000244
2023-05-05,187.46000671
2023-05-08,187.69000244
2023-05-09,189.02000427
2023-05-10,188.75000000
2023-05-11,187.13000488
2023-05-12,186.80999756
2023-05-15,187.21000671
2023-05-16,184.86999512
2023-05-17,184.22999573
2023-05-18,181.83999634
2023-05-19,183.63999939
2023-05-22,183.21000671
2023-05-23,183.42999268
2023-05-24,181.94999695
2023-05-25,180.19999695
2023-05-26,180.91999817
2023-05-30,182.03999329
2023-05-31,182.32000732
2023-06-01,183.75999451
2023-06-02,181.05000305
2023-06-05,182.13999939
2023-06-06,182.33999634
2023-06-07,180.14999390
2023-06-08,182.52999878
2023-06-09,182.03999329
2023-06-12,181.88000488
2023-06-13,180.53999329
2023-06-14,180.63999939
2023-06-15,181.91000366
2023-06-16,181.63000488
2023-06-20,179.75000000
2023-06-21,179.49000549
2023-06-22,177.71000671
2023-06-23,178.19999695
2023-06-26,178.50999451
2023-06-27,177.69000244
2023-06-28,177.27999878
2023-06-29,177.08999634
2023-06-30,178.27000427
2023-07-03,178.47000122
2023-07-05,177.83999634
2023-07-06,177.30999756
2023-07-07,178.63999939
2023-07-10,178.77999878
2023-07-11,179.44999695
2023-07-12,181.88000488
2023-07-13,182.00999451
2023-07-14,181.42999268
2023-07-17,181.55999756
2023-07-18,183.63999939
2023-07-19,183.66999817
2023-07-20,182.74000549
2023-07-21,182.17999268
2023-07-24,181.39999390
2023-07-25,182.41000366
2023-07-26,183.30000305
2023-07-27,180.41999817
2023-07-28,181.86000061
2023-07-31,182.35000610
2023-08-01,180.46000671
2023-08-02,179.60000610
2023-08-03,179.53999329
2023-08-04,180.19000244
2023-08-07,179.77999878
2023-08-08,178.63999939
2023-08-09,177.78999329
2023-08-10,177.60000610
2023-08-11,177.60000610
2023-08-14,177.05999756
2023-08-15,176.58999634
2023-08-16,175.57000732
2023-08-17,175.30000305
2023-08-18,175.33000183
2023-08-21,175.80999756
2023-08-22,176.10000610
2023-08-23,177.88999939
2023-08-24,177.85000610
2023-08-25,177.61999512
2023-08-28,178.13000488
2023-08-29,179.86999512
2023-08-30,180.32000732
2023-08-31,180.02000427
2023-09-01,180.11000061
2023-09-05,178.63999939
2023-09-06,177.83000183
2023-09-07,178.02000427
2023-09-08,178.08000183
2023-09-11,178.41000366
2023-09-12,177.49000549
2023-09-13,177.08000183
2023-09-14,177.16999817
2023-09-15,178.33999634
2023-09-18,179.38999939
2023-09-19,179.22000122
2023-09-20,179.35000610
2023-09-21,178.05000305
2023-09-22,178.61999512
2023-09-25,177.69999695
2023-09-26,176.27999878
2023-09-27,174.10000610
2023-09-28,173.22999573
2023-09-29,171.44999695
2023-10-02,169.64999390
2023-10-03,169.16000366
2023-10-04,169.13999939
2023-10-05,168.83000183
2023-10-06,169.69999695
2023-10-09,172.82000732
2023-10-10,172.52999878
2023-10-11,173.78999329
2023-10-12,173.25999451
2023-10-13,178.83000183
2023-10-16,177.96000671
2023-10-17,178.28999329
2023-10-18,180.86999512
2023-10-19,183.08999634
2023-10-20,183.58999634
2023-10-23,182.97000122
2023-10-24,182.94999695
2023-10-25,183.72000122
2023-10-26,184.00999451
2023-10-27,186.14999390
2023-10-30,185.10000610
2023-10-31,184.08999634
2023-11-01,183.50999451
2023-11-02,184.11999512
2023-11-03,184.78999329
2023-11-06,183.35000610
2023-11-07,182.58999634
2023-11-08,180.77000427
2023-11-09,181.49000549
2023-11-10,179.50999451
2023-11-13,180.50999451
2023-11-14,182.11999512
2023-11-15,181.63999939
2023-11-16,183.69000244
2023-11-17,183.66999817
2023-11-20,183.36999512
2023-11-21,185.35000610
2023-11-22,184.55999756
2023-11-24,185.52000427
2023-11-27,186.77000427
2023-11-28,189.25999451
2023-11-29,189.53999329
2023-11-30,188.75000000
2023-12-01,192.00999451
2023-12-04,187.86000061
2023-12-05,187.14999390
2023-12-06,187.83999634
2023-12-07,188.14999390
2023-12-08,185.63999939
2023-12-11,183.58999634
2023-12-12,183.49000549
2023-12-13,187.63000488
2023-12-14,188.72999573
2023-12-15,187.00000000
2023-12-18,187.85000610
2023-12-19,189.13000488
2023-12-20,188.10000610
2023-12-21,189.42999268
2023-12-22,190.27000427
2023-12-26,191.72000122
2023-12-27,192.58999634
2023-12-28,191.47000122
2023-12-29,191.16999817
2024-01-02,190.72000122
2024-01-03,189.13000488
2024-01-04,189.32000732
2024-01-05,189.35000610
2024-01-08,187.86999512
2024-01-09,187.92999268
2024-01-10,187.50000000
2024-01-11,187.86999512
2024-01-12,189.71000671
2024-01-16,187.91000366
2024-01-17,185.83999634
2024-01-18,187.36999512
2024-01-19,187.92999268
2024-01-22,187.22000122
2024-01-23,187.94999695
2024-01-24,186.39999390
2024-01-25,187.13999939
2024-01-26,187.00999451
2024-01-29,188.33000183
2024-01-30,188.58999634
2024-01-31,188.44999695
2024-02-01,190.41000366
2024-02-02,188.61000061
2024-02-05,187.57000732
2024-02-06,188.55000305
2024-02-07,188.50000000
2024-02-08,188.33000183
2024-02-09,187.60000610
2024-02-12,187.11000061
2024-02-13,184.52999878
2024-02-14,184.41999817
2024-02-15,185.66000366
2024-02-16,186.33999634
2024-02-20,187.47000122
2024-02-21,187.47999573
2024-02-22,187.55999756
2024-02-23,188.61999512
2024-02-26,188.19999695
2024-02-27,188.00000000
2024-02-28,188.33999634
2024-02-29,189.30999756
2024-03-01,192.88999939
2024-03-04,196.00999451
2024-03-05,197.19000244
2024-03-06,198.80999756
2024-03-07,199.94000244
2024-03-08,201.63000488
2024-03-11,202.00000000
2024-03-12,199.78999329
2024-03-13,201.19000244
2024-03-14,200.35000610
2024-03-15,199.71000671
2024-03-18,200.02999878
2024-03-19,199.80000305
2024-03-20,202.17999268
2024-03-21,201.97000122
2024-03-22,200.35000610
2024-03-25,200.99000549
2024-03-26,201.63999939
2024-03-27,203.10000610
2024-03-28,205.72000122
2024-04-01,207.82000732
2024-04-02,210.88999939
2024-04-03,212.74000549
2024-04-04,211.52000427
2024-04-05,215.13999939
2024-04-08,216.47999573
2024-04-09,217.66999817
2024-04-10,215.61000061
2024-04-11,219.80000305
2024-04-12,216.88999939
2024-04-15,220.94999695
2024-04-16,221.22000122
2024-04-17,219.58999634
2024-04-18,220.33999634
2024-04-19,221.02999878
2024-04-22,215.57000732
2024-04-23,215.03999329
2024-04-24,214.63999939
2024-04-25,215.91999817
2024-04-26,216.61999512
2024-04-29,216.17999268
2024-04-30,211.86999512
2024-05-01,213.78999329
2024-05-02,213.13000488
2024-05-03,212.96000671
2024-05-06,215.19999695
2024-05-07,214.21000671
2024-05-08,213.58000183
2024-05-09,216.94999695
2024-05-10,218.71000671
2024-05-13,216.25999451
2024-05-14,218.08999634
2024-05-15,220.88999939
2024-05-16,220.02999878
2024-05-17,223.66000366
2024-05-20,224.55999756
2024-05-21,224.22999573
2024-05-22,220.11000061
2024-05-23,215.72000122
2024-05-24,215.91999817
2024-05-28,218.19000244
2024-05-29,216.16000366
2024-05-30,216.57000732
2024-05-31,215.30000305
2024-06-03,217.22000122
2024-06-04,215.27000427
2024-06-05,217.82000732
2024-06-06,219.42999268
2024-06-07,211.60000610
2024-06-10,213.53999329
2024-06-11,214.14999390
2024-06-12,214.72000122
2024-06-13,212.97000122
2024-06-14,215.72999573
2024-06-17,214.61000061
2024-06-18,215.47000122
2024-06-20,218.16000366
2024-06-21,214.77999878
2024-06-24,215.63000488
2024-06-25,214.55999756
2024-06-26,212.58000183
2024-06-27,214.99000549
2024-06-28,215.00999451
2024-07-01,215.57000732
2024-07-02,215.55999756
2024-07-03,217.99000549
2024-07-05,220.92999268
2024-07-08,218.19000244
2024-07-09,218.55999756
2024-07-10,219.36000061
2024-07-11,223.25000000
2024-07-12,223.11000061
2024-07-15,223.83000183
2024-07-16,228.28999329
2024-07-17,227.22999573
2024-07-18,225.77999878
2024-07-19,221.72999573
2024-07-22,221.80000305
2024-07-23,222.58000183
2024-07-24,221.80000305
2024-07-25,218.33000183
2024-07-26,220.63000488
2024-07-29,220.32000732
2024-07-30,222.52000427
2024-07-31,226.55000305
2024-08-01,225.77000427
2024-08-02,225.33999634
2024-08-05,222.47999573
2024-08-06,220.69999695
2024-08-07,220.55000305
2024-08-08,224.00999451
2024-08-09,224.55999756
2024-08-12,228.41000366
2024-08-13,228.05999756
2024-08-14,226.19999695
2024-08-15,226.91000366
2024-08-16,231.99000549
2024-08-19,231.61000061
2024-08-20,232.46000671
2024-08-21,232.14999390
2024-08-22,229.36999512
2024-08-23,232.02000427
2024-08-26,232.75999451
2024-08-27,233.38999939
2024-08-28,231.75000000
2024-08-29,232.94999695
2024-08-30,231.28999329
2024-09-03,230.28999329
2024-09-04,230.42999268
2024-09-05,232.35000610
2024-09-06,230.63000488
2024-09-09,231.60000610
2024-09-10,232.61999512
2024-09-11,232.25000000
2024-09-12,236.33000183
2024-09-13,238.67999268
2024-09-16,238.66000366
2024-09-17,237.33999634
2024-09-18,235.50999451
2024-09-19,239.16999817
2024-09-20,242.21000671
2024-09-23,242.67999268
2024-09-24,246.07000732
2024-09-25,245.72999573
2024-09-26,246.97999573
2024-09-27,245.02000427
2024-09-30,243.05999756
2024-10-01,245.61000061
2024-10-02,245.66000366
2024-10-03,245.49000549
2024-10-04,245.00000000
2024-10-07,244.16999817
2024-10-08,242.36999512
2024-10-09,241.05000305
2024-10-10,242.82000732
2024-10-11,245.47000122
2024-10-14,245.07000732
2024-10-15,245.91999817
2024-10-16,247.14999390
2024-10-17,248.63000488
2024-10-18,251.27000427
2024-10-21,251.22000122
2024-10-22,253.92999268
2024-10-23,250.86999512
2024-10-24,252.80000305
2024-10-25,253.32000732
2024-10-28,253.33000183
2024-10-29,256.08999634
2024-10-30,257.50000000
2024-10-31,253.50999451
2024-11-01,252.47000122
2024-11-04,252.83000183
2024-11-05,253.39999390
2024-11-06,245.69999695
2024-11-07,249.64999390
2024-11-08,247.96000671
2024-11-11,242.13999939
2024-11-12,240.05000305
2024-11-13,237.63000488
2024-11-14,237.00999451
2024-11-15,236.58999634
2024-11-18,241.08999634
2024-11-19,243.25000000
2024-11-20,244.61999512
2024-11-21,246.66000366
2024-11-22,249.83999634
2024-11-25,242.47999573
2024-11-26,242.94999695
2024-11-27,243.49000549
2024-11-29,245.58999634
2024-12-02,243.44000244
2024-12-03,243.92999268
2024-12-04,244.66999817
2024-12-05,242.86000061
2024-12-06,242.94999695
2024-12-09,245.36000061
2024-12-10,248.58999634
2024-12-11,250.96000671
2024-12-12,247.27999878
2024-12-13,244.28999329
2024-12-16,244.88000488
2024-12-17,243.94000244
2024-12-18,239.25999451
2024-12-19,239.60000610
2024-12-20,242.10000610
2024-12-23,240.96000671
2024-12-24,241.44000244
2024-12-26,243.07000732
2024-12-27,241.39999390
2024-12-30,240.63000488
2024-12-31,242.13000488
2025-01-02,245.41999817
2025-01-03,243.49000549
2025-01-06,243.19000244
2025-01-07,244.55999756
2025-01-08,245.86000061
2025-01-10,248.21000671
2025-01-13,245.74000549
2025-01-14,247.02999878
2025-01-15,248.88000488
2025-01-16,250.60000610
2025-01-17,249.27000427
2025-01-21,253.13000488
2025-01-22,254.42999268
2025-01-23,254.07000732
2025-01-24,255.64999390
2025-01-27,252.99000549
2025-01-28,255.17999268
2025-01-29,254.19999695
2025-01-30,258.04998779
2025-01-31,258.55999756
2025-02-03,259.94000244
2025-02-04,262.50000000
2025-02-05,264.13000488
2025-02-06,263.42999268
2025-02-07,263.89999390
2025-02-10,268.36999512
2025-02-11,267.39001465
2025-02-12,267.67001343
2025-02-13,270.30999756
2025-02-14,266.29000854
2025-02-18,270.70001221
2025-02-19,270.85000610
2025-02-20,270.98999023
2025-02-21,270.73999023
2025-02-24,272.20999146
2025-02-25,268.61999512
2025-02-26,269.02999878
2025-02-27,264.92999268
2025-02-28,263.26998901
2025-03-03,266.73999023
2025-03-04,269.05999756
2025-03-05,269.61999512
2025-03-06,268.25000000
2025-03-07,268.39001465
2025-03-10,266.04000854
2025-03-11,269.16000366
2025-03-12,270.32998657
2025-03-13,275.13000488
2025-03-14,275.23999023
2025-03-17,276.73001099
2025-03-18,279.95999146
2025-03-19,281.10998535
2025-03-20,280.75000000
2025-03-21,278.48999023
2025-03-24,277.25000000
2025-03-25,278.47000122
2025-03-26,278.23999023
2025-03-27,281.97000122
2025-03-28,284.05999756
2025-03-31,288.14001465
2025-04-01,287.57000732
2025-04-02,288.16000366
2025-04-03,286.42001343
2025-04-04,279.72000122
2025-04-07,273.70999146
2025-04-08,275.20001221
2025-04-09,285.38000488
2025-04-10,292.35000610
2025-04-11,297.92999268
2025-04-14,296.23001099
2025-04-15,297.77999878
2025-04-16,307.47000122
2025-04-17,306.11999512
2025-04-21,315.58999634
2025-04-22,311.10998535
2025-04-23,303.64999390
2025-04-24,308.07000732
2025-04-25,304.73001099
2025-04-28,309.07000732
2025-04-29,306.05999756
2025-04-30,303.76998901
2025-05-01,297.45999146
2025-05-02,297.98001099
2025-05-05,306.88000488
2025-05-06,315.48001099
2025-05-07,310.75000000
2025-05-08,304.63000488
2025-05-09,306.83999634
2025-05-12,298.19000244
2025-05-13,299.45999146
2025-05-14,293.16000366
2025-05-15,297.83999634
2025-05-16,294.23999023
2025-05-19,298.02999878
2025-05-20,303.57998657
2025-05-21,305.82000732
2025-05-22,303.10998535
2025-05-23,309.75000000
2025-05-27,304.50000000
2025-05-28,303.80999756
2025-05-29,305.60998535
2025-05-30,303.60000610
2025-06-02,311.67001343
2025-06-03,308.91000366
2025-06-04,310.89999390
2025-06-05,309.32998657
2025-06-06,305.17999268
2025-06-09,306.61999512
2025-06-10,306.70999146
2025-06-11,308.36999512
2025-06-12,312.20001221
2025-06-13,316.29000854
2025-06-16,311.77999878
2025-06-17,311.94000244
2025-06-18,310.26000977
2025-06-20,310.13000488
2025-06-23,311.07998657
2025-06-24,306.19000244
2025-06-25,307.11999512
2025-06-26,306.77999878
2025-06-27,301.22000122
2025-06-30,304.82998657
2025-07-01,307.54998779
2025-07-02,309.25000000
2025-07-03,307.14001465
2025-07-07,307.36999512
2025-07-08,304.16000366
2025-07-09,305.51998901
2025-07-10,306.20001221
2025-07-11,309.14001465
2025-07-14,308.01000977
2025-07-15,306.73001099
2025-07-16,308.26000977
2025-07-17,307.58999634
2025-07-18,308.39001465
2025-07-21,313.13000488
2025-07-22,316.10000610
2025-07-23,312.17999268
2025-07-24,310.26998901
2025-07-25,307.39999390
2025-07-28,305.41000366
2025-07-29,306.25000000
2025-07-30,300.95999146
2025-07-31,302.95999146
2025-08-01,309.10998535
2025-08-04,310.91000366
2025-08-05,311.16000366
2025-08-06,310.50000000
2025-08-07,313.11999512
2025-08-08,313.04998779
2025-08-11,308.54998779
2025-08-12,308.26998901
2025-08-13,309.20999146
2025-08-14,307.25000000
2025-08-15,307.42999268
2025-08-18,306.95001221
2025-08-19,305.26998901
2025-08-20,308.35998535
2025-08-21,307.29000854
2025-08-22,310.57998657
2025-08-25,309.82998657
2025-08-26,312.07998657
2025-08-27,312.70999146
2025-08-28,315.02999878
2025-08-29,318.07000732
2025-09-02,325.58999634
2025-09-03,328.14001465
2025-09-04,326.69000244
2025-09-05,331.04998779
2025-09-08,334.82000732
2025-09-09,334.05999756
2025-09-10,335.26000977
2025-09-11,334.76000977
2025-09-12,335.42001343
2025-09-15,338.91000366
2025-09-16,339.58999634
2025-09-17,336.97000122
2025-09-18,335.61999512
2025-09-19,339.17999268
2025-09-22,345.04998779
2025-09-23,346.45999146
2025-09-24,343.32000732
2025-09-25,344.75000000
2025-09-26,346.73999023
2025-09-29,352.45999146
2025-09-30,355.47000122
2025-10-01,356.02999878
2025-10-02,354.79000854
2025-10-03,357.64001465
2025-10-06,364.38000488
2025-10-07,366.26000977
2025-10-08,372.29998779
2025-10-09,365.42999268
2025-10-10,369.11999512
2025-10-13,378.08999634
2025-10-14,380.79000854
2025-10-15,387.39001465
2025-10-16,396.45001221
2025-10-17,388.98999023
2025-10-20,403.14999390
2025-10-21,377.23999023
2025-10-22,377.27999878
2025-10-23,378.79000854
2025-10-24,377.51998901
2025-10-27,367.01000977
2025-10-28,364.38000488
2025-10-29,363.00000000
2025-10-30,370.13000488
2025-10-31,368.11999512
2025-11-03,368.77999878
2025-11-04,362.32000732
2025-11-05,366.51000977
2025-11-06,366.07000732
2025-11-07,368.30999756
2025-11-10,378.38000488
2025-11-11,379.86999512
2025-11-12,385.98999023
2025-11-13,382.86999512
2025-11-14,375.95999146
2025-11-17,371.64999390
2025-11-18,374.35000610
2025-11-19,374.95999146
2025-11-20,374.85000610
2025-11-21,374.26998901
2025-11-24,380.20001221
2025-11-25,380.07998657
2025-11-26,383.11999512
2025-11-28,387.88000488
2025-12-01,389.75000000
2025-12-02,387.23999023
2025-12-03,386.88000488
2025-12-04,387.13000488
2025-12-05,386.44000244
2025-12-08,385.42001343
2025-12-09,387.39999390
2025-12-10,389.04998779
2025-12-11,393.23999023
2025-12-12,395.44000244
2025-12-15,395.79998779
2025-12-16,395.89001465
2025-12-17,399.29000854
2025-12-18,398.57000732
2025-12-19,399.01998901
2025-12-22,408.23001099
2025-12-23,413.64001465
2025-12-24,411.92999268
2025-12-26,416.73999023
2025-12-29,398.60000610
2025-12-30,398.89001465
2025-12-31,396.30999756
2026-01-02,398.27999878
2026-01-05,408.76000977
2026-01-06,413.17999268
2026-01-07,409.23001099
2026-01-08,411.48999023
2026-01-09,414.47000122
2026-01-12,422.23001099
2026-01-13,421.63000488
2026-01-14,425.94000244
2026-01-15,423.32998657
2026-01-16,421.29000854
2026-01-20,437.23001099
2026-01-21,443.60000610
2026-01-22,451.79000854
2026-01-23,458.00000000
2026-01-26,464.70001221
2026-01-27,476.10000610
2026-01-28,494.55999756
2026-01-29,495.89999390
2026-01-30,444.95001221
2026-02-02,427.13000488
2026-02-03,454.29000854
2026-02-04,453.97000122
2026-02-05,441.88000488
2026-02-06,455.45999146
2026-02-09,467.02999878
2026-02-10,462.39999390
2026-02-11,467.63000488
2026-02-12,451.39001465
2026-02-13,462.61999512
2026-02-17,448.20001221
2026-02-18,458.27999878
2026-02-19,459.55999756
2026-02-20,468.61999512
2026-02-23,481.27999878
2026-02-24,474.60998535
2026-02-25,473.42001343
2026-02-26,477.48001099
2026-02-27,483.75000000
2026-03-02,490.00000000
2026-03-03,468.14001465
2026-03-04,471.79998779
2026-03-05,466.13000488
2026-03-06,473.51000977
2026-03-09,472.52999878
2026-03-10,477.85998535
2026-03-11,476.23999023
2026-03-12,466.88000488
2026-03-13,460.83999634
2026-03-16,460.42999268
2026-03-17,459.26998901
2026-03-18,444.73999023
2026-03-19,426.41000366
2026-03-20,413.38000488
2026-03-23,404.04000854
2026-03-24,404.13000488
2026-03-25,416.29000854
2026-03-26,400.64001465
2026-03-27,414.70001221
2026-03-30,414.57998657
2026-03-31,430.29000854
2026-04-01,437.82000732
2026-04-02,429.41000366
2026-04-06,427.64999390
2026-04-07,431.80999756
2026-04-08,434.52999878
2026-04-09,437.91000366
2026-04-10,437.13000488
2026-04-13,435.35998535
2026-04-14,445.08999634
2026-04-15,440.45999146
2026-04-16,440.07998657
2026-04-17,445.92999268
2026-04-20,442.08999634
2026-04-21,429.57000732
2026-04-22,435.26000977
2026-04-23,431.04000854
2026-04-24,433.25000000
2026-04-27,429.89001465
2026-04-28,421.91000366
2026-04-29,417.41000366
2026-04-30,423.66000366
2026-05-01,423.17999268
2026-05-04,414.70999146
2026-05-05,418.26998901
2026-05-06,430.95999146
2026-05-07,431.67999268
2026-05-08,433.76998901
2026-05-11,434.64999390
2026-05-12,432.92999268
2026-05-13,430.50000000
2026-05-14,427.20999146
2026-05-15,417.29000854
2026-05-18,418.42999268
2026-05-19,411.50000000
2026-05-20,417.39999390
2026-05-21,416.98999023
2026-05-22,413.82000732
2026-05-26,414.00000000
2026-05-27,408.48999023
2026-05-28,412.76998901
2026-05-29,417.11999512
2026-06-01,411.26000977
2026-06-02,411.95001221
2026-06-03,407.86999512
2026-06-04,411.26998901
2026-06-05,396.23999023
