Date,Close
1999-03-10,51.06250000
1999-03-11,51.31250000
1999-03-12,50.06250000
1999-03-15,51.50000000
1999-03-16,51.93750000
1999-03-17,51.56250000
1999-03-18,52.56250000
1999-03-19,51.21875000
1999-03-22,50.59375000
1999-03-23,48.81250000
1999-03-24,50.46875000
1999-03-25,52.31250000
1999-03-26,51.75000000
1999-03-29,53.62500000
1999-03-30,53.25000000
1999-03-31,52.46875000
1999-04-01,53.56250000
1999-04-05,55.50000000
1999-04-06,55.60937500
1999-04-07,55.03125000
1999-04-08,55.46875000
1999-04-09,55.81250000
1999-04-12,55.43750000
1999-04-13,54.68750000
1999-04-14,52.81250000
1999-04-15,53.53125000
1999-04-16,51.96875000
1999-04-19,49.53125000
1999-04-20,50.65625000
1999-04-21,53.15625000
1999-04-22,54.59375000
1999-04-23,55.31250000
1999-04-26,56.58593750
1999-04-27,55.71875000
1999-04-28,53.81250000
1999-04-29,53.37500000
1999-04-30,53.71875000
1999-05-03,53.43750000
1999-05-04,52.59375000
1999-05-05,54.18750000
1999-05-06,52.21875000
1999-05-07,52.96875000
1999-05-10,53.50000000
1999-05-11,54.34375000
1999-05-12,55.46875000
1999-05-13,54.43750000
1999-05-14,53.40625000
1999-05-17,54.36718750
1999-05-18,54.12500000
1999-05-19,54.87500000
1999-05-20,53.36718750
1999-05-21,52.87500000
1999-05-24,51.53125000
1999-05-25,49.84375000
1999-05-26,51.23437500
1999-05-27,51.18750000
1999-05-28,52.03125000
1999-06-01,50.87500000
1999-06-02,51.73437500
1999-06-03,51.00000000
1999-06-04,52.56250000
1999-06-07,53.65625000
1999-06-08,52.31250000
1999-06-09,53.18750000
1999-06-10,52.57812500
1999-06-11,51.78125000
1999-06-14,50.80468750
1999-06-15,51.56250000
1999-06-16,54.21093750
1999-06-17,54.81250000
1999-06-18,55.06250000
1999-06-21,56.71093750
1999-06-22,55.00000000
1999-06-23,55.86718750
1999-06-24,54.75781250
1999-06-25,54.68750000
1999-06-28,55.98437500
1999-06-29,56.75000000
1999-06-30,57.62500000
1999-07-01,58.01562500
1999-07-02,58.75000000
1999-07-06,58.37500000
1999-07-07,58.46875000
1999-07-08,59.25000000
1999-07-09,59.84375000
1999-07-12,59.53125000
1999-07-13,59.25000000
1999-07-14,60.25781250
1999-07-15,60.81250000
1999-07-16,61.37500000
1999-07-19,60.75000000
1999-07-20,58.40625000
1999-07-21,58.68750000
1999-07-22,57.19531250
1999-07-23,57.28125000
1999-07-26,55.87500000
1999-07-27,57.00000000
1999-07-28,58.11718750
1999-07-29,56.87500000
1999-07-30,56.59375000
1999-08-02,56.43750000
1999-08-03,56.07031250
1999-08-04,55.05468750
1999-08-05,55.92968750
1999-08-06,55.32812500
1999-08-09,54.61718750
1999-08-10,54.12500000
1999-08-11,55.90625000
1999-08-12,55.25000000
1999-08-13,57.65625000
1999-08-16,58.11718750
1999-08-17,58.40625000
1999-08-18,57.75000000
1999-08-19,57.06250000
1999-08-20,57.96875000
1999-08-23,59.81250000
1999-08-24,60.21875000
1999-08-25,61.50000000
1999-08-26,60.47656250
1999-08-27,59.87500000
1999-08-30,59.03125000
1999-08-31,59.68750000
1999-09-01,60.11718750
1999-09-02,59.90625000
1999-09-03,62.65625000
1999-09-07,62.37500000
1999-09-08,61.53125000
1999-09-09,62.40625000
1999-09-10,63.12500000
1999-09-13,62.36718750
1999-09-14,62.71093750
1999-09-15,61.50000000
1999-09-16,61.46875000
1999-09-17,63.31250000
1999-09-20,63.46093750
1999-09-21,61.93750000
1999-09-22,62.59375000
1999-09-23,60.00000000
1999-09-24,60.07812500
1999-09-27,60.50000000
1999-09-28,60.78125000
1999-09-29,59.56250000
1999-09-30,60.18750000
1999-10-01,60.21093750
1999-10-04,61.56250000
1999-10-05,62.00000000
1999-10-06,63.24218750
1999-10-07,63.09375000
1999-10-08,63.75781250
1999-10-11,64.65625000
1999-10-12,63.18750000
1999-10-13,61.31250000
1999-10-14,61.69531250
1999-10-15,59.87500000
1999-10-18,59.11718750
1999-10-19,59.43750000
1999-10-20,61.25000000
1999-10-21,62.25000000
1999-10-22,61.96875000
1999-10-25,62.00000000
1999-10-26,61.50000000
1999-10-27,61.40625000
1999-10-28,63.53125000
1999-10-29,65.75000000
1999-11-01,65.40625000
1999-11-02,65.44531250
1999-11-03,66.75000000
1999-11-04,67.50000000
1999-11-05,68.18750000
1999-11-08,69.56250000
1999-11-09,69.09375000
1999-11-10,70.00000000
1999-11-11,71.25000000
1999-11-12,72.18750000
1999-11-15,72.04687500
1999-11-16,73.87500000
1999-11-17,72.87500000
1999-11-18,75.10937500
1999-11-19,75.78125000
1999-11-22,74.62500000
1999-11-23,74.96875000
1999-11-24,77.43750000
1999-11-26,77.68750000
1999-11-29,76.40625000
1999-11-30,73.50000000
1999-12-01,75.09375000
1999-12-02,77.47656250
1999-12-03,79.12500000
1999-12-06,79.84375000
1999-12-07,79.84375000
1999-12-08,78.87500000
1999-12-09,79.25000000
1999-12-10,79.90625000
1999-12-13,80.99218750
1999-12-14,79.53125000
1999-12-15,81.06250000
1999-12-16,83.06250000
1999-12-17,83.78125000
1999-12-20,84.87500000
1999-12-21,89.43750000
1999-12-22,89.15625000
1999-12-23,90.21875000
1999-12-27,89.68750000
1999-12-28,89.12500000
1999-12-29,92.50000000
1999-12-30,91.50000000
1999-12-31,91.37500000
2000-01-03,94.75000000
2000-01-04,88.25000000
2000-01-05,86.00000000
2000-01-06,80.09375000
2000-01-07,90.00000000
2000-01-10,92.50000000
2000-01-11,88.00000000
2000-01-12,86.06250000
2000-01-13,91.25000000
2000-01-14,93.37500000
2000-01-18,93.87500000
2000-01-19,96.00000000
2000-01-20,95.06250000
2000-01-21,96.25000000
2000-01-24,91.62500000
2000-01-25,93.00000000
2000-01-26,89.25000000
2000-01-27,90.56250000
2000-01-28,86.00000000
2000-01-31,89.68750000
2000-02-01,92.09375000
2000-02-02,92.87500000
2000-02-03,96.50000000
2000-02-04,97.15625000
2000-02-07,98.50000000
2000-02-08,102.62500000
2000-02-09,99.00000000
2000-02-10,102.25000000
2000-02-11,99.87500000
2000-02-14,99.75000000
2000-02-15,100.46875000
2000-02-16,100.00000000
2000-02-17,102.12500000
2000-02-18,98.43750000
2000-02-22,98.75000000
2000-02-23,104.25000000
2000-02-24,106.50000000
2000-02-25,104.06250000
2000-02-28,104.00000000
2000-02-29,106.75000000
2000-03-01,107.62500000
2000-03-02,105.13281250
2000-03-03,111.06250000
2000-03-06,111.93750000
2000-03-07,110.25000000
2000-03-08,111.25000000
2000-03-09,115.00000000
2000-03-10,114.50000000
2000-03-13,111.50000000
2000-03-14,107.37500000
2000-03-15,102.87500000
2000-03-16,108.75000000
2000-03-17,110.81250000
2000-03-20,107.68750000
2000-03-21,111.75000000
2000-03-22,114.00000000
2000-03-23,116.00000000
2000-03-24,117.56250000
2000-03-27,117.75000000
2000-03-28,114.75000000
2000-03-29,110.00000000
2000-03-30,107.25000000
2000-03-31,109.50000000
2000-04-03,102.93750000
2000-04-04,101.93750000
2000-04-05,100.12500000
2000-04-06,102.50000000
2000-04-07,106.62500000
2000-04-10,100.12500000
2000-04-11,97.75000000
2000-04-12,92.00000000
2000-04-13,88.00000000
2000-04-14,80.37500000
2000-04-17,89.62500000
2000-04-18,92.00000000
2000-04-19,89.18750000
2000-04-20,87.25000000
2000-04-24,84.75000000
2000-04-25,90.46875000
2000-04-26,87.37500000
2000-04-27,91.25000000
2000-04-28,94.75000000
2000-05-01,95.62500000
2000-05-02,90.12500000
2000-05-03,89.12500000
2000-05-04,89.31250000
2000-05-05,91.43750000
2000-05-08,87.87500000
2000-05-09,86.00000000
2000-05-10,79.75000000
2000-05-11,84.62500000
2000-05-12,84.62500000
2000-05-15,88.31250000
2000-05-16,90.81250000
2000-05-17,88.93750000
2000-05-18,85.75000000
2000-05-19,81.68750000
2000-05-22,81.62500000
2000-05-23,74.81250000
2000-05-24,79.50000000
2000-05-25,77.75000000
2000-05-26,77.75000000
2000-05-30,85.56250000
2000-05-31,83.12500000
2000-06-01,87.37500000
2000-06-02,93.62500000
2000-06-05,93.85937500
2000-06-06,91.25000000
2000-06-07,93.68750000
2000-06-08,93.25000000
2000-06-09,93.75000000
2000-06-12,90.75000000
2000-06-13,94.25000000
2000-06-14,92.12500000
2000-06-15,93.75000000
2000-06-16,94.25000000
2000-06-19,98.00000000
2000-06-20,97.62500000
2000-06-21,98.87500000
2000-06-22,95.25000000
2000-06-23,91.50000000
2000-06-26,94.00000000
2000-06-27,92.87500000
2000-06-28,94.00000000
2000-06-29,91.64062500
2000-06-30,93.43750000
2000-07-03,95.25000000
2000-07-05,91.56250000
2000-07-06,94.00000000
2000-07-07,95.93750000
2000-07-10,94.48437500
2000-07-11,95.00000000
2000-07-12,97.25000000
2000-07-13,98.50000000
2000-07-14,100.62500000
2000-07-17,101.75000000
2000-07-18,99.50000000
2000-07-19,97.25000000
2000-07-20,100.37500000
2000-07-21,97.00000000
2000-07-24,95.00000000
2000-07-25,95.75000000
2000-07-26,95.62500000
2000-07-27,91.87500000
2000-07-28,86.87500000
2000-07-31,89.43750000
2000-08-01,88.25000000
2000-08-02,86.68750000
2000-08-03,90.43750000
2000-08-04,90.12500000
2000-08-07,92.25000000
2000-08-08,94.12500000
2000-08-09,91.62500000
2000-08-10,89.81250000
2000-08-11,91.06250000
2000-08-14,93.00000000
2000-08-15,93.00000000
2000-08-16,93.93750000
2000-08-17,95.75000000
2000-08-18,95.25000000
2000-08-21,95.50000000
2000-08-22,95.50000000
2000-08-23,97.06250000
2000-08-24,98.56250000
2000-08-25,98.03125000
2000-08-28,98.50000000
2000-08-29,99.00000000
2000-08-30,98.87500000
2000-08-31,101.62500000
2000-09-01,102.62500000
2000-09-05,99.50000000
2000-09-06,96.00000000
2000-09-07,98.12500000
2000-09-08,95.12500000
2000-09-11,92.81250000
2000-09-12,91.37500000
2000-09-13,93.50000000
2000-09-14,93.00000000
2000-09-15,91.31250000
2000-09-18,89.87500000
2000-09-19,93.18750000
2000-09-20,94.62500000
2000-09-21,87.75000000
2000-09-22,92.93750000
2000-09-25,90.46875000
2000-09-26,89.43750000
2000-09-27,89.56250000
2000-09-28,91.56250000
2000-09-29,88.75000000
2000-10-02,86.75000000
2000-10-03,84.00000000
2000-10-04,85.62500000
2000-10-05,85.87500000
2000-10-06,83.00000000
2000-10-09,82.62500000
2000-10-10,78.31250000
2000-10-11,77.06250000
2000-10-12,75.12500000
2000-10-13,81.25000000
2000-10-16,82.00000000
2000-10-17,78.25000000
2000-10-18,78.00000000
2000-10-19,85.06250000
2000-10-20,86.31250000
2000-10-23,86.18750000
2000-10-24,82.50000000
2000-10-25,77.87500000
2000-10-26,79.87500000
2000-10-27,79.71875000
2000-10-30,76.76562500
2000-10-31,81.70312500
2000-11-01,81.00000000
2000-11-02,82.00000000
2000-11-03,83.06250000
2000-11-06,82.43750000
2000-11-07,82.12500000
2000-11-08,75.70312500
2000-11-09,75.68750000
2000-11-10,71.75000000
2000-11-13,71.85937500
2000-11-14,75.84375000
2000-11-15,77.37500000
2000-11-16,72.87500000
2000-11-17,72.82812500
2000-11-20,69.85937500
2000-11-21,69.75000000
2000-11-22,66.62500000
2000-11-24,70.43750000
2000-11-27,69.56250000
2000-11-28,65.45312500
2000-11-29,62.93750000
2000-11-30,62.98437500
2000-12-01,64.00000000
2000-12-04,65.00000000
2000-12-05,70.68750000
2000-12-06,68.00000000
2000-12-07,66.50000000
2000-12-08,68.00000000
2000-12-11,74.37500000
2000-12-12,71.65625000
2000-12-13,68.73437500
2000-12-14,65.37500000
2000-12-15,63.87500000
2000-12-18,64.00000000
2000-12-19,59.12500000
2000-12-20,55.73437500
2000-12-21,56.06250000
2000-12-22,60.50000000
2000-12-26,60.87500000
2000-12-27,61.56250000
2000-12-28,61.43750000
2000-12-29,58.37500000
2001-01-02,53.43750000
2001-01-03,62.43750000
2001-01-04,61.31250000
2001-01-05,56.62500000
2001-01-08,57.25000000
2001-01-09,57.25000000
2001-01-10,60.18750000
2001-01-11,61.93750000
2001-01-12,62.73437500
2001-01-16,61.98437500
2001-01-17,63.87500000
2001-01-18,66.56250000
2001-01-19,66.31250000
2001-01-22,66.37500000
2001-01-23,67.76562500
2001-01-24,67.12500000
2001-01-25,64.50000000
2001-01-26,65.54687500
2001-01-29,67.00000000
2001-01-30,66.75000000
2001-01-31,64.30000305
2001-02-01,65.15000153
2001-02-02,61.54999924
2001-02-05,61.50000000
2001-02-06,61.59999847
2001-02-07,60.59999847
2001-02-08,58.79000092
2001-02-09,56.40000153
2001-02-12,57.08000183
2001-02-13,55.25000000
2001-02-14,57.45000076
2001-02-15,58.40000153
2001-02-16,55.13000107
2001-02-20,52.99000168
2001-02-21,51.50000000
2001-02-22,51.00000000
2001-02-23,51.18000031
2001-02-26,52.15000153
2001-02-27,49.00000000
2001-02-28,47.45000076
2001-03-01,48.79999924
2001-03-02,46.70000076
2001-03-05,47.54999924
2001-03-06,49.40000153
2001-03-07,49.41999817
2001-03-08,48.50000000
2001-03-09,45.09999847
2001-03-12,42.29999924
2001-03-13,44.45000076
2001-03-14,43.75000000
2001-03-15,42.15000153
2001-03-16,41.20000076
2001-03-19,43.25999832
2001-03-20,40.34999847
2001-03-21,40.34999847
2001-03-22,42.79999924
2001-03-23,42.79999924
2001-03-26,41.81000137
2001-03-27,43.25000000
2001-03-28,39.70000076
2001-03-29,38.95000076
2001-03-30,39.15000153
2001-04-02,37.40000153
2001-04-03,34.65999985
2001-04-04,34.04999924
2001-04-05,37.31000137
2001-04-06,35.95000076
2001-04-09,37.04999924
2001-04-10,39.79999924
2001-04-11,41.00000000
2001-04-12,42.79999924
2001-04-16,40.25000000
2001-04-17,41.25000000
2001-04-18,45.54999924
2001-04-19,48.29999924
2001-04-20,48.40000153
2001-04-23,45.15000153
2001-04-24,44.29999924
2001-04-25,45.09999847
2001-04-26,43.95000076
2001-04-27,45.15000153
2001-04-30,46.15000153
2001-05-01,48.04999924
2001-05-02,48.97999954
2001-05-03,46.79999924
2001-05-04,48.20000076
2001-05-07,47.20000076
2001-05-08,48.20000076
2001-05-09,46.54999924
2001-05-10,45.77000046
2001-05-11,45.54999924
2001-05-14,44.81999969
2001-05-15,45.15000153
2001-05-16,47.15000153
2001-05-17,47.90000153
2001-05-18,48.04000092
2001-05-21,51.04999924
2001-05-22,50.90000153
2001-05-23,48.65000153
2001-05-24,49.90000153
2001-05-25,48.99000168
2001-05-29,46.11999893
2001-05-30,44.43000031
2001-05-31,44.72999954
2001-06-01,46.04999924
2001-06-04,45.83000183
2001-06-05,47.84999847
2001-06-06,47.47999954
2001-06-07,48.70000076
2001-06-08,47.34999847
2001-06-11,46.04999924
2001-06-12,45.79999924
2001-06-13,44.54999924
2001-06-14,42.25000000
2001-06-15,42.59999847
2001-06-18,42.02999878
2001-06-19,41.81999969
2001-06-20,42.77000046
2001-06-21,43.34999847
2001-06-22,43.25000000
2001-06-25,43.36000061
2001-06-26,43.50999832
2001-06-27,43.79000092
2001-06-28,44.34999847
2001-06-29,45.70000076
2001-07-02,45.45000076
2001-07-03,45.63999939
2001-07-05,43.45000076
2001-07-06,41.65000153
2001-07-09,42.00999832
2001-07-10,40.50000000
2001-07-11,41.00000000
2001-07-12,43.59999847
2001-07-13,43.15000153
2001-07-16,42.34999847
2001-07-17,43.29999924
2001-07-18,41.65000153
2001-07-19,42.63999939
2001-07-20,41.65000153
2001-07-23,40.61000061
2001-07-24,40.15000153
2001-07-25,40.50000000
2001-07-26,41.09999847
2001-07-27,41.95000076
2001-07-30,41.70000076
2001-07-31,41.75999832
2001-08-01,43.09999847
2001-08-02,43.90999985
2001-08-03,43.18000031
2001-08-06,42.50000000
2001-08-07,42.27999878
2001-08-08,40.50000000
2001-08-09,40.66999817
2001-08-10,40.27999878
2001-08-13,41.09999847
2001-08-14,40.59999847
2001-08-15,39.09999847
2001-08-16,39.56000137
2001-08-17,37.75999832
2001-08-20,38.27999878
2001-08-21,36.68999863
2001-08-22,37.68999863
2001-08-23,37.31999969
2001-08-24,39.29999924
2001-08-27,39.34999847
2001-08-28,38.11999893
2001-08-29,37.56000137
2001-08-30,36.16999817
2001-08-31,36.63000107
2001-09-04,35.47000122
2001-09-05,35.33000183
2001-09-06,33.90000153
2001-09-07,33.70000076
2001-09-10,34.09999847
2001-09-17,31.20000076
2001-09-18,30.50000000
2001-09-19,29.96999931
2001-09-20,28.96999931
2001-09-21,28.19000053
2001-09-24,29.61000061
2001-09-25,29.70000076
2001-09-26,28.67000008
2001-09-27,28.47999954
2001-09-28,28.97999954
2001-10-01,28.72999954
2001-10-02,28.81999969
2001-10-03,31.00000000
2001-10-04,31.29999924
2001-10-05,31.76000023
2001-10-08,31.86000061
2001-10-09,31.09000015
2001-10-10,32.50000000
2001-10-11,34.70000076
2001-10-12,34.54999924
2001-10-15,34.40000153
2001-10-16,34.95999908
2001-10-17,32.45000076
2001-10-18,33.33000183
2001-10-19,33.54999924
2001-10-22,34.45000076
2001-10-23,34.63000107
2001-10-24,35.38000107
2001-10-25,36.79999924
2001-10-26,36.00999832
2001-10-29,34.04000092
2001-10-30,33.38000107
2001-10-31,33.90000153
2001-11-01,35.34000015
2001-11-02,35.59999847
2001-11-05,36.75999832
2001-11-06,38.18999863
2001-11-07,38.13999939
2001-11-08,37.75000000
2001-11-09,37.72999954
2001-11-12,38.00000000
2001-11-13,39.36000061
2001-11-14,39.63999939
2001-11-15,39.47999954
2001-11-16,39.36999893
2001-11-19,40.49000168
2001-11-20,38.61999893
2001-11-21,38.41999817
2001-11-23,39.27999878
2001-11-26,40.25000000
2001-11-27,40.20000076
2001-11-28,38.75000000
2001-11-29,39.95000076
2001-11-30,39.65000153
2001-12-03,38.97000122
2001-12-04,40.83000183
2001-12-05,42.84999847
2001-12-06,42.90999985
2001-12-07,41.72999954
2001-12-10,41.00000000
2001-12-11,41.22999954
2001-12-12,41.56000137
2001-12-13,39.75999832
2001-12-14,40.11000061
2001-12-17,40.79999924
2001-12-18,41.25999832
2001-12-19,40.50999832
2001-12-20,38.79000092
2001-12-21,39.47999954
2001-12-24,39.31999969
2001-12-26,39.68999863
2001-12-27,40.00999832
2001-12-28,40.33000183
2001-12-31,38.90999985
2002-01-02,40.11000061
2002-01-03,41.50000000
2002-01-04,41.66999817
2002-01-07,41.20999908
2002-01-08,41.49000168
2002-01-09,41.11000061
2002-01-10,41.38000107
2002-01-11,40.84999847
2002-01-14,39.95999908
2002-01-15,40.34000015
2002-01-16,38.77999878
2002-01-17,39.65000153
2002-01-18,38.59000015
2002-01-22,37.40000153
2002-01-23,38.43000031
2002-01-24,38.93999863
2002-01-25,38.83000183
2002-01-28,39.04999924
2002-01-29,37.97999954
2002-01-30,38.27000046
2002-01-31,38.50999832
2002-02-01,38.13999939
2002-02-04,36.91999817
2002-02-05,36.31000137
2002-02-06,36.06000137
2002-02-07,35.18999863
2002-02-08,36.16999817
2002-02-11,36.63000107
2002-02-12,36.33000183
2002-02-13,36.95000076
2002-02-14,36.88000107
2002-02-15,35.77999878
2002-02-19,34.68000031
2002-02-20,35.15000153
2002-02-21,33.47999954
2002-02-22,33.65000153
2002-02-25,35.00999832
2002-02-26,34.88000107
2002-02-27,34.40000153
2002-02-28,33.77999878
2002-03-01,35.74000168
2002-03-04,37.15000153
2002-03-05,37.41999817
2002-03-06,37.59999847
2002-03-07,37.68000031
2002-03-08,38.66999817
2002-03-11,38.52999878
2002-03-12,38.00000000
2002-03-13,37.08000183
2002-03-14,36.86000061
2002-03-15,37.22999954
2002-03-18,37.43999863
2002-03-19,37.38000107
2002-03-20,36.06000137
2002-03-21,37.02000046
2002-03-22,36.68000031
2002-03-25,35.56000137
2002-03-26,35.88999939
2002-03-27,35.61000061
2002-03-28,36.06000137
2002-04-01,36.75000000
2002-04-02,35.09000015
2002-04-03,35.02999878
2002-04-04,34.75999832
2002-04-05,34.36999893
2002-04-08,34.79999924
2002-04-09,33.59000015
2002-04-10,33.84000015
2002-04-11,33.00000000
2002-04-12,33.52000046
2002-04-15,33.79000092
2002-04-16,35.20000076
2002-04-17,35.02000046
2002-04-18,34.34999847
2002-04-19,34.45999908
2002-04-22,33.59000015
2002-04-23,33.00999832
2002-04-24,32.50000000
2002-04-25,32.41999817
2002-04-26,31.04000092
2002-04-29,31.12000084
2002-04-30,31.72999954
2002-05-01,31.55999947
2002-05-02,30.51000023
2002-05-03,29.73999977
2002-05-06,28.96999931
2002-05-07,28.70000076
2002-05-08,31.77000046
2002-05-09,30.95000076
2002-05-10,29.55999947
2002-05-13,30.76000023
2002-05-14,32.56999969
2002-05-15,32.81000137
2002-05-16,32.86000061
2002-05-17,32.93000031
2002-05-20,32.20999908
2002-05-21,31.32999992
2002-05-22,31.39999962
2002-05-23,32.02999878
2002-05-24,31.23999977
2002-05-28,31.10000038
2002-05-29,30.28000069
2002-05-30,30.54000092
2002-05-31,30.04000092
2002-06-03,28.97999954
2002-06-04,29.36000061
2002-06-05,29.65999985
2002-06-06,28.87999916
2002-06-07,28.29999924
2002-06-10,28.25000000
2002-06-11,27.45999908
2002-06-12,27.86000061
2002-06-13,27.68000031
2002-06-14,27.62000084
2002-06-17,28.55999947
2002-06-18,29.02000046
2002-06-19,27.34000015
2002-06-20,26.45999908
2002-06-21,25.81999969
2002-06-24,26.32999992
2002-06-25,25.45999908
2002-06-26,25.64999962
2002-06-27,26.20999908
2002-06-28,26.10000038
2002-07-01,24.85000038
2002-07-02,23.95000076
2002-07-03,24.75000000
2002-07-05,26.34000015
2002-07-08,25.37999916
2002-07-09,24.65999985
2002-07-10,23.89999962
2002-07-11,24.79999924
2002-07-12,24.79999924
2002-07-15,25.56999969
2002-07-16,25.19000053
2002-07-17,25.64999962
2002-07-18,24.72999954
2002-07-19,23.98999977
2002-07-22,23.39999962
2002-07-23,22.39999962
2002-07-24,23.62000084
2002-07-25,22.25000000
2002-07-26,22.67000008
2002-07-29,23.82999992
2002-07-30,24.30999947
2002-07-31,23.85000038
2002-08-01,22.72999954
2002-08-02,22.25000000
2002-08-05,21.44000053
2002-08-06,22.50000000
2002-08-07,22.79999924
2002-08-08,23.56999969
2002-08-09,23.32999992
2002-08-12,23.39999962
2002-08-13,22.60000038
2002-08-14,24.04000092
2002-08-15,24.53000069
2002-08-16,24.70000076
2002-08-19,25.29999924
2002-08-20,25.19000053
2002-08-21,25.75000000
2002-08-22,26.15999985
2002-08-23,25.14999962
2002-08-26,25.25000000
2002-08-27,24.37000084
2002-08-28,23.47999954
2002-08-29,23.79000092
2002-08-30,23.48999977
2002-09-03,22.63999939
2002-09-04,22.72999954
2002-09-05,22.17000008
2002-09-06,22.85000038
2002-09-09,23.07999992
2002-09-10,23.64999962
2002-09-11,23.45000076
2002-09-12,22.80999947
2002-09-13,22.98999977
2002-09-16,22.65999985
2002-09-17,22.18000031
2002-09-18,21.93000031
2002-09-19,21.57999992
2002-09-20,21.67000008
2002-09-23,21.02000046
2002-09-24,21.03000069
2002-09-25,21.87000084
2002-09-26,21.60000038
2002-09-27,21.30999947
2002-09-30,20.71999931
2002-10-01,21.97999954
2002-10-02,21.25000000
2002-10-03,20.73999977
2002-10-04,20.35000038
2002-10-07,20.15999985
2002-10-08,20.20000076
2002-10-09,20.05999947
2002-10-10,21.07999992
2002-10-11,22.21999931
2002-10-14,22.47999954
2002-10-15,23.55999947
2002-10-16,22.78000069
2002-10-17,23.54999924
2002-10-18,23.80999947
2002-10-21,24.29000092
2002-10-22,24.13999939
2002-10-23,24.60000038
2002-10-24,23.97999954
2002-10-25,24.70000076
2002-10-28,24.48999977
2002-10-29,23.92000008
2002-10-30,24.55999947
2002-10-31,24.54999924
2002-11-01,25.25000000
2002-11-04,25.89999962
2002-11-05,26.10000038
2002-11-06,26.46999931
2002-11-07,25.54000092
2002-11-08,25.06999969
2002-11-11,24.30999947
2002-11-12,24.93000031
2002-11-13,25.22999954
2002-11-14,26.10000038
2002-11-15,26.44000053
2002-11-18,26.04999924
2002-11-19,25.64999962
2002-11-20,26.73999977
2002-11-21,27.72999954
2002-11-22,27.71999931
2002-11-25,27.98999977
2002-11-26,27.04999924
2002-11-27,27.90999985
2002-11-29,27.71999931
2002-12-02,28.00000000
2002-12-03,27.17000008
2002-12-04,26.56999969
2002-12-05,26.20000076
2002-12-06,26.46999931
2002-12-09,25.21999931
2002-12-10,25.60000038
2002-12-11,25.71999931
2002-12-12,25.86000061
2002-12-13,25.04000092
2002-12-16,25.85000038
2002-12-17,25.93000031
2002-12-18,25.37999916
2002-12-19,25.05999947
2002-12-20,25.31999969
2002-12-23,25.67000008
2002-12-24,25.35000038
2002-12-26,25.28000069
2002-12-27,24.81999969
2002-12-30,24.62999916
2002-12-31,24.37000084
2003-01-02,25.39999962
2003-01-03,25.68000031
2003-01-06,26.31999969
2003-01-07,26.64999962
2003-01-08,25.89999962
2003-01-09,26.70000076
2003-01-10,27.10000038
2003-01-13,26.94000053
2003-01-14,27.07999992
2003-01-15,26.73999977
2003-01-16,26.44000053
2003-01-17,25.30999947
2003-01-21,25.03000069
2003-01-22,24.93000031
2003-01-23,25.51000023
2003-01-24,24.81999969
2003-01-27,24.53000069
2003-01-28,24.78000069
2003-01-29,25.14999962
2003-01-30,24.50000000
2003-01-31,24.44000053
2003-02-03,24.48999977
2003-02-04,24.19000053
2003-02-05,24.07999992
2003-02-06,24.20999908
2003-02-07,23.80999947
2003-02-10,24.02000046
2003-02-11,24.14999962
2003-02-12,23.81999969
2003-02-13,23.94000053
2003-02-14,24.48999977
2003-02-18,25.25000000
2003-02-19,25.07999992
2003-02-20,24.97999954
2003-02-21,25.17000008
2003-02-24,24.73999977
2003-02-25,24.77000046
2003-02-26,24.21999931
2003-02-27,24.77000046
2003-02-28,25.15999985
2003-03-03,24.64999962
2003-03-04,24.50000000
2003-03-05,24.54999924
2003-03-06,24.48999977
2003-03-07,24.54000092
2003-03-10,24.01000023
2003-03-11,23.79999924
2003-03-12,24.22999954
2003-03-13,25.62000084
2003-03-14,25.71999931
2003-03-17,26.60000038
2003-03-18,26.93000031
2003-03-19,26.70000076
2003-03-20,26.79999924
2003-03-21,27.17000008
2003-03-24,26.04000092
2003-03-25,26.40999985
2003-03-26,26.55999947
2003-03-27,26.37000084
2003-03-28,26.07999992
2003-03-31,25.25000000
2003-04-01,25.45000076
2003-04-02,26.14999962
2003-04-03,26.47999954
2003-04-04,26.04999924
2003-04-07,26.09000015
2003-04-08,26.05999947
2003-04-09,25.45999908
2003-04-10,25.77000046
2003-04-11,25.51000023
2003-04-14,26.03000069
2003-04-15,26.28000069
2003-04-16,26.21999931
2003-04-17,26.81999969
2003-04-21,26.92000008
2003-04-22,27.43000031
2003-04-23,27.62999916
2003-04-24,27.47999954
2003-04-25,26.95000076
2003-04-28,27.47999954
2003-04-29,27.72999954
2003-04-30,27.45000076
2003-05-01,27.69000053
2003-05-02,28.28000069
2003-05-05,28.25000000
2003-05-06,28.61000061
2003-05-07,28.29000092
2003-05-08,27.77000046
2003-05-09,28.40999985
2003-05-12,28.84000015
2003-05-13,28.65999985
2003-05-14,28.60000038
2003-05-15,28.92000008
2003-05-16,28.70000076
2003-05-19,27.69000053
2003-05-20,27.77000046
2003-05-21,27.69000053
2003-05-22,28.09000015
2003-05-23,28.10000038
2003-05-27,29.10000038
2003-05-28,29.19000053
2003-05-29,29.30999947
2003-05-30,29.79000092
2003-06-02,29.57999992
2003-06-03,29.86000061
2003-06-04,30.42000008
2003-06-05,30.63999939
2003-06-06,30.12999916
2003-06-09,29.72999954
2003-06-10,30.18000031
2003-06-11,30.52000046
2003-06-12,30.64999962
2003-06-13,29.95999908
2003-06-16,30.87999916
2003-06-17,30.76000023
2003-06-18,30.92000008
2003-06-19,30.42000008
2003-06-20,30.37999916
2003-06-23,29.90999985
2003-06-24,29.68000031
2003-06-25,29.52000046
2003-06-26,30.21999931
2003-06-27,29.82999992
2003-06-30,29.95000076
2003-07-01,30.35000038
2003-07-02,30.96999931
2003-07-03,30.57999992
2003-07-07,31.88999939
2003-07-08,32.27999878
2003-07-09,32.20000076
2003-07-10,31.60000038
2003-07-11,31.84000015
2003-07-14,32.22000122
2003-07-15,32.25999832
2003-07-16,32.15999985
2003-07-17,31.18000031
2003-07-18,31.28000069
2003-07-21,30.87999916
2003-07-22,31.34000015
2003-07-23,31.60000038
2003-07-24,31.18000031
2003-07-25,31.79999924
2003-07-28,31.88999939
2003-07-29,31.64999962
2003-07-30,31.42000008
2003-07-31,31.79999924
2003-08-01,31.45999908
2003-08-04,31.45000076
2003-08-05,30.20999908
2003-08-06,30.19000053
2003-08-07,30.30999947
2003-08-08,30.06999969
2003-08-11,30.39999962
2003-08-12,30.86000061
2003-08-13,30.87000084
2003-08-14,30.89999962
2003-08-15,31.17000008
2003-08-18,31.96999931
2003-08-19,32.36999893
2003-08-20,32.29000092
2003-08-21,32.63999939
2003-08-22,32.43999863
2003-08-25,32.50999832
2003-08-26,32.54000092
2003-08-27,32.79999924
2003-08-28,33.09000015
2003-08-29,33.38999939
2003-09-02,33.86999893
2003-09-03,33.84999847
2003-09-04,34.15999985
2003-09-05,33.93999863
2003-09-08,34.50000000
2003-09-09,34.09000015
2003-09-10,33.27000046
2003-09-11,33.63999939
2003-09-12,33.81999969
2003-09-15,33.49000168
2003-09-16,34.40000153
2003-09-17,34.25999832
2003-09-18,34.77999878
2003-09-19,34.58000183
2003-09-22,33.91999817
2003-09-23,34.52000046
2003-09-24,33.22000122
2003-09-25,32.79000092
2003-09-26,32.58000183
2003-09-29,33.13999939
2003-09-30,32.41999817
2003-10-01,33.15000153
2003-10-02,33.25999832
2003-10-03,34.18999863
2003-10-06,34.43999863
2003-10-07,34.65000153
2003-10-08,34.43000031
2003-10-09,34.68999863
2003-10-10,35.00999832
2003-10-13,35.24000168
2003-10-14,35.33000183
2003-10-15,35.18000031
2003-10-16,35.45999908
2003-10-17,34.61000061
2003-10-20,35.04000092
2003-10-21,35.25000000
2003-10-22,34.56999969
2003-10-23,34.16999817
2003-10-24,34.20000076
2003-10-27,34.20999908
2003-10-28,35.36000061
2003-10-29,35.31999969
2003-10-30,35.38999939
2003-10-31,35.18000031
2003-11-03,35.75999832
2003-11-04,35.52000046
2003-11-05,35.84000015
2003-11-06,35.93999863
2003-11-07,35.63000107
2003-11-10,35.18999863
2003-11-11,35.06000137
2003-11-12,35.81000137
2003-11-13,35.77000046
2003-11-14,35.04000092
2003-11-17,34.68000031
2003-11-18,33.88000107
2003-11-19,34.20999908
2003-11-20,33.88000107
2003-11-21,34.22999954
2003-11-24,35.18000031
2003-11-25,35.18000031
2003-11-26,35.34000015
2003-11-28,35.38000107
2003-12-01,35.90000153
2003-12-02,35.70000076
2003-12-03,35.25000000
2003-12-04,35.63000107
2003-12-05,35.04000092
2003-12-08,35.24000168
2003-12-09,34.43000031
2003-12-10,34.56000137
2003-12-11,35.29999924
2003-12-12,35.24000168
2003-12-15,34.77999878
2003-12-16,34.84999847
2003-12-17,34.90999985
2003-12-18,35.56000137
2003-12-19,35.45999908
2003-12-22,35.56999969
2003-12-23,35.84000015
2003-12-24,35.90000153
2003-12-26,35.84999847
2003-12-29,36.43999863
2003-12-30,36.56000137
2003-12-31,36.45999908
2004-01-02,36.36000061
2004-01-05,37.09000015
2004-01-06,37.34000015
2004-01-07,37.68000031
2004-01-08,37.97999954
2004-01-09,37.72999954
2004-01-12,38.33000183
2004-01-13,37.95000076
2004-01-14,38.08000183
2004-01-15,38.18000031
2004-01-16,38.56999969
2004-01-20,38.54000092
2004-01-21,38.38000107
2004-01-22,38.15000153
2004-01-23,38.00999832
2004-01-26,38.59000015
2004-01-27,37.74000168
2004-01-28,37.09999847
2004-01-29,37.24000168
2004-01-30,37.06999969
2004-02-02,36.97000122
2004-02-03,36.93000031
2004-02-04,36.33000183
2004-02-05,36.47000122
2004-02-06,37.13000107
2004-02-09,37.11999893
2004-02-10,37.18000031
2004-02-11,37.58000183
2004-02-12,37.25000000
2004-02-13,36.93999863
2004-02-17,37.43999863
2004-02-18,37.54999924
2004-02-19,36.97999954
2004-02-20,36.86000061
2004-02-23,36.45000076
2004-02-24,36.36000061
2004-02-25,36.58000183
2004-02-26,36.66999817
2004-02-27,36.56999969
2004-03-01,37.04999924
2004-03-02,36.61999893
2004-03-03,36.41999817
2004-03-04,36.75999832
2004-03-05,36.63000107
2004-03-08,35.77000046
2004-03-09,35.65999985
2004-03-10,35.18999863
2004-03-11,34.86999893
2004-03-12,35.50999832
2004-03-15,34.88999939
2004-03-16,34.95000076
2004-03-17,35.50000000
2004-03-18,35.34000015
2004-03-19,34.75000000
2004-03-22,34.31000137
2004-03-23,34.02999878
2004-03-24,34.41999817
2004-03-25,35.34000015
2004-03-26,35.22000122
2004-03-29,35.79000092
2004-03-30,35.90999985
2004-03-31,35.84000015
2004-04-01,36.15999985
2004-04-02,37.09999847
2004-04-05,37.45000076
2004-04-06,36.97999954
2004-04-07,36.93999863
2004-04-08,36.93999863
2004-04-12,37.16999817
2004-04-13,36.63000107
2004-04-14,36.81000137
2004-04-15,36.15000153
2004-04-16,36.09000015
2004-04-19,36.52999878
2004-04-20,35.68000031
2004-04-21,35.99000168
2004-04-22,36.91999817
2004-04-23,37.20999908
2004-04-26,36.93999863
2004-04-27,36.86999893
2004-04-28,36.20000076
2004-04-29,35.63999939
2004-04-30,34.77000046
2004-05-03,35.09999847
2004-05-04,35.25000000
2004-05-05,35.52999878
2004-05-06,35.25999832
2004-05-07,34.97000122
2004-05-10,34.66999817
2004-05-11,35.18999863
2004-05-12,35.25999832
2004-05-13,35.00999832
2004-05-14,34.75000000
2004-05-17,34.41999817
2004-05-18,34.72999954
2004-05-19,34.68999863
2004-05-20,34.84999847
2004-05-21,35.02000046
2004-05-24,35.25999832
2004-05-25,35.95999908
2004-05-26,36.18999863
2004-05-27,36.41999817
2004-05-28,36.54999924
2004-06-01,36.50000000
2004-06-02,36.41999817
2004-06-03,35.97999954
2004-06-04,36.18999863
2004-06-07,37.04999924
2004-06-08,37.09999847
2004-06-09,36.58000183
2004-06-10,36.84000015
2004-06-14,36.31999969
2004-06-15,36.79000092
2004-06-16,36.72999954
2004-06-17,36.38999939
2004-06-18,36.43999863
2004-06-21,36.15000153
2004-06-22,36.68000031
2004-06-23,37.11999893
2004-06-24,37.04999924
2004-06-25,37.33000183
2004-06-28,37.02000046
2004-06-29,37.36999893
2004-06-30,37.74000168
2004-07-01,37.04000092
2004-07-02,36.81999969
2004-07-06,36.02999878
2004-07-07,36.09999847
2004-07-08,35.70000076
2004-07-09,35.75000000
2004-07-12,35.59999847
2004-07-13,35.54999924
2004-07-14,35.18999863
2004-07-15,35.06999969
2004-07-16,34.66999817
2004-07-19,34.59999847
2004-07-20,35.43000031
2004-07-21,34.40000153
2004-07-22,34.86999893
2004-07-23,34.20999908
2004-07-26,34.06000137
2004-07-27,34.52999878
2004-07-28,34.38000107
2004-07-29,34.77999878
2004-07-30,34.88999939
2004-08-02,34.95999908
2004-08-03,34.22999954
2004-08-04,34.24000168
2004-08-05,33.59999847
2004-08-06,32.72000122
2004-08-09,32.79999924
2004-08-10,33.20999908
2004-08-11,32.91999817
2004-08-12,32.47000122
2004-08-13,32.52000046
2004-08-16,32.88999939
2004-08-17,33.25999832
2004-08-18,33.84999847
2004-08-19,33.66999817
2004-08-20,34.00999832
2004-08-23,34.09000015
2004-08-24,34.08000183
2004-08-25,34.54999924
2004-08-26,34.40000153
2004-08-27,34.56000137
2004-08-30,33.97999954
2004-08-31,34.02000046
2004-09-01,34.27000046
2004-09-02,34.77999878
2004-09-03,34.13999939
2004-09-07,34.43000031
2004-09-08,34.29999924
2004-09-09,34.59000015
2004-09-10,35.11999893
2004-09-13,35.58000183
2004-09-14,35.63000107
2004-09-15,35.25000000
2004-09-16,35.31999969
2004-09-17,35.43000031
2004-09-20,35.43000031
2004-09-21,35.56999969
2004-09-22,34.95000076
2004-09-23,34.91999817
2004-09-24,34.79999924
2004-09-27,34.50000000
2004-09-28,34.56999969
2004-09-29,35.08000183
2004-09-30,35.13999939
2004-10-01,36.09999847
2004-10-04,36.31000137
2004-10-05,36.36000061
2004-10-06,36.65000153
2004-10-07,36.24000168
2004-10-08,35.58000183
2004-10-11,35.75000000
2004-10-12,35.68999863
2004-10-13,35.61000061
2004-10-14,35.45000076
2004-10-15,35.63000107
2004-10-18,36.13999939
2004-10-19,35.88000107
2004-10-20,36.04999924
2004-10-21,36.59999847
2004-10-22,35.79999924
2004-10-25,35.63000107
2004-10-26,35.81999969
2004-10-27,36.72999954
2004-10-28,36.95999908
2004-10-29,36.90000153
2004-11-01,37.04000092
2004-11-02,37.15999985
2004-11-03,37.40999985
2004-11-04,37.61999893
2004-11-05,37.95999908
2004-11-08,38.00000000
2004-11-09,37.91999817
2004-11-10,37.79000092
2004-11-11,38.29000092
2004-11-12,38.65999985
2004-11-15,38.83000183
2004-11-16,38.59000015
2004-11-17,39.11000061
2004-11-18,39.29000092
2004-11-19,38.68000031
2004-11-22,39.04999924
2004-11-23,38.99000168
2004-11-24,39.33000183
2004-11-26,39.20999908
2004-11-29,39.20000076
2004-11-30,39.11999893
2004-12-01,39.91999817
2004-12-02,40.06999969
2004-12-03,40.13000107
2004-12-06,40.27000046
2004-12-07,39.58000183
2004-12-08,39.81000137
2004-12-09,40.04999924
2004-12-10,39.93000031
2004-12-13,40.27999878
2004-12-14,40.47999954
2004-12-15,40.33000183
2004-12-16,39.95000076
2004-12-17,39.47000122
2004-12-20,39.20000076
2004-12-21,39.68000031
2004-12-22,39.72999954
2004-12-23,39.75999832
2004-12-27,39.59000015
2004-12-28,39.97000122
2004-12-29,40.02000046
2004-12-30,39.99000168
2004-12-31,39.91999817
2005-01-03,39.50000000
2005-01-04,38.77999878
2005-01-05,38.54000092
2005-01-06,38.34999847
2005-01-07,38.54999924
2005-01-10,38.52999878
2005-01-11,38.25999832
2005-01-12,38.58000183
2005-01-13,38.06999969
2005-01-14,38.43000031
2005-01-18,38.72000122
2005-01-19,38.08000183
2005-01-20,37.34999847
2005-01-21,37.04999924
2005-01-24,36.52999878
2005-01-25,36.70999908
2005-01-26,37.15000153
2005-01-27,37.09999847
2005-01-28,36.91999817
2005-01-31,37.40000153
2005-02-01,37.52000046
2005-02-02,37.58000183
2005-02-03,37.15000153
2005-02-04,37.75000000
2005-02-07,37.66999817
2005-02-08,37.74000168
2005-02-09,37.11000061
2005-02-10,37.15000153
2005-02-11,37.70000076
2005-02-14,37.86999893
2005-02-15,38.11999893
2005-02-16,37.97999954
2005-02-17,37.47000122
2005-02-18,37.34999847
2005-02-22,36.88999939
2005-02-23,36.93999863
2005-02-24,37.40999985
2005-02-25,37.61999893
2005-02-28,37.22000122
2005-03-01,37.63000107
2005-03-02,37.61000061
2005-03-03,37.29999924
2005-03-04,37.52000046
2005-03-07,38.06000137
2005-03-08,37.68000031
2005-03-09,37.56999969
2005-03-10,37.52000046
2005-03-11,37.16999817
2005-03-14,37.34000015
2005-03-15,37.04000092
2005-03-16,36.61999893
2005-03-17,36.70999908
2005-03-18,36.50999832
2005-03-21,36.58000183
2005-03-22,36.13000107
2005-03-23,36.25999832
2005-03-24,36.27000046
2005-03-28,36.34000015
2005-03-29,36.04999924
2005-03-30,36.72999954
2005-03-31,36.56999969
2005-04-01,36.20000076
2005-04-04,36.45999908
2005-04-05,36.56000137
2005-04-06,36.50000000
2005-04-07,36.93999863
2005-04-08,36.63999939
2005-04-11,36.47999954
2005-04-12,36.65999985
2005-04-13,36.06000137
2005-04-14,35.54999924
2005-04-15,34.74000168
2005-04-18,34.75000000
2005-04-19,34.99000168
2005-04-20,34.70000076
2005-04-21,35.61999893
2005-04-22,35.09000015
2005-04-25,35.38000107
2005-04-26,35.04999924
2005-04-27,35.09999847
2005-04-28,34.75000000
2005-04-29,34.97999954
2005-05-02,35.11999893
2005-05-03,35.29999924
2005-05-04,35.72999954
2005-05-05,35.75999832
2005-05-06,35.86000061
2005-05-09,36.02999878
2005-05-10,35.77000046
2005-05-11,35.95000076
2005-05-12,35.84999847
2005-05-13,36.24000168
2005-05-16,36.47999954
2005-05-17,36.70000076
2005-05-18,37.20000076
2005-05-19,37.50999832
2005-05-20,37.65999985
2005-05-23,37.84999847
2005-05-24,37.97000122
2005-05-25,37.81000137
2005-05-26,38.18999863
2005-05-27,38.20999908
2005-05-31,38.08000183
2005-06-01,38.38999939
2005-06-02,38.65999985
2005-06-03,38.09999847
2005-06-06,38.11000061
2005-06-07,37.79000092
2005-06-08,37.70999908
2005-06-09,37.95000076
2005-06-10,37.54999924
2005-06-13,37.72999954
2005-06-14,37.58000183
2005-06-15,37.70000076
2005-06-16,37.90000153
2005-06-17,37.86999893
2005-06-20,37.86999893
2005-06-21,37.84999847
2005-06-22,37.81000137
2005-06-23,37.38999939
2005-06-24,36.97000122
2005-06-27,36.79999924
2005-06-28,37.15000153
2005-06-29,37.06999969
2005-06-30,36.77999878
2005-07-01,36.72999954
2005-07-05,37.11000061
2005-07-06,36.93000031
2005-07-07,37.06000137
2005-07-08,37.77000046
2005-07-11,38.11999893
2005-07-12,38.29999924
2005-07-13,38.38999939
2005-07-14,38.77000046
2005-07-15,38.88999939
2005-07-18,38.72999954
2005-07-19,39.18000031
2005-07-20,39.45999908
2005-07-21,39.47000122
2005-07-22,39.41999817
2005-07-25,39.27000046
2005-07-26,39.41999817
2005-07-27,39.72000122
2005-07-28,39.90999985
2005-07-29,39.58000183
2005-08-01,39.65000153
2005-08-02,40.08000183
2005-08-03,40.06000137
2005-08-04,39.66999817
2005-08-05,39.47999954
2005-08-08,39.18999863
2005-08-09,39.45000076
2005-08-10,39.11000061
2005-08-11,39.43000031
2005-08-12,39.20999908
2005-08-15,39.45000076
2005-08-16,38.81000137
2005-08-17,39.04000092
2005-08-18,38.84000015
2005-08-19,38.81999969
2005-08-22,38.84000015
2005-08-23,38.72999954
2005-08-24,38.50000000
2005-08-25,38.59000015
2005-08-26,38.45999908
2005-08-29,38.75999832
2005-08-30,38.61999893
2005-08-31,38.97999954
2005-09-01,38.91999817
2005-09-02,38.77000046
2005-09-06,39.34000015
2005-09-07,39.40999985
2005-09-08,39.40000153
2005-09-09,39.61999893
2005-09-12,39.72999954
2005-09-13,39.63000107
2005-09-14,39.18000031
2005-09-15,39.15999985
2005-09-16,39.40000153
2005-09-19,39.09000015
2005-09-20,38.93000031
2005-09-21,38.50000000
2005-09-22,38.63999939
2005-09-23,38.75000000
2005-09-26,38.75999832
2005-09-27,38.66999817
2005-09-28,38.68000031
2005-09-29,39.20000076
2005-09-30,39.45999908
2005-10-03,39.56000137
2005-10-04,39.29999924
2005-10-05,38.75999832
2005-10-06,38.25000000
2005-10-07,38.34000015
2005-10-10,38.13000107
2005-10-11,37.93999863
2005-10-12,37.49000168
2005-10-13,37.77999878
2005-10-14,38.06000137
2005-10-17,38.18000031
2005-10-18,37.90999985
2005-10-19,38.66999817
2005-10-20,38.31000137
2005-10-21,38.54999924
2005-10-24,39.15999985
2005-10-25,39.00999832
2005-10-26,38.81000137
2005-10-27,38.02999878
2005-10-28,38.31999969
2005-10-31,38.86999893
2005-11-01,38.84000015
2005-11-02,39.34999847
2005-11-03,39.93999863
2005-11-04,40.08000183
2005-11-07,40.13000107
2005-11-08,40.13999939
2005-11-09,40.15999985
2005-11-10,40.59999847
2005-11-11,40.70999908
2005-11-14,40.70999908
2005-11-15,40.52000046
2005-11-16,40.77000046
2005-11-17,41.31000137
2005-11-18,41.45000076
2005-11-21,41.54999924
2005-11-22,41.70000076
2005-11-23,41.79999924
2005-11-25,41.88999939
2005-11-28,41.54000092
2005-11-29,41.34000015
2005-11-30,41.24000168
2005-12-01,42.00999832
2005-12-02,42.11000061
2005-12-05,41.79999924
2005-12-06,41.93999863
2005-12-07,41.86000061
2005-12-08,41.56000137
2005-12-09,41.72000122
2005-12-12,41.86999893
2005-12-13,42.04000092
2005-12-14,41.90000153
2005-12-15,41.97000122
2005-12-16,41.58000183
2005-12-19,40.91999817
2005-12-20,40.95000076
2005-12-21,41.13000107
2005-12-22,41.40000153
2005-12-23,41.40000153
2005-12-27,41.04000092
2005-12-28,40.99000168
2005-12-29,40.72000122
2005-12-30,40.40999985
2006-01-03,41.31000137
2006-01-04,41.74000168
2006-01-05,41.91999817
2006-01-06,42.68000031
2006-01-09,42.84999847
2006-01-10,42.88000107
2006-01-11,43.20999908
2006-01-12,43.00000000
2006-01-13,42.97999954
2006-01-17,42.70000076
2006-01-18,42.20999908
2006-01-19,42.52000046
2006-01-20,41.25000000
2006-01-23,41.25999832
2006-01-24,41.43999863
2006-01-25,41.25999832
2006-01-26,41.54999924
2006-01-27,42.11000061
2006-01-30,42.18999863
2006-01-31,42.00000000
2006-02-01,42.15000153
2006-02-02,41.43000031
2006-02-03,40.91999817
2006-02-06,40.81000137
2006-02-07,40.63000107
2006-02-08,41.09999847
2006-02-09,40.70999908
2006-02-10,40.95999908
2006-02-13,40.49000168
2006-02-14,40.90000153
2006-02-15,41.15999985
2006-02-16,41.54000092
2006-02-17,41.20999908
2006-02-21,40.75000000
2006-02-22,41.25999832
2006-02-23,41.15000153
2006-02-24,41.25999832
2006-02-27,41.72000122
2006-02-28,41.09999847
2006-03-01,41.65999985
2006-03-02,41.68999863
2006-03-03,41.45000076
2006-03-06,41.09000015
2006-03-07,40.84999847
2006-03-08,40.86999893
2006-03-09,40.52000046
2006-03-10,40.56000137
2006-03-13,40.68000031
2006-03-14,41.36999893
2006-03-15,41.72000122
2006-03-16,41.36999893
2006-03-17,41.45000076
2006-03-20,41.54999924
2006-03-21,41.11000061
2006-03-22,41.20999908
2006-03-23,41.09000015
2006-03-24,41.29999924
2006-03-27,41.31000137
2006-03-28,41.13999939
2006-03-29,41.91999817
2006-03-30,42.04999924
2006-03-31,41.93000031
2006-04-03,41.97999954
2006-04-04,42.20999908
2006-04-05,42.61000061
2006-04-06,42.72999954
2006-04-07,42.31999969
2006-04-10,42.25999832
2006-04-11,41.91999817
2006-04-12,41.93000031
2006-04-13,42.09999847
2006-04-17,41.65999985
2006-04-18,42.45999908
2006-04-19,42.65000153
2006-04-20,42.50000000
2006-04-21,42.00000000
2006-04-24,41.95999908
2006-04-25,41.86999893
2006-04-26,41.86000061
2006-04-27,42.25999832
2006-04-28,41.84999847
2006-05-01,41.43999863
2006-05-02,41.54999924
2006-05-03,41.49000168
2006-05-04,41.83000183
2006-05-05,42.15999985
2006-05-08,42.20000076
2006-05-09,42.04000092
2006-05-10,41.66999817
2006-05-11,40.74000168
2006-05-12,40.18999863
2006-05-15,40.15999985
2006-05-16,39.86000061
2006-05-17,39.31999969
2006-05-18,39.04999924
2006-05-19,39.34999847
2006-05-22,38.97000122
2006-05-23,38.59000015
2006-05-24,38.84999847
2006-05-25,39.36000061
2006-05-26,39.49000168
2006-05-30,38.63999939
2006-05-31,38.81999969
2006-06-01,39.74000168
2006-06-02,39.63999939
2006-06-05,38.77999878
2006-06-06,38.75000000
2006-06-07,38.45999908
2006-06-08,38.40000153
2006-06-09,38.15000153
2006-06-12,37.40000153
2006-06-13,37.25000000
2006-06-14,37.63000107
2006-06-15,38.65000153
2006-06-16,38.34000015
2006-06-19,38.02999878
2006-06-20,38.08000183
2006-06-21,38.68000031
2006-06-22,38.18999863
2006-06-23,38.15000153
2006-06-26,38.25000000
2006-06-27,37.52999878
2006-06-28,37.81000137
2006-06-29,38.95999908
2006-06-30,38.77000046
2006-07-03,39.00000000
2006-07-05,38.15000153
2006-07-06,38.11000061
2006-07-07,37.68999863
2006-07-10,37.36000061
2006-07-11,37.63999939
2006-07-12,36.93000031
2006-07-13,36.31000137
2006-07-14,35.93999863
2006-07-17,36.02999878
2006-07-18,36.15000153
2006-07-19,36.61999893
2006-07-20,36.08000183
2006-07-21,35.70000076
2006-07-24,36.40999985
2006-07-25,36.61999893
2006-07-26,36.59000015
2006-07-27,36.34999847
2006-07-28,37.11000061
2006-07-31,37.09999847
2006-08-01,36.47999954
2006-08-02,36.88999939
2006-08-03,37.11999893
2006-08-04,36.95000076
2006-08-07,36.70999908
2006-08-08,36.47999954
2006-08-09,36.52999878
2006-08-10,36.79000092
2006-08-11,36.52999878
2006-08-14,36.77000046
2006-08-15,37.70000076
2006-08-16,38.59000015
2006-08-17,38.72999954
2006-08-18,38.79000092
2006-08-21,38.41999817
2006-08-22,38.43000031
2006-08-23,38.13999939
2006-08-24,38.25000000
2006-08-25,38.31999969
2006-08-28,38.61000061
2006-08-29,38.72999954
2006-08-30,38.90999985
2006-08-31,38.86999893
2006-09-01,39.08000183
2006-09-05,39.45999908
2006-09-06,38.66999817
2006-09-07,38.49000168
2006-09-08,38.72000122
2006-09-11,38.95999908
2006-09-12,39.68000031
2006-09-13,39.95000076
2006-09-14,39.99000168
2006-09-15,40.11000061
2006-09-18,40.11999893
2006-09-19,39.84999847
2006-09-20,40.43000031
2006-09-21,40.18000031
2006-09-22,39.86999893
2006-09-25,40.56999969
2006-09-26,40.77000046
2006-09-27,40.72000122
2006-09-28,40.83000183
2006-09-29,40.65000153
2006-10-02,40.13999939
2006-10-03,40.31000137
2006-10-04,41.29999924
2006-10-05,41.50000000
2006-10-06,41.40999985
2006-10-09,41.54999924
2006-10-10,41.61999893
2006-10-11,41.54000092
2006-10-12,42.20000076
2006-10-13,42.43000031
2006-10-16,42.47000122
2006-10-17,42.00000000
2006-10-18,41.79999924
2006-10-19,41.90000153
2006-10-20,42.00000000
2006-10-23,42.43000031
2006-10-24,42.13999939
2006-10-25,42.43000031
2006-10-26,42.81999969
2006-10-27,42.20999908
2006-10-30,42.47999954
2006-10-31,42.58000183
2006-11-01,42.00000000
2006-11-02,42.04000092
2006-11-03,41.93000031
2006-11-06,42.54000092
2006-11-07,42.83000183
2006-11-08,43.02999878
2006-11-09,42.83000183
2006-11-10,43.02999878
2006-11-13,43.47000122
2006-11-14,43.93000031
2006-11-15,44.11000061
2006-11-16,44.29999924
2006-11-17,44.29999924
2006-11-20,44.38999939
2006-11-21,44.45000076
2006-11-22,44.72999954
2006-11-24,44.65000153
2006-11-27,43.63999939
2006-11-28,43.77000046
2006-11-29,44.06999969
2006-11-30,44.04000092
2006-12-01,43.65999985
2006-12-04,44.25999832
2006-12-05,44.41999817
2006-12-06,44.25999832
2006-12-07,43.70000076
2006-12-08,43.90000153
2006-12-11,44.06000137
2006-12-12,43.79999924
2006-12-13,43.88000107
2006-12-14,44.36999893
2006-12-15,44.43000031
2006-12-18,43.99000168
2006-12-19,43.84999847
2006-12-20,43.68999863
2006-12-21,43.38000107
2006-12-22,42.93000031
2006-12-26,43.11000061
2006-12-27,43.33000183
2006-12-28,43.11999893
2006-12-29,43.15999985
2007-01-03,43.24000168
2007-01-04,44.06000137
2007-01-05,43.84999847
2007-01-08,43.88000107
2007-01-09,44.09999847
2007-01-10,44.61999893
2007-01-11,45.08000183
2007-01-12,45.31000137
2007-01-16,45.27999878
2007-01-17,44.90999985
2007-01-18,44.08000183
2007-01-19,44.16999817
2007-01-22,43.68999863
2007-01-23,43.58000183
2007-01-24,44.29999924
2007-01-25,43.72999954
2007-01-26,43.56999969
2007-01-29,43.61000061
2007-01-30,43.63000107
2007-01-31,44.06999969
2007-02-01,44.00000000
2007-02-02,44.15999985
2007-02-05,44.11999893
2007-02-06,44.06000137
2007-02-07,44.45999908
2007-02-08,44.45000076
2007-02-09,43.88000107
2007-02-12,43.70999908
2007-02-13,43.86000061
2007-02-14,44.59999847
2007-02-15,44.86000061
2007-02-16,44.70999908
2007-02-20,45.04999924
2007-02-21,45.18999863
2007-02-22,45.41999817
2007-02-23,45.25999832
2007-02-26,45.04000092
2007-02-27,43.18999863
2007-02-28,43.33000183
2007-03-01,43.13000107
2007-03-02,42.47999954
2007-03-05,42.15000153
2007-03-06,42.84999847
2007-03-07,42.68000031
2007-03-08,42.97000122
2007-03-09,42.93000031
2007-03-12,43.20999908
2007-03-13,42.36999893
2007-03-14,42.99000168
2007-03-15,42.88999939
2007-03-16,42.83000183
2007-03-19,43.27000046
2007-03-20,43.58000183
2007-03-21,44.41999817
2007-03-22,44.25999832
2007-03-23,44.11999893
2007-03-26,44.29999924
2007-03-27,43.99000168
2007-03-28,43.52000046
2007-03-29,43.56999969
2007-03-30,43.52999878
2007-04-02,43.59000015
2007-04-03,44.15999985
2007-04-04,44.34000015
2007-04-05,44.56000137
2007-04-09,44.45000076
2007-04-10,44.68000031
2007-04-11,44.20999908
2007-04-12,44.56000137
2007-04-13,44.65000153
2007-04-16,45.06000137
2007-04-17,45.15999985
2007-04-18,45.00999832
2007-04-19,45.15000153
2007-04-20,45.40000153
2007-04-23,45.47000122
2007-04-24,45.70000076
2007-04-25,46.31000137
2007-04-26,46.54999924
2007-04-27,46.56999969
2007-04-30,45.95999908
2007-05-01,45.91999817
2007-05-02,46.41999817
2007-05-03,46.59000015
2007-05-04,46.63000107
2007-05-07,46.63000107
2007-05-08,46.72999954
2007-05-09,46.83000183
2007-05-10,46.18999863
2007-05-11,46.77999878
2007-05-14,46.45999908
2007-05-15,46.09999847
2007-05-16,46.54999924
2007-05-17,46.33000183
2007-05-18,46.70999908
2007-05-21,47.00999832
2007-05-22,47.04999924
2007-05-23,46.83000183
2007-05-24,46.15999985
2007-05-25,46.45000076
2007-05-29,46.81000137
2007-05-30,47.18999863
2007-05-31,47.40999985
2007-06-01,47.43999863
2007-06-04,47.58000183
2007-06-05,47.58000183
2007-06-06,47.06999969
2007-06-07,46.34000015
2007-06-08,46.90999985
2007-06-11,46.81999969
2007-06-12,46.54000092
2007-06-13,47.04999924
2007-06-14,47.36000061
2007-06-15,47.75999832
2007-06-18,47.77000046
2007-06-19,47.75999832
2007-06-20,47.31000137
2007-06-21,47.74000168
2007-06-22,47.29000092
2007-06-25,47.09000015
2007-06-26,46.81999969
2007-06-27,47.54000092
2007-06-28,47.52000046
2007-06-29,47.59999847
2007-07-02,48.02999878
2007-07-03,48.31000137
2007-07-05,48.65999985
2007-07-06,48.86000061
2007-07-09,48.88999939
2007-07-10,48.47999954
2007-07-11,48.81000137
2007-07-12,49.56000137
2007-07-13,49.90000153
2007-07-16,49.84999847
2007-07-17,50.22999954
2007-07-18,50.16999817
2007-07-19,50.31999969
2007-07-20,50.04999924
2007-07-23,50.06999969
2007-07-24,49.33000183
2007-07-25,49.40000153
2007-07-26,48.97999954
2007-07-27,47.99000168
2007-07-30,48.54999924
2007-07-31,47.52999878
2007-08-01,47.90000153
2007-08-02,48.34000015
2007-08-03,47.41999817
2007-08-06,47.97000122
2007-08-07,48.31000137
2007-08-08,48.84000015
2007-08-09,47.70999908
2007-08-10,47.27999878
2007-08-13,47.59999847
2007-08-14,46.79000092
2007-08-15,45.90000153
2007-08-16,45.45000076
2007-08-17,46.31000137
2007-08-20,46.52999878
2007-08-21,47.02000046
2007-08-22,47.65999985
2007-08-23,47.52999878
2007-08-24,48.20000076
2007-08-27,47.88000107
2007-08-28,46.74000168
2007-08-29,48.08000183
2007-08-30,48.33000183
2007-08-31,48.86999893
2007-09-04,49.68000031
2007-09-05,49.18000031
2007-09-06,49.13999939
2007-09-07,48.22999954
2007-09-10,48.20000076
2007-09-11,48.93000031
2007-09-12,48.93999863
2007-09-13,49.18000031
2007-09-14,49.22000122
2007-09-17,48.81000137
2007-09-18,50.04000092
2007-09-19,50.16999817
2007-09-20,50.02999878
2007-09-21,50.36000061
2007-09-24,50.59000015
2007-09-25,51.06999969
2007-09-26,51.31999969
2007-09-27,51.58000183
2007-09-28,51.40999985
2007-10-01,52.00000000
2007-10-02,52.00999832
2007-10-03,51.65000153
2007-10-04,51.77000046
2007-10-05,52.81999969
2007-10-08,53.15000153
2007-10-09,53.38000107
2007-10-10,53.50999832
2007-10-11,52.65999985
2007-10-12,53.52999878
2007-10-15,53.11999893
2007-10-16,52.86999893
2007-10-17,53.54999924
2007-10-18,53.77999878
2007-10-19,52.43999863
2007-10-22,53.06999969
2007-10-23,54.18000031
2007-10-24,53.77000046
2007-10-25,53.04999924
2007-10-26,53.93000031
2007-10-29,54.15000153
2007-10-30,54.25999832
2007-10-31,55.02999878
2007-11-01,54.00000000
2007-11-02,54.41999817
2007-11-05,54.06999969
2007-11-06,54.68000031
2007-11-07,53.34999847
2007-11-08,51.72999954
2007-11-09,50.00000000
2007-11-12,48.72999954
2007-11-13,50.74000168
2007-11-14,50.09000015
2007-11-15,49.81999969
2007-11-16,50.27999878
2007-11-19,49.70000076
2007-11-20,49.90000153
2007-11-21,49.31000137
2007-11-23,49.84000015
2007-11-26,48.97999954
2007-11-27,49.95999908
2007-11-28,51.47999954
2007-11-29,51.70000076
2007-11-30,51.31000137
2007-12-03,50.88000107
2007-12-04,50.66999817
2007-12-05,51.58000183
2007-12-06,52.31999969
2007-12-07,52.33000183
2007-12-10,52.54000092
2007-12-11,51.31999969
2007-12-12,51.77999878
2007-12-13,51.50000000
2007-12-14,50.97000122
2007-12-17,49.72999954
2007-12-18,49.88999939
2007-12-19,49.88000107
2007-12-20,50.90000153
2007-12-21,51.84999847
2007-12-24,52.24000168
2007-12-26,52.50000000
2007-12-27,51.86999893
2007-12-28,51.81999969
2007-12-31,51.22000122
2008-01-02,50.40999985
2008-01-03,50.61999893
2008-01-04,48.40000153
2008-01-07,48.16999817
2008-01-08,46.91999817
2008-01-09,47.91999817
2008-01-10,47.99000168
2008-01-11,47.04999924
2008-01-14,47.86999893
2008-01-15,46.54999924
2008-01-16,46.04999924
2008-01-17,45.40999985
2008-01-18,45.34999847
2008-01-22,44.18000031
2008-01-23,44.00999832
2008-01-24,44.90999985
2008-01-25,43.99000168
2008-01-28,44.33000183
2008-01-29,44.40999985
2008-01-30,44.36999893
2008-01-31,45.13000107
2008-02-01,45.59000015
2008-02-04,44.95000076
2008-02-05,43.66999817
2008-02-06,42.81000137
2008-02-07,43.11000061
2008-02-08,43.59999847
2008-02-11,44.06999969
2008-02-12,43.81999969
2008-02-13,44.77999878
2008-02-14,43.97000122
2008-02-15,43.81999969
2008-02-19,43.74000168
2008-02-20,43.93999863
2008-02-21,43.52000046
2008-02-22,43.68000031
2008-02-25,43.90000153
2008-02-26,44.06999969
2008-02-27,44.29000092
2008-02-28,44.11999893
2008-02-29,42.95000076
2008-03-03,42.66999817
2008-03-04,42.90999985
2008-03-05,43.11999893
2008-03-06,42.16999817
2008-03-07,42.06999969
2008-03-10,41.25999832
2008-03-11,42.83000183
2008-03-12,42.70999908
2008-03-13,43.04000092
2008-03-14,42.25000000
2008-03-17,41.47999954
2008-03-18,43.33000183
2008-03-19,42.25999832
2008-03-20,43.09000015
2008-03-24,44.58000183
2008-03-25,44.83000183
2008-03-26,44.70000076
2008-03-27,43.70999908
2008-03-28,43.49000168
2008-03-31,43.72000122
2008-04-01,45.59000015
2008-04-02,45.49000168
2008-04-03,45.59000015
2008-04-04,45.86000061
2008-04-07,45.75999832
2008-04-08,45.40999985
2008-04-09,44.90000153
2008-04-10,45.54000092
2008-04-11,44.27999878
2008-04-14,44.08000183
2008-04-15,44.13999939
2008-04-16,45.36999893
2008-04-17,45.27000046
2008-04-18,46.70999908
2008-04-21,47.04000092
2008-04-22,46.34000015
2008-04-23,46.84999847
2008-04-24,47.27000046
2008-04-25,47.15000153
2008-04-28,47.24000168
2008-04-29,47.59999847
2008-04-30,47.20999908
2008-05-01,48.70000076
2008-05-02,48.77000046
2008-05-05,48.63000107
2008-05-06,48.93000031
2008-05-07,48.04000092
2008-05-08,48.40000153
2008-05-09,48.20999908
2008-05-12,49.09000015
2008-05-13,49.22000122
2008-05-14,49.11000061
2008-05-15,49.97000122
2008-05-16,50.00999832
2008-05-19,49.65000153
2008-05-20,49.27000046
2008-05-21,48.18000031
2008-05-22,48.34999847
2008-05-23,48.20000076
2008-05-27,49.04999924
2008-05-28,49.25000000
2008-05-29,49.68999863
2008-05-30,50.00999832
2008-06-02,49.40000153
2008-06-03,49.13000107
2008-06-04,49.75999832
2008-06-05,50.54999924
2008-06-06,49.02999878
2008-06-09,48.77000046
2008-06-10,48.54000092
2008-06-11,47.36999893
2008-06-12,47.41999817
2008-06-13,48.36999893
2008-06-16,48.79999924
2008-06-17,48.54000092
2008-06-18,48.02000046
2008-06-19,48.77000046
2008-06-20,47.41999817
2008-06-23,47.04999924
2008-06-24,46.81000137
2008-06-25,47.56999969
2008-06-26,45.65000153
2008-06-27,45.65000153
2008-06-30,45.16999817
2008-07-01,45.81000137
2008-07-02,44.70999908
2008-07-03,44.63000107
2008-07-07,44.90000153
2008-07-08,45.97000122
2008-07-09,44.75000000
2008-07-10,45.27999878
2008-07-11,44.56000137
2008-07-14,44.22999954
2008-07-15,44.24000168
2008-07-16,45.34000015
2008-07-17,45.63999939
2008-07-18,44.59000015
2008-07-21,44.77999878
2008-07-22,44.77999878
2008-07-23,45.36999893
2008-07-24,44.68999863
2008-07-25,45.27000046
2008-07-28,44.41999817
2008-07-29,45.34000015
2008-07-30,45.56999969
2008-07-31,45.45999908
2008-08-01,44.88000107
2008-08-04,44.43000031
2008-08-05,45.93000031
2008-08-06,46.63000107
2008-08-07,46.27000046
2008-08-08,47.31999969
2008-08-11,47.75000000
2008-08-12,47.79999924
2008-08-13,47.70000076
2008-08-14,48.25000000
2008-08-15,48.15999985
2008-08-18,47.59999847
2008-08-19,47.00999832
2008-08-20,47.09000015
2008-08-21,46.86999893
2008-08-22,47.49000168
2008-08-25,46.49000168
2008-08-26,46.43000031
2008-08-27,46.72999954
2008-08-28,47.11000061
2008-08-29,46.11999893
2008-09-02,45.54999924
2008-09-03,45.11999893
2008-09-04,43.65999985
2008-09-05,43.45000076
2008-09-08,43.36999893
2008-09-09,42.45000076
2008-09-10,42.79999924
2008-09-11,43.59999847
2008-09-12,43.43000031
2008-09-15,42.08000183
2008-09-16,42.40999985
2008-09-17,40.20999908
2008-09-18,41.56999969
2008-09-19,42.90000153
2008-09-22,40.88000107
2008-09-23,40.56999969
2008-09-24,40.84999847
2008-09-25,41.50000000
2008-09-26,41.08000183
2008-09-29,37.81999969
2008-09-30,38.90999985
2008-10-01,38.50000000
2008-10-02,36.75000000
2008-10-03,36.18000031
2008-10-06,34.86000061
2008-10-07,32.65000153
2008-10-08,32.38999939
2008-10-09,31.52000046
2008-10-10,31.31999969
2008-10-13,35.13000107
2008-10-14,33.61000061
2008-10-15,30.60000038
2008-10-16,32.25999832
2008-10-17,32.29999924
2008-10-20,33.20000076
2008-10-21,31.47999954
2008-10-22,30.61000061
2008-10-23,30.48999977
2008-10-24,29.51000023
2008-10-27,28.69000053
2008-10-28,31.86000061
2008-10-29,31.78000069
2008-10-30,32.84000015
2008-10-31,32.88999939
2008-11-03,32.81999969
2008-11-04,33.75000000
2008-11-05,31.98999977
2008-11-06,30.55999947
2008-11-07,31.19000053
2008-11-10,30.77000046
2008-11-11,30.10000038
2008-11-12,28.70999908
2008-11-13,30.45999908
2008-11-14,28.97999954
2008-11-17,28.37000084
2008-11-18,28.34000015
2008-11-19,26.86000061
2008-11-20,25.55999947
2008-11-21,26.67000008
2008-11-24,28.29999924
2008-11-25,28.17000008
2008-11-26,29.35000038
2008-11-28,29.12000084
2008-12-01,26.93000031
2008-12-02,27.82999992
2008-12-03,28.62000084
2008-12-04,27.80999947
2008-12-05,28.94000053
2008-12-08,30.07999992
2008-12-09,30.01000023
2008-12-10,29.90999985
2008-12-11,29.09000015
2008-12-12,29.68000031
2008-12-15,29.15999985
2008-12-16,30.55999947
2008-12-17,30.19000053
2008-12-18,29.65999985
2008-12-19,29.86000061
2008-12-22,29.20999908
2008-12-23,29.05999947
2008-12-24,29.13999939
2008-12-26,29.12999916
2008-12-29,28.88999939
2008-12-30,29.48999977
2008-12-31,29.73999977
2009-01-02,31.03000069
2009-01-05,31.02000046
2009-01-06,31.32999992
2009-01-07,30.44000053
2009-01-08,30.76000023
2009-01-09,30.06999969
2009-01-12,29.52000046
2009-01-13,29.53000069
2009-01-14,28.62999916
2009-01-15,29.10000038
2009-01-16,29.42000008
2009-01-20,27.95999908
2009-01-21,29.14999962
2009-01-22,28.76000023
2009-01-23,28.89999962
2009-01-26,29.11000061
2009-01-27,29.31999969
2009-01-28,30.35000038
2009-01-29,29.57999992
2009-01-30,29.05999947
2009-02-02,29.40999985
2009-02-03,29.87000084
2009-02-04,29.90999985
2009-02-05,30.56999969
2009-02-06,31.37000084
2009-02-09,31.50000000
2009-02-10,30.34000015
2009-02-11,30.20000076
2009-02-12,30.56999969
2009-02-13,30.43000031
2009-02-17,29.21999931
2009-02-18,29.23999977
2009-02-19,28.79000092
2009-02-20,28.87000084
2009-02-23,27.86000061
2009-02-24,28.78000069
2009-02-25,28.59000015
2009-02-26,27.79000092
2009-02-27,27.53000069
2009-03-02,26.63999939
2009-03-03,26.62000084
2009-03-04,27.32999992
2009-03-05,26.51000023
2009-03-06,26.29999924
2009-03-09,25.73999977
2009-03-10,27.32999992
2009-03-11,27.75000000
2009-03-12,28.67000008
2009-03-13,28.73999977
2009-03-16,28.26000023
2009-03-17,29.32999992
2009-03-18,29.70000076
2009-03-19,29.68000031
2009-03-20,29.18000031
2009-03-23,30.89999962
2009-03-24,30.32999992
2009-03-25,30.46999931
2009-03-26,31.40999985
2009-03-27,30.81999969
2009-03-30,30.05999947
2009-03-31,30.31999969
2009-04-01,30.77000046
2009-04-02,31.76000023
2009-04-03,32.34999847
2009-04-06,32.27000046
2009-04-07,31.42000008
2009-04-08,31.95000076
2009-04-09,32.93999863
2009-04-13,32.88999939
2009-04-14,32.49000168
2009-04-15,32.40000153
2009-04-16,33.24000168
2009-04-17,33.31000137
2009-04-20,32.24000168
2009-04-21,32.68999863
2009-04-22,32.79000092
2009-04-23,33.11000061
2009-04-24,33.68999863
2009-04-27,33.72999954
2009-04-28,33.47999954
2009-04-29,33.93999863
2009-04-30,34.27999878
2009-05-01,34.36999893
2009-05-04,35.04999924
2009-05-05,35.02000046
2009-05-06,35.02999878
2009-05-07,34.20999908
2009-05-08,34.22999954
2009-05-11,34.34999847
2009-05-12,33.93000031
2009-05-13,33.02000046
2009-05-14,33.38999939
2009-05-15,33.36999893
2009-05-18,34.24000168
2009-05-19,34.40000153
2009-05-20,34.27999878
2009-05-21,33.65000153
2009-05-22,33.54000092
2009-05-26,34.79000092
2009-05-27,34.54999924
2009-05-28,34.95000076
2009-05-29,35.38000107
2009-06-01,36.38999939
2009-06-02,36.43999863
2009-06-03,36.33000183
2009-06-04,36.74000168
2009-06-05,36.77999878
2009-06-08,36.66999817
2009-06-09,36.95000076
2009-06-10,36.81999969
2009-06-11,36.81999969
2009-06-12,36.65000153
2009-06-15,35.90000153
2009-06-16,35.54999924
2009-06-17,35.88999939
2009-06-18,35.81999969
2009-06-19,36.15999985
2009-06-22,35.08000183
2009-06-23,35.00000000
2009-06-24,35.59000015
2009-06-25,36.29000092
2009-06-26,36.36999893
2009-06-29,36.45000076
2009-06-30,36.38000107
2009-07-01,36.40000153
2009-07-02,35.59999847
2009-07-06,35.40999985
2009-07-07,34.52999878
2009-07-08,34.70999908
2009-07-09,34.77000046
2009-07-10,34.91999817
2009-07-13,35.59000015
2009-07-14,35.72000122
2009-07-15,36.91999817
2009-07-16,37.36000061
2009-07-17,37.56000137
2009-07-20,37.91999817
2009-07-21,38.18000031
2009-07-22,38.50000000
2009-07-23,39.34999847
2009-07-24,39.04999924
2009-07-27,39.34999847
2009-07-28,39.08000183
2009-07-29,39.34000015
2009-07-30,39.56999969
2009-07-31,39.45000076
2009-08-03,40.04000092
2009-08-04,40.04000092
2009-08-05,39.72999954
2009-08-06,39.38000107
2009-08-07,39.88000107
2009-08-10,39.59999847
2009-08-11,39.25999832
2009-08-12,39.86999893
2009-08-13,40.09000015
2009-08-14,39.63000107
2009-08-17,38.47999954
2009-08-18,39.02999878
2009-08-19,39.29999924
2009-08-20,39.75999832
2009-08-21,40.29000092
2009-08-24,40.25000000
2009-08-25,40.36999893
2009-08-26,40.29999924
2009-08-27,40.40000153
2009-08-28,40.43999863
2009-08-31,40.02999878
2009-09-01,39.27999878
2009-09-02,39.25000000
2009-09-03,39.50999832
2009-09-04,40.36000061
2009-09-08,40.74000168
2009-09-09,41.09000015
2009-09-10,41.47999954
2009-09-11,41.52000046
2009-09-14,41.68000031
2009-09-15,41.81000137
2009-09-16,42.41999817
2009-09-17,42.40999985
2009-09-18,42.43999863
2009-09-21,42.56999969
2009-09-22,42.65000153
2009-09-23,42.45000076
2009-09-24,42.06999969
2009-09-25,41.70000076
2009-09-28,42.40999985
2009-09-29,42.22000122
2009-09-30,42.25000000
2009-10-01,41.00000000
2009-10-02,40.88000107
2009-10-05,41.20999908
2009-10-06,41.93999863
2009-10-07,42.06000137
2009-10-08,42.24000168
2009-10-09,42.47999954
2009-10-12,42.56999969
2009-10-13,42.58000183
2009-10-14,43.15999985
2009-10-15,43.06000137
2009-10-16,42.77999878
2009-10-19,43.20999908
2009-10-20,43.22000122
2009-10-21,43.13999939
2009-10-22,43.31000137
2009-10-23,43.13000107
2009-10-26,42.99000168
2009-10-27,42.34000015
2009-10-28,41.38999939
2009-10-29,42.09000015
2009-10-30,40.95999908
2009-11-02,41.13000107
2009-11-03,41.25999832
2009-11-04,41.33000183
2009-11-05,42.34999847
2009-11-06,42.59999847
2009-11-09,43.50999832
2009-11-10,43.61999893
2009-11-11,43.90000153
2009-11-12,43.65000153
2009-11-13,44.00999832
2009-11-16,44.45999908
2009-11-17,44.59999847
2009-11-18,44.34999847
2009-11-19,43.65999985
2009-11-20,43.43999863
2009-11-23,44.13999939
2009-11-24,43.99000168
2009-11-25,44.18000031
2009-11-27,43.50999832
2009-11-30,43.56000137
2009-12-01,44.00999832
2009-12-02,44.06999969
2009-12-03,43.88999939
2009-12-04,44.11999893
2009-12-07,43.90999985
2009-12-08,43.63999939
2009-12-09,44.08000183
2009-12-10,44.29999924
2009-12-11,44.13000107
2009-12-14,44.54999924
2009-12-15,44.29999924
2009-12-16,44.36000061
2009-12-17,43.81999969
2009-12-18,44.45999908
2009-12-21,44.95999908
2009-12-22,45.22999954
2009-12-23,45.56000137
2009-12-24,45.97999954
2009-12-28,46.22000122
2009-12-29,46.02999878
2009-12-30,46.16999817
2009-12-31,45.75000000
2010-01-04,46.41999817
2010-01-05,46.41999817
2010-01-06,46.13999939
2010-01-07,46.16999817
2010-01-08,46.54999924
2010-01-11,46.36000061
2010-01-12,45.77999878
2010-01-13,46.34999847
2010-01-14,46.38999939
2010-01-15,45.84999847
2010-01-19,46.59000015
2010-01-20,45.91999817
2010-01-21,45.49000168
2010-01-22,44.15999985
2010-01-25,44.31000137
2010-01-26,44.34999847
2010-01-27,44.70000076
2010-01-28,43.54999924
2010-01-29,42.79000092
2010-02-01,43.25999832
2010-02-02,43.65000153
2010-02-03,43.88999939
2010-02-04,42.61999893
2010-02-05,42.97999954
2010-02-08,42.66999817
2010-02-09,43.11000061
2010-02-10,43.02000046
2010-02-11,43.66999817
2010-02-12,43.75999832
2010-02-16,44.31999969
2010-02-17,44.56999969
2010-02-18,44.84999847
2010-02-19,44.83000183
2010-02-22,44.74000168
2010-02-23,44.15999985
2010-02-24,44.61000061
2010-02-25,44.59999847
2010-02-26,44.75999832
2010-03-01,45.40999985
2010-03-02,45.54999924
2010-03-03,45.59999847
2010-03-04,45.75000000
2010-03-05,46.43999863
2010-03-08,46.52999878
2010-03-09,46.79000092
2010-03-10,47.16999817
2010-03-11,47.34999847
2010-03-12,47.36000061
2010-03-15,47.24000168
2010-03-16,47.54000092
2010-03-17,47.66999817
2010-03-18,47.83000183
2010-03-19,47.49000168
2010-03-22,47.91999817
2010-03-23,48.25000000
2010-03-24,48.02000046
2010-03-25,47.95000076
2010-03-26,48.00000000
2010-03-29,48.22999954
2010-03-30,48.38999939
2010-03-31,48.15999985
2010-04-01,48.15999985
2010-04-05,48.61000061
2010-04-06,48.75000000
2010-04-07,48.63000107
2010-04-08,48.74000168
2010-04-09,49.02999878
2010-04-12,49.06999969
2010-04-13,49.31999969
2010-04-14,49.90999985
2010-04-15,50.13000107
2010-04-16,49.52999878
2010-04-19,49.50000000
2010-04-20,49.75000000
2010-04-21,50.02999878
2010-04-22,50.31000137
2010-04-23,50.52000046
2010-04-26,50.40999985
2010-04-27,49.34000015
2010-04-28,49.36999893
2010-04-29,50.22999954
2010-04-30,49.24000168
2010-05-03,49.93000031
2010-05-04,48.43000031
2010-05-05,48.18000031
2010-05-06,46.56999969
2010-05-07,45.40999985
2010-05-10,47.77000046
2010-05-11,47.72000122
2010-05-12,48.61999893
2010-05-13,47.84999847
2010-05-14,46.93000031
2010-05-17,47.08000183
2010-05-18,46.43000031
2010-05-19,46.06000137
2010-05-20,44.34999847
2010-05-21,44.84000015
2010-05-24,44.65999985
2010-05-25,44.70000076
2010-05-26,44.20000076
2010-05-27,45.86999893
2010-05-28,45.59999847
2010-06-01,45.18000031
2010-06-02,46.25000000
2010-06-03,46.68999863
2010-06-04,45.09000015
2010-06-07,44.27000046
2010-06-08,44.18999863
2010-06-09,43.81999969
2010-06-10,45.06999969
2010-06-11,45.50000000
2010-06-14,45.49000168
2010-06-15,46.70999908
2010-06-16,46.90000153
2010-06-17,47.04999924
2010-06-18,47.00000000
2010-06-21,46.59999847
2010-06-22,46.24000168
2010-06-23,46.04999924
2010-06-24,45.34999847
2010-06-25,45.27000046
2010-06-28,45.11000061
2010-06-29,43.36999893
2010-06-30,42.70999908
2010-07-01,42.59000015
2010-07-02,42.47000122
2010-07-06,42.59999847
2010-07-07,43.95999908
2010-07-08,44.20000076
2010-07-09,44.61999893
2010-07-12,44.75000000
2010-07-13,45.33000183
2010-07-14,45.56000137
2010-07-15,45.59999847
2010-07-16,44.34000015
2010-07-19,44.72000122
2010-07-20,45.25999832
2010-07-21,44.63999939
2010-07-22,45.77000046
2010-07-23,46.06000137
2010-07-26,46.43999863
2010-07-27,46.41999817
2010-07-28,46.04999924
2010-07-29,45.70999908
2010-07-30,45.81000137
2010-08-02,46.66999817
2010-08-03,46.47000122
2010-08-04,46.93999863
2010-08-05,46.83000183
2010-08-06,46.75999832
2010-08-09,47.08000183
2010-08-10,46.66999817
2010-08-11,45.40000153
2010-08-12,45.04000092
2010-08-13,44.72000122
2010-08-16,44.79999924
2010-08-17,45.36999893
2010-08-18,45.54999924
2010-08-19,44.86000061
2010-08-20,44.91999817
2010-08-23,44.47999954
2010-08-24,43.65000153
2010-08-25,44.06999969
2010-08-26,43.54000092
2010-08-27,44.06999969
2010-08-30,43.61000061
2010-08-31,43.45999908
2010-09-01,44.75999832
2010-09-02,45.25999832
2010-09-03,46.00999832
2010-09-07,45.70000076
2010-09-08,46.25000000
2010-09-09,46.43000031
2010-09-10,46.59999847
2010-09-13,47.25000000
2010-09-14,47.45000076
2010-09-15,47.75000000
2010-09-16,47.93999863
2010-09-17,47.99000168
2010-09-20,48.83000183
2010-09-21,48.81999969
2010-09-22,48.68999863
2010-09-23,48.66999817
2010-09-24,49.65999985
2010-09-27,49.38999939
2010-09-28,49.36999893
2010-09-29,49.29000092
2010-09-30,49.06999969
2010-10-01,49.00999832
2010-10-04,48.47999954
2010-10-05,49.65999985
2010-10-06,49.22999954
2010-10-07,49.40999985
2010-10-08,49.75000000
2010-10-11,49.77000046
2010-10-12,50.11000061
2010-10-13,50.52000046
2010-10-14,50.41999817
2010-10-15,51.49000168
2010-10-18,51.29999924
2010-10-19,50.81999969
2010-10-20,51.18999863
2010-10-21,51.29000092
2010-10-22,51.63999939
2010-10-25,51.88999939
2010-10-26,52.02999878
2010-10-27,52.18999863
2010-10-28,52.29999924
2010-10-29,52.18000031
2010-11-01,52.22000122
2010-11-02,52.77999878
2010-11-03,53.02000046
2010-11-04,53.66999817
2010-11-05,53.66999817
2010-11-08,53.74000168
2010-11-09,53.45000076
2010-11-10,53.72000122
2010-11-11,53.38000107
2010-11-12,52.50999832
2010-11-15,52.31000137
2010-11-16,51.45000076
2010-11-17,51.59999847
2010-11-18,52.43000031
2010-11-19,52.47000122
2010-11-22,52.90999985
2010-11-23,52.06999969
2010-11-24,53.11999893
2010-11-26,52.77000046
2010-11-29,52.72999954
2010-11-30,52.09000015
2010-12-01,53.18999863
2010-12-02,53.72999954
2010-12-03,53.86999893
2010-12-06,53.84999847
2010-12-07,53.88000107
2010-12-08,54.08000183
2010-12-09,54.13000107
2010-12-10,54.49000168
2010-12-13,54.29999924
2010-12-14,54.40000153
2010-12-15,54.15999985
2010-12-16,54.58000183
2010-12-17,54.52000046
2010-12-20,54.56000137
2010-12-21,54.88999939
2010-12-22,54.88000107
2010-12-23,54.74000168
2010-12-27,54.77000046
2010-12-28,54.66999817
2010-12-29,54.79000092
2010-12-30,54.65999985
2010-12-31,54.45999908
2011-01-03,55.31000137
2011-01-04,55.27000046
2011-01-05,55.74000168
2011-01-06,55.91999817
2011-01-07,55.86999893
2011-01-10,56.08000183
2011-01-11,56.15999985
2011-01-12,56.56000137
2011-01-13,56.58000183
2011-01-14,57.00000000
2011-01-18,57.15999985
2011-01-19,56.50999832
2011-01-20,56.11000061
2011-01-21,55.68000031
2011-01-24,56.45000076
2011-01-25,56.52999878
2011-01-26,56.83000183
2011-01-27,57.18000031
2011-01-28,55.72999954
2011-01-31,56.00000000
2011-02-01,57.04999924
2011-02-02,56.95999908
2011-02-03,57.06000137
2011-02-04,57.38000107
2011-02-07,57.65000153
2011-02-08,58.02999878
2011-02-09,57.93000031
2011-02-10,58.02000046
2011-02-11,58.43999863
2011-02-14,58.58000183
2011-02-15,58.50000000
2011-02-16,58.88000107
2011-02-17,58.86000061
2011-02-18,58.72999954
2011-02-22,57.02999878
2011-02-23,56.56000137
2011-02-24,56.86000061
2011-02-25,57.65000153
2011-02-28,57.77000046
2011-03-01,56.84000015
2011-03-02,57.13999939
2011-03-03,58.27000046
2011-03-04,57.97000122
2011-03-07,57.18999863
2011-03-08,57.41999817
2011-03-09,57.02999878
2011-03-10,56.13999939
2011-03-11,56.49000168
2011-03-14,56.29000092
2011-03-15,55.49000168
2011-03-16,54.15000153
2011-03-17,54.65000153
2011-03-18,54.45000076
2011-03-21,55.50000000
2011-03-22,55.40000153
2011-03-23,55.70999908
2011-03-24,56.70000076
2011-03-25,56.84000015
2011-03-28,56.52999878
2011-03-29,57.08000183
2011-03-30,57.34999847
2011-03-31,57.43000031
2011-04-01,57.45999908
2011-04-04,57.27000046
2011-04-05,57.11999893
2011-04-06,57.25999832
2011-04-07,57.22000122
2011-04-08,56.95000076
2011-04-11,56.75999832
2011-04-12,56.36999893
2011-04-13,56.84999847
2011-04-14,56.75000000
2011-04-15,56.65000153
2011-04-18,56.25000000
2011-04-19,56.59999847
2011-04-20,57.88000107
2011-04-21,58.34000015
2011-04-25,58.49000168
2011-04-26,58.81999969
2011-04-27,59.22000122
2011-04-28,59.13000107
2011-04-29,59.08000183
2011-05-02,58.97000122
2011-05-03,58.68999863
2011-05-04,58.59999847
2011-05-05,58.27999878
2011-05-06,58.47000122
2011-05-09,58.68999863
2011-05-10,59.18999863
2011-05-11,58.75999832
2011-05-12,59.11000061
2011-05-13,58.40999985
2011-05-16,57.40000153
2011-05-17,57.56000137
2011-05-18,58.04000092
2011-05-19,58.20999908
2011-05-20,57.77000046
2011-05-23,56.91999817
2011-05-24,56.56999969
2011-05-25,56.79000092
2011-05-26,57.13999939
2011-05-27,57.43000031
2011-05-31,58.36000061
2011-06-01,57.09000015
2011-06-02,57.20999908
2011-06-03,56.34999847
2011-06-06,55.88999939
2011-06-07,55.79000092
2011-06-08,55.38999939
2011-06-09,55.49000168
2011-06-10,54.63999939
2011-06-13,54.63999939
2011-06-14,55.34000015
2011-06-15,54.29000092
2011-06-16,54.08000183
2011-06-17,53.79000092
2011-06-20,54.06999969
2011-06-21,55.22999954
2011-06-22,54.83000183
2011-06-23,55.34000015
2011-06-24,54.38000107
2011-06-27,55.25000000
2011-06-28,56.06999969
2011-06-29,56.29999924
2011-06-30,57.04999924
2011-07-01,57.90999985
2011-07-05,58.20000076
2011-07-06,58.38999939
2011-07-07,59.18999863
2011-07-08,59.02999878
2011-07-11,57.95999908
2011-07-12,57.52000046
2011-07-13,57.75999832
2011-07-14,57.09000015
2011-07-15,57.84999847
2011-07-18,57.54000092
2011-07-19,58.84999847
2011-07-20,58.59999847
2011-07-21,58.99000168
2011-07-22,59.59999847
2011-07-25,59.47999954
2011-07-26,59.63000107
2011-07-27,58.09000015
2011-07-28,58.18999863
2011-07-29,58.00000000
2011-08-01,57.72999954
2011-08-02,56.27000046
2011-08-03,56.81000137
2011-08-04,54.16999817
2011-08-05,53.83000183
2011-08-08,50.59000015
2011-08-09,53.02999878
2011-08-10,50.86000061
2011-08-11,53.09999847
2011-08-12,53.56999969
2011-08-15,54.36000061
2011-08-16,53.90000153
2011-08-17,53.58000183
2011-08-18,50.95000076
2011-08-19,50.02999878
2011-08-22,50.20999908
2011-08-23,52.27999878
2011-08-24,52.68999863
2011-08-25,51.83000183
2011-08-26,53.13000107
2011-08-29,54.61000061
2011-08-30,54.97000122
2011-08-31,55.06000137
2011-09-01,54.56000137
2011-09-02,53.27999878
2011-09-06,53.29000092
2011-09-07,54.63999939
2011-09-08,54.38999939
2011-09-09,53.18000031
2011-09-12,53.86000061
2011-09-13,54.58000183
2011-09-14,55.36000061
2011-09-15,56.18000031
2011-09-16,56.59000015
2011-09-19,56.61000061
2011-09-20,56.36000061
2011-09-21,55.38000107
2011-09-22,53.58000183
2011-09-23,54.15000153
2011-09-26,54.77999878
2011-09-27,55.34999847
2011-09-28,54.52999878
2011-09-29,53.88000107
2011-09-30,52.49000168
2011-10-03,51.13999939
2011-10-04,52.18999863
2011-10-05,53.52999878
2011-10-06,54.43000031
2011-10-07,54.06999969
2011-10-10,55.93999863
2011-10-11,56.31999969
2011-10-12,56.59999847
2011-10-13,57.11999893
2011-10-14,58.18000031
2011-10-17,57.27999878
2011-10-18,57.99000168
2011-10-19,56.86999893
2011-10-20,56.59000015
2011-10-21,57.29999924
2011-10-24,58.49000168
2011-10-25,57.34000015
2011-10-26,57.27000046
2011-10-27,58.84999847
2011-10-28,58.93999863
2011-10-31,57.95000076
2011-11-01,56.43999863
2011-11-02,56.91999817
2011-11-03,58.09999847
2011-11-04,57.79999924
2011-11-07,58.20999908
2011-11-08,58.88000107
2011-11-09,56.81000137
2011-11-10,56.77999878
2011-11-11,57.84999847
2011-11-14,57.49000168
2011-11-15,58.13000107
2011-11-16,57.16999817
2011-11-17,55.83000183
2011-11-18,55.40000153
2011-11-21,54.34000015
2011-11-22,54.52000046
2011-11-23,53.29000092
2011-11-25,52.88000107
2011-11-28,54.72000122
2011-11-29,54.38000107
2011-11-30,56.38999939
2011-12-01,56.77999878
2011-12-02,56.61999893
2011-12-05,57.24000168
2011-12-06,57.08000183
2011-12-07,57.08000183
2011-12-08,56.11999893
2011-12-09,57.02000046
2011-12-12,56.38000107
2011-12-13,55.75999832
2011-12-14,54.88999939
2011-12-15,54.74000168
2011-12-16,54.86000061
2011-12-19,54.31999969
2011-12-20,55.93000031
2011-12-21,55.13000107
2011-12-22,55.59999847
2011-12-23,56.08000183
2011-12-27,56.24000168
2011-12-28,55.59000015
2011-12-29,55.99000168
2011-12-30,55.83000183
2012-01-03,56.90000153
2012-01-04,57.13999939
2012-01-05,57.61000061
2012-01-06,57.81000137
2012-01-09,57.61999893
2012-01-10,58.04000092
2012-01-11,58.15999985
2012-01-12,58.38999939
2012-01-13,58.18000031
2012-01-17,58.70999908
2012-01-18,59.49000168
2012-01-19,59.86000061
2012-01-20,59.77000046
2012-01-23,59.79000092
2012-01-24,59.68000031
2012-01-25,60.43000031
2012-01-26,60.22000122
2012-01-27,60.40000153
2012-01-30,60.45000076
2012-01-31,60.52999878
2012-02-01,61.02000046
2012-02-02,61.20999908
2012-02-03,62.04999924
2012-02-06,62.00000000
2012-02-07,62.13000107
2012-02-08,62.45999908
2012-02-09,62.90999985
2012-02-10,62.47000122
2012-02-13,63.04999924
2012-02-14,63.20999908
2012-02-15,62.77000046
2012-02-16,63.63000107
2012-02-17,63.43000031
2012-02-21,63.61000061
2012-02-22,63.31999969
2012-02-23,63.74000168
2012-02-24,63.95999908
2012-02-27,64.05000305
2012-02-28,64.69999695
2012-02-29,64.41000366
2012-03-01,64.91999817
2012-03-02,64.87000275
2012-03-05,64.19999695
2012-03-06,63.56999969
2012-03-07,64.05999756
2012-03-08,64.75000000
2012-03-09,65.01999664
2012-03-12,65.05000305
2012-03-13,66.26000214
2012-03-14,66.48999786
2012-03-15,66.68000031
2012-03-16,66.51999664
2012-03-19,66.98999786
2012-03-20,67.11000061
2012-03-21,67.12000275
2012-03-22,66.98000336
2012-03-23,66.94000244
2012-03-26,68.11000061
2012-03-27,68.20999908
2012-03-28,67.94000244
2012-03-29,67.68000031
2012-03-30,67.55000305
2012-04-02,68.25000000
2012-04-03,68.23000336
2012-04-04,67.30000305
2012-04-05,67.72000122
2012-04-09,67.20999908
2012-04-10,66.12999725
2012-04-11,66.44999695
2012-04-12,67.20999908
2012-04-13,66.19000244
2012-04-16,65.44999695
2012-04-17,66.77999878
2012-04-18,66.61000061
2012-04-19,65.86000061
2012-04-20,65.68000031
2012-04-23,65.08000183
2012-04-24,64.73000336
2012-04-25,66.44999695
2012-04-26,66.83999634
2012-04-27,67.23999786
2012-04-30,66.76000214
2012-05-01,66.87000275
2012-05-02,67.05999756
2012-05-03,66.34999847
2012-05-04,64.69999695
2012-05-07,64.76000214
2012-05-08,64.51999664
2012-05-09,64.31999969
2012-05-10,64.19000244
2012-05-11,64.18000031
2012-05-14,63.58000183
2012-05-15,63.36999893
2012-05-16,62.93999863
2012-05-17,61.61000061
2012-05-18,60.81000137
2012-05-21,62.50999832
2012-05-22,62.43999863
2012-05-23,62.56000137
2012-05-24,62.15000153
2012-05-25,62.06999969
2012-05-29,62.86000061
2012-05-30,62.33000183
2012-05-31,62.06000137
2012-06-01,60.40999985
2012-06-04,60.86999893
2012-06-05,61.11999893
2012-06-06,62.52000046
2012-06-07,62.27000046
2012-06-08,62.86999893
2012-06-11,61.81000137
2012-06-12,62.56000137
2012-06-13,62.13000107
2012-06-14,62.36000061
2012-06-15,62.99000168
2012-06-18,63.58000183
2012-06-19,64.23999786
2012-06-20,64.29000092
2012-06-21,62.68999863
2012-06-22,63.34999847
2012-06-25,62.13000107
2012-06-26,62.52000046
2012-06-27,62.90000153
2012-06-28,62.20000076
2012-06-29,64.16000366
2012-07-02,64.34999847
2012-07-03,64.88999939
2012-07-05,64.93000031
2012-07-06,64.12000275
2012-07-09,64.00000000
2012-07-10,63.36999893
2012-07-11,63.02000046
2012-07-12,62.43000031
2012-07-13,63.38000107
2012-07-16,63.20000076
2012-07-17,63.52999878
2012-07-18,64.38999939
2012-07-19,65.09999847
2012-07-20,64.23999786
2012-07-23,63.45999908
2012-07-24,62.95999908
2012-07-25,62.54000092
2012-07-26,63.36999893
2012-07-27,64.87000275
2012-07-30,64.81999969
2012-07-31,64.80000305
2012-08-01,64.61000061
2012-08-02,64.37999725
2012-08-03,65.59999847
2012-08-06,66.09999847
2012-08-07,66.65000153
2012-08-08,66.62000275
2012-08-09,66.81999969
2012-08-10,66.86000061
2012-08-13,67.01999664
2012-08-14,67.05000305
2012-08-15,67.22000122
2012-08-16,68.01999664
2012-08-17,68.31999969
2012-08-20,68.41999817
2012-08-21,68.15000153
2012-08-22,68.43000031
2012-08-23,67.87000275
2012-08-24,68.29000092
2012-08-27,68.40000153
2012-08-28,68.40000153
2012-08-29,68.40000153
2012-08-30,67.70999908
2012-08-31,68.16000366
2012-09-04,68.08999634
2012-09-05,68.01999664
2012-09-06,69.52999878
2012-09-07,69.43000031
2012-09-10,68.54000092
2012-09-11,68.43000031
2012-09-12,68.62999725
2012-09-13,69.55999756
2012-09-14,70.18000031
2012-09-17,70.20999908
2012-09-18,70.26999664
2012-09-19,70.40000153
2012-09-20,70.33000183
2012-09-21,70.15000153
2012-09-24,69.73999786
2012-09-25,68.76000214
2012-09-26,68.19999695
2012-09-27,69.13999939
2012-09-28,68.56999969
2012-10-01,68.47000122
2012-10-02,68.66999817
2012-10-03,69.11000061
2012-10-04,69.34999847
2012-10-05,68.98000336
2012-10-08,68.34999847
2012-10-09,67.26000214
2012-10-10,66.91999817
2012-10-11,66.70999908
2012-10-12,66.68000031
2012-10-15,67.16999817
2012-10-16,68.12000275
2012-10-17,68.08000183
2012-10-18,67.29000092
2012-10-19,65.68000031
2012-10-22,66.01999664
2012-10-23,65.38999939
2012-10-24,65.16000366
2012-10-25,65.16000366
2012-10-26,65.34999847
2012-10-31,64.94999695
2012-11-01,65.87000275
2012-11-02,65.16999817
2012-11-05,65.59999847
2012-11-06,65.72000122
2012-11-07,64.16999817
2012-11-08,63.15999985
2012-11-09,63.43000031
2012-11-12,63.41999817
2012-11-13,62.97999954
2012-11-14,62.24000168
2012-11-15,62.02999878
2012-11-16,62.29999924
2012-11-19,63.77999878
2012-11-20,63.79999924
2012-11-21,63.93000031
2012-11-23,64.90000153
2012-11-26,65.18000031
2012-11-27,64.95999908
2012-11-28,65.51999664
2012-11-29,65.91000366
2012-11-30,65.80000305
2012-12-03,65.66999817
2012-12-04,65.62999725
2012-12-05,64.90000153
2012-12-06,65.31999969
2012-12-07,64.93000031
2012-12-10,65.12000275
2012-12-11,65.97000122
2012-12-12,65.83000183
2012-12-13,65.30999756
2012-12-14,64.69000244
2012-12-17,65.55000305
2012-12-18,66.55000305
2012-12-19,66.26000214
2012-12-20,66.26000214
2012-12-21,65.19999695
2012-12-24,65.06999969
2012-12-26,64.50000000
2012-12-27,64.40000153
2012-12-28,63.77999878
2012-12-31,65.12999725
2013-01-02,67.19999695
2013-01-03,66.84999847
2013-01-04,66.62999725
2013-01-07,66.65000153
2013-01-08,66.51999664
2013-01-09,66.76999664
2013-01-10,67.16999817
2013-01-11,67.26000214
2013-01-14,66.95999908
2013-01-15,66.62999725
2013-01-16,66.90000153
2013-01-17,67.22000122
2013-01-18,67.06999969
2013-01-22,67.18000031
2013-01-23,67.58999634
2013-01-24,66.66000366
2013-01-25,67.00000000
2013-01-28,67.15000153
2013-01-29,67.16000366
2013-01-30,67.01999664
2013-01-31,66.87000275
2013-02-01,67.66000366
2013-02-04,66.48000336
2013-02-05,67.45999908
2013-02-06,67.23999786
2013-02-07,67.30000305
2013-02-08,67.98999786
2013-02-11,68.01000214
2013-02-12,67.73000336
2013-02-13,67.97000122
2013-02-14,67.94999695
2013-02-15,67.75000000
2013-02-19,68.23999786
2013-02-20,67.19000244
2013-02-21,66.47000122
2013-02-22,67.13999939
2013-02-25,66.30999756
2013-02-26,66.55999756
2013-02-27,67.23999786
2013-02-28,67.09999847
2013-03-01,67.37999725
2013-03-04,67.68000031
2013-03-05,68.68000031
2013-03-06,68.51000214
2013-03-07,68.69000244
2013-03-08,68.76999664
2013-03-11,68.97000122
2013-03-12,68.72000122
2013-03-13,68.62999725
2013-03-14,68.86000061
2013-03-15,68.51000214
2013-03-18,68.36000061
2013-03-19,68.23000336
2013-03-20,68.70999908
2013-03-21,67.93000031
2013-03-22,68.58999634
2013-03-25,68.33999634
2013-03-26,68.70999908
2013-03-27,68.80000305
2013-03-28,68.97000122
2013-04-01,68.50000000
2013-04-02,69.04000092
2013-04-03,68.41000366
2013-04-04,68.43000031
2013-04-05,67.86000061
2013-04-08,68.22000122
2013-04-09,68.68000031
2013-04-10,70.01999664
2013-04-11,69.98999786
2013-04-12,69.94000244
2013-04-15,68.55999756
2013-04-16,69.47000122
2013-04-17,68.11000061
2013-04-18,67.16999817
2013-04-19,68.08999634
2013-04-22,68.79000092
2013-04-23,69.44999695
2013-04-24,69.41999817
2013-04-25,69.79000092
2013-04-26,69.56999969
2013-04-29,70.20999908
2013-04-30,70.72000122
2013-05-01,70.38999939
2013-05-02,71.27999878
2013-05-03,72.12000275
2013-05-06,72.40000153
2013-05-07,72.36000061
2013-05-08,72.70999908
2013-05-09,72.61000061
2013-05-10,73.05000305
2013-05-13,73.13999939
2013-05-14,73.51999664
2013-05-15,73.66999817
2013-05-16,73.58999634
2013-05-17,74.30000305
2013-05-20,74.19000244
2013-05-21,74.26999664
2013-05-22,73.62000275
2013-05-23,73.44999695
2013-05-24,73.41000366
2013-05-28,73.88999939
2013-05-29,73.54000092
2013-05-30,73.93000031
2013-05-31,73.25000000
2013-06-03,73.37999725
2013-06-04,73.00000000
2013-06-05,72.05000305
2013-06-06,72.40000153
2013-06-07,73.38999939
2013-06-10,73.41999817
2013-06-11,72.69000244
2013-06-12,71.84999847
2013-06-13,72.76000214
2013-06-14,72.27999878
2013-06-17,72.98000336
2013-06-18,73.58000183
2013-06-19,72.76000214
2013-06-20,71.02999878
2013-06-21,70.43000031
2013-06-24,69.73000336
2013-06-25,70.23999786
2013-06-26,70.87000275
2013-06-27,71.16999817
2013-06-28,71.26999664
2013-07-01,71.70999908
2013-07-02,71.73999786
2013-07-03,72.02999878
2013-07-05,72.58000183
2013-07-08,72.65000153
2013-07-09,73.08999634
2013-07-10,73.51000214
2013-07-11,74.97000122
2013-07-12,75.30000305
2013-07-15,75.47000122
2013-07-16,75.37000275
2013-07-17,75.55999756
2013-07-18,75.37000275
2013-07-19,74.58999634
2013-07-22,74.80999756
2013-07-23,74.26000214
2013-07-24,74.50000000
2013-07-25,74.97000122
2013-07-26,75.37000275
2013-07-29,75.23000336
2013-07-30,75.62999725
2013-07-31,75.76999664
2013-08-01,76.54000092
2013-08-02,76.97000122
2013-08-05,77.01999664
2013-08-06,76.55999756
2013-08-07,76.41999817
2013-08-08,76.80000305
2013-08-09,76.48999786
2013-08-12,76.66999817
2013-08-13,77.09999847
2013-08-14,76.80999756
2013-08-15,75.51000214
2013-08-16,75.48000336
2013-08-19,75.34999847
2013-08-20,75.68000031
2013-08-21,75.41999817
2013-08-22,76.16000366
2013-08-23,76.66999817
2013-08-26,76.70999908
2013-08-27,75.13999939
2013-08-28,75.43000031
2013-08-29,75.95999908
2013-08-30,75.47000122
2013-09-03,75.90000153
2013-09-04,76.70999908
2013-09-05,76.83999634
2013-09-06,76.93000031
2013-09-09,77.83000183
2013-09-10,78.20999908
2013-09-11,78.05999756
2013-09-12,78.01000214
2013-09-13,78.05999756
2013-09-16,77.84999847
2013-09-17,78.37000275
2013-09-18,79.30999756
2013-09-19,79.50000000
2013-09-20,78.98999786
2013-09-23,78.83000183
2013-09-24,78.83000183
2013-09-25,78.55999756
2013-09-26,79.16999817
2013-09-27,79.06999969
2013-09-30,78.87999725
2013-10-01,79.68000031
2013-10-02,79.65000153
2013-10-03,78.72000122
2013-10-04,79.40000153
2013-10-07,78.73999786
2013-10-08,77.22000122
2013-10-09,76.98000336
2013-10-10,78.61000061
2013-10-11,79.23000336
2013-10-14,79.79000092
2013-10-15,79.48000336
2013-10-16,80.37999725
2013-10-17,80.83999634
2013-10-18,82.15000153
2013-10-21,82.33000183
2013-10-22,82.44999695
2013-10-23,81.94999695
2013-10-24,82.30999756
2013-10-25,82.90000153
2013-10-28,82.91999817
2013-10-29,83.05999756
2013-10-30,82.98000336
2013-10-31,82.79000092
2013-11-01,82.80999756
2013-11-04,82.93000031
2013-11-05,83.01999664
2013-11-06,83.00000000
2013-11-07,81.44000244
2013-11-08,82.54000092
2013-11-11,82.41000366
2013-11-12,82.54000092
2013-11-13,83.54000092
2013-11-14,83.80000305
2013-11-15,83.95999908
2013-11-18,83.13999939
2013-11-19,82.90000153
2013-11-20,82.69999695
2013-11-21,83.54000092
2013-11-22,83.98999786
2013-11-25,84.19000244
2013-11-26,84.62999725
2013-11-27,85.22000122
2013-11-29,85.73000336
2013-12-02,85.48000336
2013-12-03,85.41000366
2013-12-04,85.48999786
2013-12-05,85.37999725
2013-12-06,86.00000000
2013-12-09,86.34999847
2013-12-10,86.29000092
2013-12-11,85.18000031
2013-12-12,84.95999908
2013-12-13,84.84999847
2013-12-16,85.31999969
2013-12-17,85.15000153
2013-12-18,86.13999939
2013-12-19,85.90000153
2013-12-20,86.50000000
2013-12-23,87.41000366
2013-12-24,87.44999695
2013-12-26,87.73999786
2013-12-27,87.51999664
2013-12-30,87.38999939
2013-12-31,87.95999908
2014-01-02,87.26999664
2014-01-03,86.63999939
2014-01-06,86.31999969
2014-01-07,87.12000275
2014-01-08,87.30999756
2014-01-09,87.01999664
2014-01-10,87.30000305
2014-01-13,86.01000214
2014-01-14,87.65000153
2014-01-15,88.37000275
2014-01-16,88.37999725
2014-01-17,87.87999725
2014-01-21,88.55000305
2014-01-22,88.77999878
2014-01-23,88.48000336
2014-01-24,86.73999786
2014-01-27,85.90000153
2014-01-28,85.84999847
2014-01-29,84.93000031
2014-01-30,86.50000000
2014-01-31,86.26999664
2014-02-03,84.29000092
2014-02-04,84.91000366
2014-02-05,84.69000244
2014-02-06,85.76999664
2014-02-07,87.30000305
2014-02-10,87.80000305
2014-02-11,88.80000305
2014-02-12,88.97000122
2014-02-13,89.62999725
2014-02-14,89.80999756
2014-02-18,90.25000000
2014-02-19,89.62999725
2014-02-20,90.05000305
2014-02-21,89.93000031
2014-02-24,90.41000366
2014-02-25,90.30999756
2014-02-26,90.23000336
2014-02-27,90.44000244
2014-02-28,90.33999634
2014-03-03,89.66999817
2014-03-04,90.80999756
2014-03-05,91.05999756
2014-03-06,90.98000336
2014-03-07,90.52999878
2014-03-10,90.61000061
2014-03-11,90.22000122
2014-03-12,90.55999756
2014-03-13,89.27999878
2014-03-14,88.66999817
2014-03-17,89.44999695
2014-03-18,90.52999878
2014-03-19,90.04000092
2014-03-20,90.29000092
2014-03-21,89.00000000
2014-03-24,88.22000122
2014-03-25,88.51000214
2014-03-26,87.37000275
2014-03-27,86.87999725
2014-03-28,87.05000305
2014-03-31,87.66999817
2014-04-01,89.20999908
2014-04-02,89.44000244
2014-04-03,88.73000336
2014-04-04,86.37000275
2014-04-07,85.55000305
2014-04-08,86.33999634
2014-04-09,87.81999969
2014-04-10,85.09999847
2014-04-11,84.11000061
2014-04-14,84.76999664
2014-04-15,85.05000305
2014-04-16,86.18000031
2014-04-17,86.19999695
2014-04-21,86.83999634
2014-04-22,87.52999878
2014-04-23,86.76000214
2014-04-24,87.58999634
2014-04-25,86.19000244
2014-04-28,86.47000122
2014-04-29,87.16000366
2014-04-30,87.38999939
2014-05-01,87.65000153
2014-05-02,87.48999786
2014-05-05,87.94999695
2014-05-06,86.80999756
2014-05-07,86.55999756
2014-05-08,86.48000336
2014-05-09,86.80000305
2014-05-12,88.23000336
2014-05-13,88.29000092
2014-05-14,87.83000183
2014-05-15,87.13999939
2014-05-16,87.70999908
2014-05-19,88.31999969
2014-05-20,88.00000000
2014-05-21,88.83999634
2014-05-22,89.23000336
2014-05-23,89.87999725
2014-05-27,91.00000000
2014-05-28,90.72000122
2014-05-29,91.30000305
2014-05-30,91.30999756
2014-06-02,91.22000122
2014-06-03,91.18000031
2014-06-04,91.51999664
2014-06-05,92.29000092
2014-06-06,92.81999969
2014-06-09,92.75000000
2014-06-10,92.91000366
2014-06-11,92.88999939
2014-06-12,92.05000305
2014-06-13,92.31999969
2014-06-16,92.40000153
2014-06-17,92.44999695
2014-06-18,92.97000122
2014-06-19,92.91000366
2014-06-20,92.76999664
2014-06-23,92.79000092
2014-06-24,92.69999695
2014-06-25,93.29000092
2014-06-26,93.33999634
2014-06-27,93.75000000
2014-06-30,93.91000366
2014-07-01,94.94000244
2014-07-02,95.09999847
2014-07-03,95.69999695
2014-07-07,95.41000366
2014-07-08,94.26000214
2014-07-09,94.95999908
2014-07-10,94.66000366
2014-07-11,95.26999664
2014-07-14,95.83999634
2014-07-15,95.51000214
2014-07-16,95.88999939
2014-07-17,94.62000275
2014-07-18,96.12000275
2014-07-21,96.00000000
2014-07-22,96.61000061
2014-07-23,97.23000336
2014-07-24,97.12000275
2014-07-25,96.73999786
2014-07-28,96.76999664
2014-07-29,96.59999847
2014-07-30,96.98000336
2014-07-31,95.01999664
2014-08-01,94.66999817
2014-08-04,95.31999969
2014-08-05,94.58999634
2014-08-06,94.51999664
2014-08-07,94.22000122
2014-08-08,94.90000153
2014-08-11,95.45999908
2014-08-12,95.41999817
2014-08-13,96.43000031
2014-08-14,96.93000031
2014-08-15,97.40000153
2014-08-18,98.15000153
2014-08-19,98.69999695
2014-08-20,98.69999695
2014-08-21,98.90000153
2014-08-22,99.05000305
2014-08-25,99.40000153
2014-08-26,99.50000000
2014-08-27,99.51999664
2014-08-28,99.41000366
2014-08-29,99.77999878
2014-09-02,100.06999969
2014-09-03,99.48000336
2014-09-04,99.38999939
2014-09-05,99.88999939
2014-09-08,100.08000183
2014-09-09,99.25000000
2014-09-10,100.06999969
2014-09-11,99.98999786
2014-09-12,99.48000336
2014-09-15,98.51999664
2014-09-16,99.37999725
2014-09-17,99.52999878
2014-09-18,100.27999878
2014-09-19,99.98000336
2014-09-22,99.05000305
2014-09-23,98.77999878
2014-09-24,99.83999634
2014-09-25,97.73999786
2014-09-26,98.77999878
2014-09-29,98.65000153
2014-09-30,98.79000092
2014-10-01,97.20999908
2014-10-02,97.20999908
2014-10-03,98.16999817
2014-10-06,97.95999908
2014-10-07,96.56999969
2014-10-08,98.44999695
2014-10-09,96.86000061
2014-10-10,94.44000244
2014-10-13,92.95999908
2014-10-14,92.97000122
2014-10-15,92.37000275
2014-10-16,91.79000092
2014-10-17,93.00000000
2014-10-20,94.38999939
2014-10-21,96.87000275
2014-10-22,96.37000275
2014-10-23,97.81999969
2014-10-24,98.62000275
2014-10-27,98.69000244
2014-10-28,100.18000031
2014-10-29,99.80999756
2014-10-30,100.01999664
2014-10-31,101.40000153
2014-11-03,101.69999695
2014-11-04,101.36000061
2014-11-05,101.37000275
2014-11-06,101.69000244
2014-11-07,101.59999847
2014-11-10,101.95999908
2014-11-11,102.27999878
2014-11-12,102.45999908
2014-11-13,102.90000153
2014-11-14,103.22000122
2014-11-17,102.91000366
2014-11-18,103.68000031
2014-11-19,103.20999908
2014-11-20,103.66999817
2014-11-21,103.87000275
2014-11-24,104.68000031
2014-11-25,104.83999634
2014-11-26,105.51999664
2014-11-28,106.01000214
2014-12-01,104.80999756
2014-12-02,105.23000336
2014-12-03,105.41999817
2014-12-04,105.37000275
2014-12-05,105.37999725
2014-12-08,104.62999725
2014-12-09,104.95999908
2014-12-10,103.30999756
2014-12-11,103.80000305
2014-12-12,102.66999817
2014-12-15,101.61000061
2014-12-16,99.98000336
2014-12-17,101.80000305
2014-12-18,104.25000000
2014-12-19,104.31999969
2014-12-22,104.58000183
2014-12-23,104.20999908
2014-12-24,104.30000305
2014-12-26,105.04000092
2014-12-29,105.01999664
2014-12-30,104.31999969
2014-12-31,103.25000000
2015-01-02,102.94000244
2015-01-05,101.43000031
2015-01-06,100.06999969
2015-01-07,101.36000061
2015-01-08,103.30000305
2015-01-09,102.62000275
2015-01-12,101.55000305
2015-01-13,101.51999664
2015-01-14,100.95999908
2015-01-15,99.65000153
2015-01-16,100.81999969
2015-01-20,101.62000275
2015-01-21,102.13999939
2015-01-22,104.02999878
2015-01-23,104.26000214
2015-01-26,104.13999939
2015-01-27,101.44000244
2015-01-28,100.91999817
2015-01-29,101.88999939
2015-01-30,101.09999847
2015-02-02,101.98000336
2015-02-03,102.95999908
2015-02-04,102.87000275
2015-02-05,103.76000214
2015-02-06,103.12999725
2015-02-09,102.80000305
2015-02-10,104.40000153
2015-02-11,104.77999878
2015-02-12,106.00000000
2015-02-13,106.91000366
2015-02-17,107.01000214
2015-02-18,107.16000366
2015-02-19,107.69000244
2015-02-20,108.41000366
2015-02-23,108.51999664
2015-02-24,108.59999847
2015-02-25,108.33000183
2015-02-26,108.87999725
2015-02-27,108.40000153
2015-03-02,109.37999725
2015-03-03,108.87000275
2015-03-04,108.44999695
2015-03-05,108.63999939
2015-03-06,107.41000366
2015-03-09,107.72000122
2015-03-10,105.72000122
2015-03-11,105.11000061
2015-03-12,105.80000305
2015-03-13,105.33999634
2015-03-16,106.69999695
2015-03-17,106.87000275
2015-03-18,107.91999817
2015-03-19,108.08000183
2015-03-20,108.52999878
2015-03-23,108.31999969
2015-03-24,107.93000031
2015-03-25,105.45999908
2015-03-26,105.09999847
2015-03-27,105.51999664
2015-03-30,106.73000336
2015-03-31,105.59999847
2015-04-01,105.05000305
2015-04-02,105.12000275
2015-04-06,105.98000336
2015-04-07,105.80000305
2015-04-08,106.63999939
2015-04-09,107.30999756
2015-04-10,107.75000000
2015-04-13,107.48000336
2015-04-14,107.16999817
2015-04-15,107.83999634
2015-04-16,107.69000244
2015-04-17,106.01000214
2015-04-20,107.59999847
2015-04-21,108.05999756
2015-04-22,108.65000153
2015-04-23,109.05999756
2015-04-24,110.54000092
2015-04-27,110.26000214
2015-04-28,110.04000092
2015-04-29,109.34999847
2015-04-30,107.62999725
2015-05-01,109.05000305
2015-05-04,109.23000336
2015-05-05,107.44999695
2015-05-06,106.70999908
2015-05-07,107.34999847
2015-05-08,108.69000244
2015-05-11,108.26999664
2015-05-12,107.77999878
2015-05-13,108.00000000
2015-05-14,109.58000183
2015-05-15,109.58000183
2015-05-18,110.05999756
2015-05-19,109.94000244
2015-05-20,110.01000214
2015-05-21,110.58000183
2015-05-22,110.47000122
2015-05-26,109.19999695
2015-05-27,110.95999908
2015-05-28,110.70999908
2015-05-29,110.05000305
2015-06-01,110.41999817
2015-06-02,110.06999969
2015-06-03,110.40000153
2015-06-04,109.55999756
2015-06-05,109.30000305
2015-06-08,108.19000244
2015-06-09,108.01000214
2015-06-10,109.48999786
2015-06-11,109.65000153
2015-06-12,108.75000000
2015-06-15,108.20999908
2015-06-16,108.80000305
2015-06-17,109.09999847
2015-06-18,110.69000244
2015-06-19,109.88999939
2015-06-22,110.69999695
2015-06-23,110.79000092
2015-06-24,110.22000122
2015-06-25,110.00000000
2015-06-26,109.26999664
2015-06-29,106.69000244
2015-06-30,107.06999969
2015-07-01,107.91999817
2015-07-02,107.94999695
2015-07-06,107.69999695
2015-07-07,107.97000122
2015-07-08,106.08999634
2015-07-09,106.02999878
2015-07-10,107.65000153
2015-07-13,109.54000092
2015-07-14,110.26000214
2015-07-15,110.37999725
2015-07-16,111.94000244
2015-07-17,113.58999634
2015-07-20,113.98000336
2015-07-21,113.91000366
2015-07-22,112.62000275
2015-07-23,112.19999695
2015-07-24,111.09999847
2015-07-27,110.18000031
2015-07-28,111.12999725
2015-07-29,111.55000305
2015-07-30,112.08000183
2015-07-31,111.94999695
2015-08-03,111.59999847
2015-08-04,111.38999939
2015-08-05,112.25000000
2015-08-06,110.44999695
2015-08-07,110.30999756
2015-08-10,111.56999969
2015-08-11,110.13999939
2015-08-12,110.51999664
2015-08-13,110.33999634
2015-08-14,110.51000214
2015-08-17,111.43000031
2015-08-18,110.86000061
2015-08-19,110.12999725
2015-08-20,107.08000183
2015-08-21,102.40000153
2015-08-24,98.45999908
2015-08-25,98.08999634
2015-08-26,103.02999878
2015-08-27,105.63999939
2015-08-28,105.62000275
2015-08-31,104.30999756
2015-09-01,101.05000305
2015-09-02,103.90000153
2015-09-03,103.38999939
2015-09-04,102.16000366
2015-09-08,105.04000092
2015-09-09,103.86000061
2015-09-10,104.98999786
2015-09-11,105.56999969
2015-09-14,105.25000000
2015-09-15,106.48999786
2015-09-16,107.08999634
2015-09-17,107.12999725
2015-09-18,105.34999847
2015-09-21,105.68000031
2015-09-22,104.09999847
2015-09-23,104.18000031
2015-09-24,103.80000305
2015-09-25,102.91999817
2015-09-28,99.98999786
2015-09-29,99.47000122
2015-09-30,101.76000214
2015-10-01,102.22000122
2015-10-02,104.01000214
2015-10-05,105.50000000
2015-10-06,105.00000000
2015-10-07,105.62999725
2015-10-08,106.05000305
2015-10-09,106.52999878
2015-10-12,106.79000092
2015-10-13,106.09999847
2015-10-14,105.93000031
2015-10-15,107.66999817
2015-10-16,108.12000275
2015-10-19,108.73999786
2015-10-20,108.18000031
2015-10-21,107.51999664
2015-10-22,109.70999908
2015-10-23,112.77999878
2015-10-26,112.84999847
2015-10-27,113.08000183
2015-10-28,114.01999664
2015-10-29,113.83999634
2015-10-30,113.33000183
2015-11-02,114.61000061
2015-11-03,115.01000214
2015-11-04,115.01999664
2015-11-05,114.70999908
2015-11-06,114.79000092
2015-11-09,113.56999969
2015-11-10,113.27999878
2015-11-11,113.13999939
2015-11-12,112.04000092
2015-11-13,109.83999634
2015-11-16,111.41999817
2015-11-17,111.48999786
2015-11-18,113.62999725
2015-11-19,113.70999908
2015-11-20,114.48000336
2015-11-23,114.15000153
2015-11-24,114.05000305
2015-11-25,114.15000153
2015-11-27,114.30999756
2015-11-30,114.01999664
2015-12-01,115.16000366
2015-12-02,114.44999695
2015-12-03,112.51000214
2015-12-04,115.13999939
2015-12-07,114.62000275
2015-12-08,114.62999725
2015-12-09,112.88999939
2015-12-10,113.40000153
2015-12-11,110.79000092
2015-12-14,111.62999725
2015-12-15,112.30999756
2015-12-16,113.98000336
2015-12-17,112.31999969
2015-12-18,109.83000183
2015-12-21,111.05000305
2015-12-22,111.77999878
2015-12-23,112.61000061
2015-12-24,112.58999634
2015-12-28,112.52999878
2015-12-29,114.30000305
2015-12-30,113.26999664
2015-12-31,111.86000061
2016-01-04,109.50000000
2016-01-05,109.30999756
2016-01-06,108.26000214
2016-01-07,104.87000275
2016-01-08,104.01000214
2016-01-11,104.33000183
2016-01-12,105.54000092
2016-01-13,101.90000153
2016-01-14,104.06999969
2016-01-15,100.83999634
2016-01-19,101.05999756
2016-01-20,100.75000000
2016-01-21,100.84999847
2016-01-22,103.76999664
2016-01-25,102.23000336
2016-01-26,103.15000153
2016-01-27,100.58000183
2016-01-28,102.00000000
2016-01-29,104.12999725
2016-02-01,104.41000366
2016-02-02,102.15000153
2016-02-03,101.66000366
2016-02-04,101.65000153
2016-02-05,98.12000275
2016-02-08,96.62000275
2016-02-09,96.31999969
2016-02-10,96.69000244
2016-02-11,96.55000305
2016-02-12,98.01999664
2016-02-16,100.23000336
2016-02-17,102.50000000
2016-02-18,101.33000183
2016-02-19,101.62999725
2016-02-22,103.27999878
2016-02-23,101.58000183
2016-02-24,102.55000305
2016-02-25,103.55999756
2016-02-26,103.43000031
2016-02-29,102.50000000
2016-03-01,105.79000092
2016-03-02,105.83000183
2016-03-03,105.62999725
2016-03-04,105.66999817
2016-03-07,105.01999664
2016-03-08,104.15000153
2016-03-09,104.81999969
2016-03-10,104.66000366
2016-03-11,106.48999786
2016-03-14,106.66999817
2016-03-15,106.62999725
2016-03-16,107.58000183
2016-03-17,107.51999664
2016-03-18,107.37000275
2016-03-21,107.79000092
2016-03-22,108.12000275
2016-03-23,107.23000336
2016-03-24,107.26000214
2016-03-28,107.11000061
2016-03-29,108.83000183
2016-03-30,109.36000061
2016-03-31,109.19999695
2016-04-01,110.36000061
2016-04-04,109.94000244
2016-04-05,108.87999725
2016-04-06,110.66999817
2016-04-07,109.08000183
2016-04-08,109.00000000
2016-04-11,108.59999847
2016-04-12,109.51000214
2016-04-13,110.91000366
2016-04-14,110.91999817
2016-04-15,110.63999939
2016-04-18,111.23000336
2016-04-19,110.55000305
2016-04-20,110.63999939
2016-04-21,110.65000153
2016-04-22,108.98000336
2016-04-25,108.98000336
2016-04-26,108.44999695
2016-04-27,107.58000183
2016-04-28,106.27999878
2016-04-29,105.72000122
2016-05-02,106.72000122
2016-05-03,105.73000336
2016-05-04,105.05000305
2016-05-05,105.01999664
2016-05-06,105.58000183
2016-05-09,105.87999725
2016-05-10,107.33000183
2016-05-11,106.36000061
2016-05-12,105.88999939
2016-05-13,105.50000000
2016-05-16,106.81999969
2016-05-17,105.48000336
2016-05-18,105.86000061
2016-05-19,105.30999756
2016-05-20,106.47000122
2016-05-23,106.33000183
2016-05-24,108.45999908
2016-05-25,109.23999786
2016-05-26,109.55999756
2016-05-27,110.12999725
2016-05-31,110.33999634
2016-06-01,110.34999847
2016-06-02,110.58000183
2016-06-03,110.05999756
2016-06-06,110.45999908
2016-06-07,110.18000031
2016-06-08,110.37000275
2016-06-09,110.19000244
2016-06-10,108.94000244
2016-06-13,108.02999878
2016-06-14,108.02999878
2016-06-15,107.72000122
2016-06-16,108.04000092
2016-06-17,106.48999786
2016-06-20,107.16000366
2016-06-21,107.50000000
2016-06-22,107.23999786
2016-06-23,108.76999664
2016-06-24,104.29000092
2016-06-27,102.22000122
2016-06-28,104.45999908
2016-06-29,106.30999756
2016-06-30,107.54000092
2016-07-01,108.08000183
2016-07-05,107.41999817
2016-07-06,108.30000305
2016-07-07,108.62000275
2016-07-08,110.30000305
2016-07-11,110.93000031
2016-07-12,111.48999786
2016-07-13,111.22000122
2016-07-14,111.98000336
2016-07-15,111.80000305
2016-07-18,112.54000092
2016-07-19,112.12999725
2016-07-20,113.44000244
2016-07-21,113.18000031
2016-07-22,113.65000153
2016-07-25,113.66000366
2016-07-26,113.79000092
2016-07-27,114.58000183
2016-07-28,114.98000336
2016-07-29,115.23000336
2016-08-01,115.83999634
2016-08-02,114.95999908
2016-08-03,115.33999634
2016-08-04,115.66999817
2016-08-05,116.77999878
2016-08-08,116.65000153
2016-08-09,116.91999817
2016-08-10,116.62000275
2016-08-11,117.12000275
2016-08-12,117.19999695
2016-08-15,117.69999695
2016-08-16,117.05000305
2016-08-17,117.26000214
2016-08-18,117.29000092
2016-08-19,117.26000214
2016-08-22,117.34999847
2016-08-23,117.55999756
2016-08-24,116.80000305
2016-08-25,116.61000061
2016-08-26,116.77999878
2016-08-29,116.94000244
2016-08-30,116.55999756
2016-08-31,116.44000244
2016-09-01,116.73999786
2016-09-02,117.12000275
2016-09-06,117.84999847
2016-09-07,117.91999817
2016-09-08,117.23000336
2016-09-09,114.27999878
2016-09-12,116.33000183
2016-09-13,115.29000092
2016-09-14,115.83999634
2016-09-15,117.63999939
2016-09-16,117.29000092
2016-09-19,116.77999878
2016-09-20,117.00000000
2016-09-21,118.15000153
2016-09-22,119.08999634
2016-09-23,118.33000183
2016-09-26,117.33999634
2016-09-27,118.50000000
2016-09-28,118.69999695
2016-09-29,117.83999634
2016-09-30,118.72000122
2016-10-03,118.55000305
2016-10-04,118.37000275
2016-10-05,118.79000092
2016-10-06,118.73000336
2016-10-07,118.47000122
2016-10-10,119.22000122
2016-10-11,117.51999664
2016-10-12,117.41999817
2016-10-13,117.00000000
2016-10-14,117.13999939
2016-10-17,116.81999969
2016-10-18,117.86000061
2016-10-19,117.84999847
2016-10-20,117.70999908
2016-10-21,118.15000153
2016-10-24,119.56999969
2016-10-25,119.19000244
2016-10-26,118.37999725
2016-10-27,117.83999634
2016-10-28,117.09999847
2016-10-31,116.98999786
2016-11-01,116.11000061
2016-11-02,115.18000031
2016-11-03,114.05000305
2016-11-04,113.65000153
2016-11-07,116.34999847
2016-11-08,117.11000061
2016-11-09,117.65000153
2016-11-10,115.75000000
2016-11-11,115.80000305
2016-11-14,114.62999725
2016-11-15,116.22000122
2016-11-16,116.91000366
2016-11-17,117.76000214
2016-11-18,117.31999969
2016-11-21,118.54000092
2016-11-22,118.90000153
2016-11-23,118.41999817
2016-11-25,118.80000305
2016-11-28,118.52999878
2016-11-29,118.94000244
2016-11-30,117.50000000
2016-12-01,115.47000122
2016-12-02,115.69999695
2016-12-05,116.59999847
2016-12-06,116.87999725
2016-12-07,118.36000061
2016-12-08,118.56999969
2016-12-09,119.50000000
2016-12-12,118.95999908
2016-12-13,120.45999908
2016-12-14,120.20999908
2016-12-15,120.40000153
2016-12-16,119.59999847
2016-12-19,120.08999634
2016-12-20,120.55000305
2016-12-21,120.45999908
2016-12-22,120.12000275
2016-12-23,120.19999695
2016-12-27,120.81999969
2016-12-28,119.87999725
2016-12-29,119.70999908
2016-12-30,118.48000336
2017-01-03,119.54000092
2017-01-04,120.19000244
2017-01-05,120.87000275
2017-01-06,121.93000031
2017-01-09,122.33000183
2017-01-10,122.59999847
2017-01-11,122.93000031
2017-01-12,122.73999786
2017-01-13,123.16000366
2017-01-17,122.79000092
2017-01-18,123.04000092
2017-01-19,122.98000336
2017-01-20,123.25000000
2017-01-23,123.34999847
2017-01-24,124.18000031
2017-01-25,125.43000031
2017-01-26,125.55999756
2017-01-27,125.80000305
2017-01-30,124.81999969
2017-01-31,124.56999969
2017-02-01,125.43000031
2017-02-02,125.31999969
2017-02-03,125.68000031
2017-02-06,125.83000183
2017-02-07,126.29000092
2017-02-08,126.50000000
2017-02-09,126.95999908
2017-02-10,127.37999725
2017-02-13,128.10000610
2017-02-14,128.52999878
2017-02-15,129.28999329
2017-02-16,129.25000000
2017-02-17,129.80999756
2017-02-21,130.44999695
2017-02-22,130.50000000
2017-02-23,130.00999451
2017-02-24,130.25999451
2017-02-27,130.41999817
2017-02-28,130.02000427
2017-03-01,131.44000244
2017-03-02,130.77999878
2017-03-03,131.02000427
2017-03-06,130.72999573
2017-03-07,130.50999451
2017-03-08,130.74000549
2017-03-09,130.83999634
2017-03-10,131.38999939
2017-03-13,131.61000061
2017-03-14,131.28999329
2017-03-15,132.10000610
2017-03-16,132.00999451
2017-03-17,131.69000244
2017-03-20,131.80999756
2017-03-21,129.80999756
2017-03-22,130.69000244
2017-03-23,130.36000061
2017-03-24,130.63000488
2017-03-27,130.83999634
2017-03-28,131.63999939
2017-03-29,132.25000000
2017-03-30,132.47000122
2017-03-31,132.38000488
2017-04-03,132.30000305
2017-04-04,132.50999451
2017-04-05,131.97000122
2017-04-06,132.03999329
2017-04-07,131.97000122
2017-04-10,132.02000427
2017-04-11,131.44999695
2017-04-12,130.91999817
2017-04-13,130.39999390
2017-04-17,131.47999573
2017-04-18,131.27999878
2017-04-19,131.49000549
2017-04-20,132.58999634
2017-04-21,132.55999756
2017-04-24,134.16000366
2017-04-25,135.13000488
2017-04-26,134.94000244
2017-04-27,135.75000000
2017-04-28,135.99000549
2017-05-01,137.19999695
2017-05-02,137.42999268
2017-05-03,136.99000549
2017-05-04,137.03999329
2017-05-05,137.53999329
2017-05-08,137.83999634
2017-05-09,138.32000732
2017-05-10,138.39999390
2017-05-11,138.28999329
2017-05-12,138.60000610
2017-05-15,139.03999329
2017-05-16,139.61999512
2017-05-17,136.07000732
2017-05-18,137.25999451
2017-05-19,137.83999634
2017-05-22,139.00000000
2017-05-23,139.13999939
2017-05-24,139.77999878
2017-05-25,140.97000122
2017-05-26,141.22000122
2017-05-30,141.33999634
2017-05-31,141.28999329
2017-06-01,141.83999634
2017-06-02,143.46000671
2017-06-05,143.42999268
2017-06-06,142.86000061
2017-06-07,143.41999817
2017-06-08,143.57000732
2017-06-09,139.97999573
2017-06-12,139.22999573
2017-06-13,140.36000061
2017-06-14,139.75000000
2017-06-15,139.13000488
2017-06-16,138.14999390
2017-06-19,140.46000671
2017-06-20,139.36000061
2017-06-21,140.74000549
2017-06-22,140.69999695
2017-06-23,141.24000549
2017-06-26,140.58000183
2017-06-27,138.02999878
2017-06-28,140.02000427
2017-06-29,137.58999634
2017-06-30,137.63999939
2017-07-03,136.19000244
2017-07-05,137.52999878
2017-07-06,136.28999329
2017-07-07,137.75999451
2017-07-10,138.66000366
2017-07-11,139.05000305
2017-07-12,140.69999695
2017-07-13,141.00999451
2017-07-14,142.11999512
2017-07-17,142.19000244
2017-07-18,143.13999939
2017-07-19,143.97999573
2017-07-20,144.16999817
2017-07-21,144.11000061
2017-07-24,144.77000427
2017-07-25,144.39999390
2017-07-26,144.86999512
2017-07-27,143.96000671
2017-07-28,143.83999634
2017-07-31,143.22999573
2017-08-01,143.55999756
2017-08-02,143.94999695
2017-08-03,143.38999939
2017-08-04,143.64999390
2017-08-07,144.55999756
2017-08-08,144.30999756
2017-08-09,144.11999512
2017-08-10,141.02999878
2017-08-11,142.10000610
2017-08-14,143.92999268
2017-08-15,144.02999878
2017-08-16,144.27999878
2017-08-17,141.33000183
2017-08-18,141.22999573
2017-08-21,141.05000305
2017-08-22,143.19999695
2017-08-23,142.69000244
2017-08-24,142.27000427
2017-08-25,141.97000122
2017-08-28,142.41000366
2017-08-29,142.97000122
2017-08-30,144.64999390
2017-08-31,146.19999695
2017-09-01,146.00000000
2017-09-05,144.69000244
2017-09-06,145.13000488
2017-09-07,145.47000122
2017-09-08,144.21000671
2017-09-11,145.86999512
2017-09-12,146.22000122
2017-09-13,146.41999817
2017-09-14,145.55999756
2017-09-15,146.05999756
2017-09-18,145.55000305
2017-09-19,145.80000305
2017-09-20,145.35000610
2017-09-21,144.46000671
2017-09-22,144.32000732
2017-09-25,142.80000305
2017-09-26,143.16999817
2017-09-27,144.46000671
2017-09-28,144.41000366
2017-09-29,145.44999695
2017-10-02,145.58000183
2017-10-03,145.88999939
2017-10-04,146.02999878
2017-10-05,147.46000671
2017-10-06,147.66000366
2017-10-09,147.49000549
2017-10-10,147.60000610
2017-10-11,148.03999329
2017-10-12,147.77000427
2017-10-13,148.33999634
2017-10-16,148.85000610
2017-10-17,149.03999329
2017-10-18,148.86000061
2017-10-19,148.30999756
2017-10-20,148.71000671
2017-10-23,147.74000549
2017-10-24,147.99000549
2017-10-25,147.42999268
2017-10-26,146.96000671
2017-10-27,151.24000549
2017-10-30,151.58000183
2017-10-31,152.14999390
2017-11-01,152.10000610
2017-11-02,151.80999756
2017-11-03,153.27000427
2017-11-06,153.78999329
2017-11-07,153.88000488
2017-11-08,154.50000000
2017-11-09,153.69000244
2017-11-10,153.67999268
2017-11-13,153.86999512
2017-11-14,153.30999756
2017-11-15,152.58999634
2017-11-16,154.53999329
2017-11-17,153.94999695
2017-11-20,153.83000183
2017-11-21,155.50000000
2017-11-22,155.69000244
2017-11-24,156.25999451
2017-11-27,156.19000244
2017-11-28,156.58999634
2017-11-29,153.86000061
2017-11-30,155.14999390
2017-12-01,154.49000549
2017-12-04,152.71000671
2017-12-05,152.80999756
2017-12-06,153.50000000
2017-12-07,154.02000427
2017-12-08,154.69999695
2017-12-11,155.89999390
2017-12-12,155.69000244
2017-12-13,155.99000549
2017-12-14,155.88000488
2017-12-15,157.64999390
2017-12-18,158.63999939
2017-12-19,157.69999695
2017-12-20,157.52999878
2017-12-21,157.55000305
2017-12-22,157.36999512
2017-12-26,156.52000427
2017-12-27,156.53999329
2017-12-28,156.72999573
2017-12-29,155.75999451
2018-01-02,158.49000549
2018-01-03,160.02999878
2018-01-04,160.30999756
2018-01-05,161.91999817
2018-01-08,162.55000305
2018-01-09,162.55999756
2018-01-10,162.17999268
2018-01-11,163.28999329
2018-01-12,164.49000549
2018-01-16,164.02000427
2018-01-17,165.78999329
2018-01-18,165.82000732
2018-01-19,166.33999634
2018-01-22,168.11999512
2018-01-23,169.50999451
2018-01-24,168.41000366
2018-01-25,168.35000610
2018-01-26,170.92999268
2018-01-29,170.10000610
2018-01-30,168.69999695
2018-01-31,169.39999390
2018-02-01,167.96000671
2018-02-02,164.61000061
2018-02-05,158.11999512
2018-02-06,162.30999756
2018-02-07,160.21000671
2018-02-08,153.44999695
2018-02-09,156.10000610
2018-02-12,158.86999512
2018-02-13,159.69000244
2018-02-14,162.67999268
2018-02-15,165.69999695
2018-02-16,164.96000671
2018-02-20,165.28999329
2018-02-21,164.82000732
2018-02-22,164.80000305
2018-02-23,168.16999817
2018-02-26,170.39999390
2018-02-27,168.28999329
2018-02-28,167.21000671
2018-03-01,164.47999573
2018-03-02,165.99000549
2018-03-05,167.83000183
2018-03-06,168.53999329
2018-03-07,168.92999268
2018-03-08,169.86000061
2018-03-09,173.16000366
2018-03-12,174.08000183
2018-03-13,171.71000671
2018-03-14,171.67999268
2018-03-15,171.52999878
2018-03-16,171.02000427
2018-03-19,167.10000610
2018-03-20,167.64999390
2018-03-21,166.91999817
2018-03-22,162.80000305
2018-03-23,158.50999451
2018-03-26,164.39999390
2018-03-27,159.08000183
2018-03-28,157.25000000
2018-03-29,160.13000488
2018-04-02,155.50999451
2018-04-03,157.25999451
2018-04-04,159.74000549
2018-04-05,160.64999390
2018-04-06,156.63000488
2018-04-09,157.72999573
2018-04-10,161.21000671
2018-04-11,160.27999878
2018-04-12,162.21000671
2018-04-13,161.36999512
2018-04-16,162.60000610
2018-04-17,166.10000610
2018-04-18,166.44000244
2018-04-19,164.91000366
2018-04-20,162.30000305
2018-04-23,161.88999939
2018-04-24,158.46000671
2018-04-25,158.64999390
2018-04-26,161.99000549
2018-04-27,162.08999634
2018-04-30,160.94000244
2018-05-01,162.77999878
2018-05-02,161.82000732
2018-05-03,161.80000305
2018-05-04,164.86999512
2018-05-07,166.24000549
2018-05-08,166.07000732
2018-05-09,167.88000488
2018-05-10,169.61999512
2018-05-11,169.46000671
2018-05-14,169.75000000
2018-05-15,167.86999512
2018-05-16,168.97999573
2018-05-17,168.33000183
2018-05-18,167.46000671
2018-05-21,168.39999390
2018-05-22,168.17999268
2018-05-23,169.60000610
2018-05-24,169.55000305
2018-05-25,169.72000122
2018-05-29,168.97000122
2018-05-30,170.17999268
2018-05-31,170.07000732
2018-06-01,172.74000549
2018-06-04,174.30000305
2018-06-05,174.83999634
2018-06-06,175.86000061
2018-06-07,174.42999268
2018-06-08,174.44000244
2018-06-11,174.91000366
2018-06-12,175.83000183
2018-06-13,175.82000732
2018-06-14,177.60000610
2018-06-15,176.97999573
2018-06-18,176.50000000
2018-06-19,176.00000000
2018-06-20,177.25000000
2018-06-21,175.71000671
2018-06-22,175.32000732
2018-06-25,171.36999512
2018-06-26,172.07000732
2018-06-27,169.72999573
2018-06-28,171.19000244
2018-06-29,171.64999390
2018-07-02,172.80000305
2018-07-03,170.80000305
2018-07-05,172.91999817
2018-07-06,175.61000061
2018-07-09,177.19000244
2018-07-10,177.32000732
2018-07-11,176.41999817
2018-07-12,179.46000671
2018-07-13,179.61000061
2018-07-16,179.17999268
2018-07-17,180.27000427
2018-07-18,179.92999268
2018-07-19,179.02999878
2018-07-20,178.99000549
2018-07-23,179.55999756
2018-07-24,180.30000305
2018-07-25,182.82000732
2018-07-26,180.05000305
2018-07-27,177.61999512
2018-07-30,175.11000061
2018-07-31,176.44999695
2018-08-01,177.11999512
2018-08-02,179.52999878
2018-08-03,180.08000183
2018-08-06,181.13999939
2018-08-07,181.80000305
2018-08-08,182.02000427
2018-08-09,181.91000366
2018-08-10,180.52000427
2018-08-13,180.32000732
2018-08-14,181.44999695
2018-08-15,179.22999573
2018-08-16,179.82000732
2018-08-17,179.86000061
2018-08-20,179.69999695
2018-08-21,180.36000061
2018-08-22,181.05999756
2018-08-23,180.80000305
2018-08-24,182.47999573
2018-08-27,184.33999634
2018-08-28,184.61000061
2018-08-29,186.74000549
2018-08-30,186.41000366
2018-08-31,186.64999390
2018-09-04,185.85000610
2018-09-05,183.44999695
2018-09-06,181.80999756
2018-09-07,181.11000061
2018-09-10,181.72000122
2018-09-11,183.11999512
2018-09-12,182.58000183
2018-09-13,184.52999878
2018-09-14,183.99000549
2018-09-17,181.33999634
2018-09-18,182.83999634
2018-09-19,182.69999695
2018-09-20,184.72000122
2018-09-21,183.71000671
2018-09-24,183.88999939
2018-09-25,184.13999939
2018-09-26,184.27000427
2018-09-27,185.83000183
2018-09-28,185.78999329
2018-10-01,186.16999817
2018-10-02,185.75000000
2018-10-03,185.94999695
2018-10-04,182.38000488
2018-10-05,180.14999390
2018-10-08,179.05000305
2018-10-09,179.63000488
2018-10-10,171.72999573
2018-10-11,169.60000610
2018-10-12,174.32000732
2018-10-15,172.21000671
2018-10-16,177.22000122
2018-10-17,177.28999329
2018-10-18,173.17999268
2018-10-19,173.02000427
2018-10-22,173.91000366
2018-10-23,173.27000427
2018-10-24,165.33999634
2018-10-25,171.05999756
2018-10-26,166.66000366
2018-10-29,163.22999573
2018-10-30,165.91999817
2018-10-31,169.82000732
2018-11-01,172.05999756
2018-11-02,169.38000488
2018-11-05,168.96000671
2018-11-06,170.24000549
2018-11-07,175.58000183
2018-11-08,174.46000671
2018-11-09,171.52000427
2018-11-12,166.33000183
2018-11-13,166.47000122
2018-11-14,165.19999695
2018-11-15,168.08999634
2018-11-16,167.50000000
2018-11-19,162.05999756
2018-11-20,159.16000366
2018-11-21,160.36999512
2018-11-23,159.21000671
2018-11-26,162.88999939
2018-11-27,163.44000244
2018-11-28,168.69999695
2018-11-29,168.14999390
2018-11-30,169.36999512
2018-12-03,172.33000183
2018-12-04,165.72000122
2018-12-06,166.88999939
2018-12-07,161.38000488
2018-12-10,163.07000732
2018-12-11,163.61000061
2018-12-12,165.05000305
2018-12-13,165.10000610
2018-12-14,161.08000183
2018-12-17,157.42999268
2018-12-18,158.41999817
2018-12-19,154.52999878
2018-12-20,152.28999329
2018-12-21,147.57000732
2018-12-24,143.50000000
2018-12-26,152.46000671
2018-12-27,153.05000305
2018-12-28,152.97000122
2018-12-31,154.25999451
2019-01-02,154.88000488
2019-01-03,149.82000732
2019-01-04,156.22999573
2019-01-07,158.08999634
2019-01-08,159.52000427
2019-01-09,160.82000732
2019-01-10,161.27999878
2019-01-11,160.69000244
2019-01-14,159.27000427
2019-01-15,162.38000488
2019-01-16,162.35000610
2019-01-17,163.63000488
2019-01-18,165.25000000
2019-01-22,161.94000244
2019-01-23,162.14999390
2019-01-24,163.19999695
2019-01-25,165.14999390
2019-01-28,163.11000061
2019-01-29,161.57000732
2019-01-30,165.67999268
2019-01-31,168.16000366
2019-02-01,167.44999695
2019-02-04,169.52999878
2019-02-05,171.02999878
2019-02-06,170.52000427
2019-02-07,168.22999573
2019-02-08,168.55999756
2019-02-11,168.39999390
2019-02-12,170.88999939
2019-02-13,171.00999451
2019-02-14,171.22000122
2019-02-15,171.94000244
2019-02-19,172.27999878
2019-02-20,172.25000000
2019-02-21,171.61999512
2019-02-22,172.88999939
2019-02-25,173.52000427
2019-02-26,173.69999695
2019-02-27,173.58999634
2019-02-28,173.19000244
2019-03-01,174.38999939
2019-03-04,174.41999817
2019-03-05,174.55000305
2019-03-06,173.55999756
2019-03-07,171.42999268
2019-03-08,171.16999817
2019-03-11,174.72999573
2019-03-12,175.69000244
2019-03-13,177.00999451
2019-03-14,176.71000671
2019-03-15,178.35000610
2019-03-18,178.44999695
2019-03-19,179.05000305
2019-03-20,179.75999451
2019-03-21,182.57000732
2019-03-22,178.55999756
2019-03-25,178.22000122
2019-03-26,179.05000305
2019-03-27,177.89999390
2019-03-28,178.30999756
2019-03-29,179.66000366
2019-04-01,182.03999329
2019-04-02,182.72999573
2019-04-03,183.77999878
2019-04-04,183.71000671
2019-04-05,184.66000366
2019-04-08,185.13000488
2019-04-09,184.47999573
2019-04-10,185.47000122
2019-04-11,185.02999878
2019-04-12,185.83000183
2019-04-15,185.86000061
2019-04-16,186.50000000
2019-04-17,187.14999390
2019-04-18,187.38999939
2019-04-22,187.91999817
2019-04-23,190.30999756
2019-04-24,189.71000671
2019-04-25,190.47999573
2019-04-26,190.64999390
2019-04-29,191.02000427
2019-04-30,189.53999329
2019-05-01,188.92999268
2019-05-02,188.11000061
2019-05-03,191.11000061
2019-05-06,189.94000244
2019-05-07,186.24000549
2019-05-08,185.77000427
2019-05-09,184.77000427
2019-05-10,185.00000000
2019-05-13,178.58000183
2019-05-14,180.53999329
2019-05-15,183.08999634
2019-05-16,184.92999268
2019-05-17,183.03999329
2019-05-20,179.94999695
2019-05-21,181.83000183
2019-05-22,181.02000427
2019-05-23,178.25000000
2019-05-24,178.16000366
2019-05-28,177.49000549
2019-05-29,176.02999878
2019-05-30,176.77000427
2019-05-31,173.94999695
2019-06-03,170.11999512
2019-06-04,174.91000366
2019-06-05,176.21000671
2019-06-06,177.61000061
2019-06-07,181.03999329
2019-06-10,183.14999390
2019-06-11,183.39999390
2019-06-12,182.33999634
2019-06-13,183.41999817
2019-06-14,182.63999939
2019-06-17,183.74000549
2019-06-18,186.41000366
2019-06-19,187.11000061
2019-06-20,188.85000610
2019-06-21,188.57000732
2019-06-24,188.16000366
2019-06-25,184.92999268
2019-06-26,185.78999329
2019-06-27,186.50000000
2019-06-28,186.74000549
2019-07-01,189.25999451
2019-07-02,190.00999451
2019-07-03,191.44000244
2019-07-05,191.05000305
2019-07-08,189.71000671
2019-07-09,190.66000366
2019-07-10,192.55999756
2019-07-11,192.41999817
2019-07-12,193.52999878
2019-07-15,194.14999390
2019-07-16,193.14999390
2019-07-17,192.19999695
2019-07-18,192.41999817
2019-07-19,191.00999451
2019-07-22,192.52999878
2019-07-23,193.78999329
2019-07-24,195.14999390
2019-07-25,193.30000305
2019-07-26,195.28999329
2019-07-29,194.61999512
2019-07-30,193.77999878
2019-07-31,191.10000610
2019-08-01,190.14999390
2019-08-02,187.35000610
2019-08-05,180.72999573
2019-08-06,183.25999451
2019-08-07,184.25000000
2019-08-08,188.25999451
2019-08-09,186.49000549
2019-08-12,184.35000610
2019-08-13,188.38999939
2019-08-14,182.75999451
2019-08-15,182.55000305
2019-08-16,185.47999573
2019-08-19,188.42999268
2019-08-20,186.97000122
2019-08-21,188.63000488
2019-08-22,188.02000427
2019-08-23,182.07000732
2019-08-26,184.82000732
2019-08-27,184.42999268
2019-08-28,185.08999634
2019-08-29,187.91999817
2019-08-30,187.47000122
2019-09-03,185.64999390
2019-09-04,188.33000183
2019-09-05,191.77999878
2019-09-06,191.58999634
2019-09-09,191.19000244
2019-09-10,190.63999939
2019-09-11,192.42999268
2019-09-12,193.22999573
2019-09-13,192.53999329
2019-09-16,191.67999268
2019-09-17,192.60000610
2019-09-18,192.52000427
2019-09-19,192.83999634
2019-09-20,190.80000305
2019-09-23,190.50000000
2019-09-24,187.97000122
2019-09-25,190.08000183
2019-09-26,189.38000488
2019-09-27,187.02999878
2019-09-30,188.80999756
2019-10-01,187.27000427
2019-10-02,184.05000305
2019-10-03,186.07000732
2019-10-04,188.80999756
2019-10-07,188.24000549
2019-10-08,185.41999817
2019-10-09,187.22999573
2019-10-10,188.67999268
2019-10-11,191.11000061
2019-10-14,191.08999634
2019-10-15,193.52000427
2019-10-16,193.03999329
2019-10-17,193.55000305
2019-10-18,191.69000244
2019-10-21,193.38999939
2019-10-22,191.85000610
2019-10-23,192.22000122
2019-10-24,194.08999634
2019-10-25,195.63999939
2019-10-28,197.57000732
2019-10-29,196.03999329
2019-10-30,196.99000549
2019-10-31,197.08000183
2019-11-01,198.86999512
2019-11-04,200.10000610
2019-11-05,200.21000671
2019-11-06,199.75999451
2019-11-07,200.42999268
2019-11-08,201.22999573
2019-11-11,200.96000671
2019-11-12,201.53999329
2019-11-13,201.58999634
2019-11-14,201.42999268
2019-11-15,202.91000366
2019-11-18,203.07000732
2019-11-19,203.36999512
2019-11-20,202.14999390
2019-11-21,201.69999695
2019-11-22,201.83000183
2019-11-25,204.22000122
2019-11-26,204.61000061
2019-11-27,206.03999329
2019-11-29,205.10000610
2019-12-02,203.00000000
2019-12-03,201.41000366
2019-12-04,202.42999268
2019-12-05,202.83000183
2019-12-06,205.00000000
2019-12-09,204.07000732
2019-12-10,203.89999390
2019-12-11,204.97999573
2019-12-12,206.50999451
2019-12-13,207.19000244
2019-12-16,209.27000427
2019-12-17,209.38999939
2019-12-18,209.55000305
2019-12-19,210.86000061
2019-12-20,211.71000671
2019-12-23,211.80999756
2019-12-24,211.91999817
2019-12-26,213.78999329
2019-12-27,213.61000061
2019-12-30,212.21000671
2019-12-31,212.61000061
2020-01-02,216.16000366
2020-01-03,214.17999268
2020-01-06,215.55999756
2020-01-07,215.52999878
2020-01-08,217.14999390
2020-01-09,218.99000549
2020-01-10,218.42999268
2020-01-13,220.94999695
2020-01-14,220.08000183
2020-01-15,220.16999817
2020-01-16,222.27999878
2020-01-17,223.38000488
2020-01-21,223.27999878
2020-01-22,223.86999512
2020-01-23,224.58999634
2020-01-24,222.69999695
2020-01-27,218.10000610
2020-01-28,221.44999695
2020-01-29,221.80999756
2020-01-30,222.60000610
2020-01-31,219.07000732
2020-02-03,222.38000488
2020-02-04,227.47000122
2020-02-05,228.22000122
2020-02-06,230.19000244
2020-02-07,229.19999695
2020-02-10,231.97000122
2020-02-11,232.00999451
2020-02-12,234.27000427
2020-02-13,233.97000122
2020-02-14,234.63999939
2020-02-18,234.72999573
2020-02-19,236.97999573
2020-02-20,234.77999878
2020-02-21,230.27000427
2020-02-24,221.38999939
2020-02-25,215.36999512
2020-02-26,216.47999573
2020-02-27,205.63999939
2020-02-28,205.80000305
2020-03-02,216.41999817
2020-03-03,209.47999573
2020-03-04,218.22000122
2020-03-05,211.58999634
2020-03-06,208.02000427
2020-03-09,193.57000732
2020-03-10,204.11000061
2020-03-11,195.22000122
2020-03-12,177.32000732
2020-03-13,192.33999634
2020-03-16,169.30000305
2020-03-17,182.13999939
2020-03-18,176.60000610
2020-03-19,177.66000366
2020-03-20,170.69999695
2020-03-23,170.46000671
2020-03-24,183.66000366
2020-03-25,182.30000305
2020-03-26,191.89999390
2020-03-27,185.30000305
2020-03-30,192.03999329
2020-03-31,190.39999390
2020-04-01,182.30999756
2020-04-02,186.00999451
2020-04-03,183.36999512
2020-04-06,196.47999573
2020-04-07,196.39999390
2020-04-08,200.57000732
2020-04-09,200.86000061
2020-04-13,203.02999878
2020-04-14,211.86000061
2020-04-15,209.42999268
2020-04-16,213.25000000
2020-04-17,215.28999329
2020-04-20,212.74000549
2020-04-21,204.88999939
2020-04-22,210.97000122
2020-04-23,210.52000427
2020-04-24,213.83999634
2020-04-27,215.55999756
2020-04-28,211.50000000
2020-04-29,219.00000000
2020-04-30,218.91000366
2020-05-01,212.74000549
2020-05-04,215.22000122
2020-05-05,217.66000366
2020-05-06,219.00000000
2020-05-07,221.82000732
2020-05-08,224.86000061
2020-05-11,226.86999512
2020-05-12,222.11999512
2020-05-13,219.33999634
2020-05-14,221.83000183
2020-05-15,223.27000427
2020-05-18,227.42999268
2020-05-19,226.86000061
2020-05-20,231.38999939
2020-05-21,228.86999512
2020-05-22,229.66000366
2020-05-26,229.03999329
2020-05-27,230.28999329
2020-05-28,229.99000549
2020-05-29,233.36000061
2020-06-01,234.05999756
2020-06-02,235.63000488
2020-06-03,236.69000244
2020-06-04,235.02999878
2020-06-05,239.69000244
2020-06-08,241.55000305
2020-06-09,243.30000305
2020-06-10,246.22000122
2020-06-11,234.02000427
2020-06-12,235.88000488
2020-06-15,238.75000000
2020-06-16,242.85000610
2020-06-17,243.61999512
2020-06-18,244.27999878
2020-06-19,244.24000549
2020-06-22,246.74000549
2020-06-23,248.83999634
2020-06-24,243.71000671
2020-06-25,246.02999878
2020-06-26,240.22000122
2020-06-29,242.83999634
2020-06-30,247.60000610
2020-07-01,250.49000549
2020-07-02,252.19000244
2020-07-06,258.39001465
2020-07-07,256.60998535
2020-07-08,259.98999023
2020-07-09,262.17999268
2020-07-10,263.97000122
2020-07-13,258.54000854
2020-07-14,260.36999512
2020-07-15,260.89999390
2020-07-16,259.11999512
2020-07-17,259.42001343
2020-07-20,266.77999878
2020-07-21,264.00000000
2020-07-22,264.92999268
2020-07-23,258.01000977
2020-07-24,255.55999756
2020-07-27,260.11999512
2020-07-28,256.80999756
2020-07-29,259.76998901
2020-07-30,261.13000488
2020-07-31,265.79000854
2020-08-03,269.38000488
2020-08-04,270.38000488
2020-08-05,271.04998779
2020-08-06,274.64001465
2020-08-07,271.47000122
2020-08-10,270.30999756
2020-08-11,265.19000244
2020-08-12,271.85998535
2020-08-13,272.48001099
2020-08-14,272.16000366
2020-08-17,275.32000732
2020-08-18,277.97000122
2020-08-19,276.10000610
2020-08-20,279.92999268
2020-08-21,281.86999512
2020-08-24,283.63000488
2020-08-25,285.85998535
2020-08-26,291.95999146
2020-08-27,291.04998779
2020-08-28,292.52999878
2020-08-31,294.88000488
2020-09-01,299.92001343
2020-09-02,302.76000977
2020-09-03,287.41000366
2020-09-04,283.57998657
2020-09-08,269.95001221
2020-09-09,277.88000488
2020-09-10,272.33999634
2020-09-11,270.45001221
2020-09-14,275.16000366
2020-09-15,279.05999756
2020-09-16,274.60998535
2020-09-17,270.32000732
2020-09-18,266.86999512
2020-09-21,267.51000977
2020-09-22,272.48001099
2020-09-23,264.16000366
2020-09-24,265.39001465
2020-09-25,271.55999756
2020-09-28,277.20001221
2020-09-29,275.95001221
2020-09-30,277.83999634
2020-10-01,282.25000000
2020-10-02,274.30999756
2020-10-05,280.16000366
2020-10-06,275.16000366
2020-10-07,279.92001343
2020-10-08,281.41000366
2020-10-09,285.70999146
2020-10-12,294.52999878
2020-10-13,294.51998901
2020-10-14,292.05999756
2020-10-15,290.10000610
2020-10-16,288.51000977
2020-10-19,283.79998779
2020-10-20,284.41000366
2020-10-21,284.19000244
2020-10-22,284.17999268
2020-10-23,284.73999023
2020-10-26,280.47000122
2020-10-27,282.66000366
2020-10-28,271.64001465
2020-10-29,276.39001465
2020-10-30,269.38000488
2020-11-02,269.98001099
2020-11-03,274.64999390
2020-11-04,286.91000366
2020-11-05,294.39001465
2020-11-06,294.60998535
2020-11-09,288.58999634
2020-11-10,283.42001343
2020-11-11,289.76000977
2020-11-12,288.39999390
2020-11-13,290.92999268
2020-11-16,293.20001221
2020-11-17,292.26998901
2020-11-18,290.10998535
2020-11-19,292.38000488
2020-11-20,290.38000488
2020-11-23,290.39001465
2020-11-24,294.47000122
2020-11-25,296.27999878
2020-11-27,299.01000977
2020-11-30,299.61999512
2020-12-01,303.45999146
2020-12-02,303.85000610
2020-12-03,304.27999878
2020-12-04,305.51998901
2020-12-07,307.25000000
2020-12-08,308.29000854
2020-12-09,301.30999756
2020-12-10,302.51998901
2020-12-11,301.85000610
2020-12-14,304.04000854
2020-12-15,307.29000854
2020-12-16,308.98001099
2020-12-17,311.00000000
2020-12-18,310.05999756
2020-12-21,308.92001343
2020-12-22,309.76000977
2020-12-23,308.20001221
2020-12-24,309.55999756
2020-12-28,312.67999268
2020-12-29,312.95999146
2020-12-30,312.97000122
2020-12-31,313.73999023
2021-01-04,309.30999756
2021-01-05,311.85998535
2021-01-06,307.54000854
2021-01-07,314.98001099
2021-01-08,319.02999878
2021-01-11,314.42001343
2021-01-12,313.92001343
2021-01-13,316.04000854
2021-01-14,314.35000610
2021-01-15,311.85998535
2021-01-19,316.41000366
2021-01-20,323.76998901
2021-01-21,326.35998535
2021-01-22,325.42001343
2021-01-25,328.10998535
2021-01-26,328.58999634
2021-01-27,319.42999268
2021-01-28,321.32000732
2021-01-29,314.55999756
2021-02-01,322.42001343
2021-02-02,327.67999268
2021-02-03,326.38000488
2021-02-04,330.23999023
2021-02-05,331.35998535
2021-02-08,333.57998657
2021-02-09,333.51000977
2021-02-10,332.75000000
2021-02-11,334.57998657
2021-02-12,336.45001221
2021-02-16,335.54000854
2021-02-17,333.92999268
2021-02-18,332.47000122
2021-02-19,331.01998901
2021-02-22,322.44000244
2021-02-23,321.48001099
2021-02-24,324.13000488
2021-02-25,312.82998657
2021-02-26,314.14001465
2021-03-01,323.58999634
2021-03-02,318.39999390
2021-03-03,309.16000366
2021-03-04,304.10000610
2021-03-05,308.67999268
2021-03-08,299.94000244
2021-03-09,311.76998901
2021-03-10,310.88000488
2021-03-11,318.04000854
2021-03-12,315.45999146
2021-03-15,318.82998657
2021-03-16,320.57998657
2021-03-17,321.89999390
2021-03-18,312.04000854
2021-03-19,313.14001465
2021-03-22,318.60998535
2021-03-23,317.22000122
2021-03-24,311.86999512
2021-03-25,311.32998657
2021-03-26,316.00000000
2021-03-29,315.91000366
2021-03-30,314.32000732
2021-03-31,319.13000488
2021-04-01,324.57000732
2021-04-05,331.04998779
2021-04-06,330.82000732
2021-04-07,331.61999512
2021-04-08,335.07998657
2021-04-09,337.10998535
2021-04-12,336.67001343
2021-04-13,340.60000610
2021-04-14,336.51000977
2021-04-15,341.60998535
2021-04-16,342.01000977
2021-04-19,338.88000488
2021-04-20,336.41000366
2021-04-21,339.29000854
2021-04-22,335.20001221
2021-04-23,339.42001343
2021-04-26,341.63000488
2021-04-27,340.14999390
2021-04-28,339.00000000
2021-04-29,340.22000122
2021-04-30,337.98999023
2021-05-03,336.19000244
2021-05-04,330.14001465
2021-05-05,329.02999878
2021-05-06,331.51000977
2021-05-07,334.20001221
2021-05-10,325.76000977
2021-05-11,325.30999756
2021-05-12,316.89001465
2021-05-13,319.33999634
2021-05-14,326.39001465
2021-05-17,324.41000366
2021-05-18,322.22000122
2021-05-19,322.58999634
2021-05-20,328.82998657
2021-05-21,327.01000977
2021-05-24,332.51000977
2021-05-25,332.97000122
2021-05-26,334.13000488
2021-05-27,332.88000488
2021-05-28,333.92999268
2021-06-01,332.82000732
2021-06-02,333.47000122
2021-06-03,330.00000000
2021-06-04,335.60000610
2021-06-07,336.60000610
2021-06-08,336.76000977
2021-06-09,336.83999634
2021-06-10,340.35000610
2021-06-11,341.23999023
2021-06-14,344.51000977
2021-06-15,342.26000977
2021-06-16,341.01000977
2021-06-17,345.33999634
2021-06-18,342.63000488
2021-06-21,344.35998535
2021-06-22,347.57000732
2021-06-23,347.73999023
2021-06-24,349.89001465
2021-06-25,349.45999146
2021-06-28,353.70999146
2021-06-29,354.98999023
2021-06-30,354.42999268
2021-07-01,354.57000732
2021-07-02,358.64001465
2021-07-06,360.19000244
2021-07-07,360.95001221
2021-07-08,358.76998901
2021-07-09,361.01000977
2021-07-12,362.42001343
2021-07-13,362.42001343
2021-07-14,363.07000732
2021-07-15,360.51998901
2021-07-16,357.60000610
2021-07-19,354.67001343
2021-07-20,358.79000854
2021-07-21,361.55999756
2021-07-22,363.95001221
2021-07-23,368.20001221
2021-07-26,368.48999023
2021-07-27,364.42999268
2021-07-28,365.82998657
2021-07-29,366.48001099
2021-07-30,364.57000732
2021-08-02,364.60000610
2021-08-03,366.80999756
2021-08-04,367.33999634
2021-08-05,369.67001343
2021-08-06,368.04998779
2021-08-09,368.73001099
2021-08-10,366.83999634
2021-08-11,366.20999146
2021-08-12,367.52999878
2021-08-13,368.82000732
2021-08-16,368.98001099
2021-08-17,365.73001099
2021-08-18,362.20999146
2021-08-19,363.95999146
2021-08-20,367.73001099
2021-08-23,373.23001099
2021-08-24,374.36999512
2021-08-25,374.79998779
2021-08-26,372.42001343
2021-08-27,376.04000854
2021-08-30,380.26000977
2021-08-31,379.95001221
2021-09-01,380.57998657
2021-09-02,380.39999390
2021-09-03,381.57000732
2021-09-07,382.10998535
2021-09-08,380.77999878
2021-09-09,379.47000122
2021-09-10,376.58999634
2021-09-13,376.32998657
2021-09-14,375.26000977
2021-09-15,378.04998779
2021-09-16,378.30999756
2021-09-17,373.82998657
2021-09-20,365.70001221
2021-09-21,366.14999390
2021-09-22,369.57000732
2021-09-23,372.98001099
2021-09-24,373.32998657
2021-09-27,370.35000610
2021-09-28,359.86999512
2021-09-29,359.27999878
2021-09-30,357.95999146
2021-10-01,360.17999268
2021-10-04,352.61999512
2021-10-05,357.38000488
2021-10-06,359.67001343
2021-10-07,362.97000122
2021-10-08,361.16000366
2021-10-11,358.39001465
2021-10-12,357.14001465
2021-10-13,360.00000000
2021-10-14,366.63000488
2021-10-15,368.94000244
2021-10-18,372.64999390
2021-10-19,375.47000122
2021-10-20,374.98001099
2021-10-21,377.26998901
2021-10-22,374.10000610
2021-10-25,377.92999268
2021-10-26,379.11999512
2021-10-27,380.00000000
2021-10-28,384.22000122
2021-10-29,386.10998535
2021-11-01,387.42999268
2021-11-02,389.04998779
2021-11-03,393.17999268
2021-11-04,398.22000122
2021-11-05,398.60000610
2021-11-08,398.05999756
2021-11-09,395.32000732
2021-11-10,389.51000977
2021-11-11,390.58999634
2021-11-12,394.70001221
2021-11-15,394.60998535
2021-11-16,397.42001343
2021-11-17,397.63000488
2021-11-18,401.75000000
2021-11-19,403.98999023
2021-11-22,399.29998779
2021-11-23,397.48001099
2021-11-24,398.76000977
2021-11-26,391.20001221
2021-11-29,399.69000244
2021-11-30,393.82000732
2021-12-01,387.11999512
2021-12-02,389.91000366
2021-12-03,383.13000488
2021-12-06,386.20001221
2021-12-07,397.82998657
2021-12-08,399.60998535
2021-12-09,393.73001099
2021-12-10,398.01000977
2021-12-13,392.26000977
2021-12-14,388.20001221
2021-12-15,397.04998779
2021-12-16,386.83999634
2021-12-17,384.91000366
2021-12-20,380.69000244
2021-12-21,389.20999146
2021-12-22,393.95001221
2021-12-23,396.92001343
2021-12-27,403.48001099
2021-12-28,401.60998535
2021-12-29,401.54998779
2021-12-30,400.35000610
2021-12-31,397.85000610
2022-01-03,401.67999268
2022-01-04,396.47000122
2022-01-05,384.29000854
2022-01-06,384.01998901
2022-01-07,379.85998535
2022-01-10,380.10998535
2022-01-11,385.82000732
2022-01-12,387.35000610
2022-01-13,377.66000366
2022-01-14,380.01000977
2022-01-18,370.54998779
2022-01-19,366.48001099
2022-01-20,361.72000122
2022-01-21,351.69000244
2022-01-24,353.29998779
2022-01-25,345.10998535
2022-01-26,344.57000732
2022-01-27,341.10000610
2022-01-28,351.79998779
2022-01-31,363.04998779
2022-02-01,365.51998901
2022-02-02,368.48999023
2022-02-03,353.54998779
2022-02-04,358.01000977
2022-02-07,355.13000488
2022-02-08,359.11999512
2022-02-09,366.73001099
2022-02-10,358.42999268
2022-02-11,347.05999756
2022-02-14,347.48999023
2022-02-15,356.13000488
2022-02-16,356.04000854
2022-02-17,345.45001221
2022-02-18,341.51000977
2022-02-22,338.07998657
2022-02-23,329.42001343
2022-02-24,340.48999023
2022-02-25,345.76998901
2022-02-28,346.79998779
2022-03-01,341.48999023
2022-03-02,347.22000122
2022-03-03,342.26000977
2022-03-04,337.29998779
2022-03-07,324.85998535
2022-03-08,323.35000610
2022-03-09,334.98999023
2022-03-10,331.26998901
2022-03-11,324.39999390
2022-03-14,318.17001343
2022-03-15,328.14999390
2022-03-16,340.32000732
2022-03-17,344.44000244
2022-03-18,351.48999023
2022-03-21,350.07998657
2022-03-22,356.95999146
2022-03-23,351.82998657
2022-03-24,359.64999390
2022-03-25,359.35000610
2022-03-28,364.91000366
2022-03-29,371.19000244
2022-03-30,367.08999634
2022-03-31,362.54000854
2022-04-01,361.85000610
2022-04-04,369.29998779
2022-04-05,361.10000610
2022-04-06,353.26000977
2022-04-07,354.10000610
2022-04-08,349.14999390
2022-04-11,340.89001465
2022-04-12,339.45001221
2022-04-13,346.35000610
2022-04-14,338.42999268
2022-04-18,338.69000244
2022-04-19,346.26000977
2022-04-20,341.20999146
2022-04-21,334.14999390
2022-04-22,325.39999390
2022-04-25,329.57998657
2022-04-26,317.14001465
2022-04-27,316.76000977
2022-04-28,328.01000977
2022-04-29,313.25000000
2022-05-02,318.48001099
2022-05-03,318.82000732
2022-05-04,329.60000610
2022-05-05,313.00000000
2022-05-06,309.25000000
2022-05-09,297.14999390
2022-05-10,300.76000977
2022-05-11,291.83999634
2022-05-12,291.14999390
2022-05-13,301.94000244
2022-05-16,298.44000244
2022-05-17,306.17001343
2022-05-18,291.14001465
2022-05-19,289.57998657
2022-05-20,288.67999268
2022-05-23,293.48001099
2022-05-24,287.23999023
2022-05-25,291.26000977
2022-05-26,299.32998657
2022-05-27,309.10000610
2022-05-31,308.27999878
2022-06-01,306.00000000
2022-06-02,314.38000488
2022-06-03,306.20001221
2022-06-06,307.22000122
2022-06-07,309.86999512
2022-06-08,307.64001465
2022-06-09,299.39999390
2022-06-10,288.83999634
2022-06-13,275.41000366
2022-06-14,275.91000366
2022-06-15,282.79998779
2022-06-16,271.39001465
2022-06-17,274.69000244
2022-06-21,281.07998657
2022-06-22,280.67001343
2022-06-23,284.85000610
2022-06-24,294.60998535
2022-06-27,292.45001221
2022-06-28,283.54000854
2022-06-29,283.79998779
2022-06-30,280.27999878
2022-07-01,282.13000488
2022-07-05,286.95999146
2022-07-06,288.79998779
2022-07-07,294.98001099
2022-07-08,295.35000610
2022-07-11,289.04000854
2022-07-12,286.23999023
2022-07-13,285.64999390
2022-07-14,286.67001343
2022-07-15,291.86999512
2022-07-18,289.39999390
2022-07-19,298.29998779
2022-07-20,303.02999878
2022-07-21,307.38000488
2022-07-22,301.98999023
2022-07-25,300.26998901
2022-07-26,294.36999512
2022-07-27,306.80999756
2022-07-28,309.80999756
2022-07-29,315.45999146
2022-08-01,315.26998901
2022-08-02,314.32998657
2022-08-03,322.89001465
2022-08-04,324.39999390
2022-08-05,321.75000000
2022-08-08,320.70999146
2022-08-09,317.07998657
2022-08-10,325.92999268
2022-08-11,324.07998657
2022-08-12,330.39001465
2022-08-15,333.05999756
2022-08-16,332.27999878
2022-08-17,328.48999023
2022-08-18,329.27999878
2022-08-19,322.85998535
2022-08-22,314.35998535
2022-08-23,314.10000610
2022-08-24,315.01000977
2022-08-25,320.57998657
2022-08-26,307.44000244
2022-08-29,304.41000366
2022-08-30,301.01998901
2022-08-31,299.26998901
2022-09-01,299.39999390
2022-09-02,295.17001343
2022-09-06,293.04998779
2022-09-07,298.97000122
2022-09-08,300.51998901
2022-09-09,307.08999634
2022-09-12,310.73999023
2022-09-13,293.70001221
2022-09-14,296.02999878
2022-09-15,291.10000610
2022-09-16,289.32000732
2022-09-19,291.04998779
2022-09-20,288.73001099
2022-09-21,283.55999756
2022-09-22,280.07000732
2022-09-23,275.51000977
2022-09-26,274.36999512
2022-09-27,274.48001099
2022-09-28,279.94000244
2022-09-29,271.86999512
2022-09-30,267.26000977
2022-10-03,273.52999878
2022-10-04,282.13000488
2022-10-05,281.98001099
2022-10-06,279.76000977
2022-10-07,269.10000610
2022-10-10,266.41000366
2022-10-11,262.75000000
2022-10-12,262.66000366
2022-10-13,268.82000732
2022-10-14,260.73999023
2022-10-17,269.35000610
2022-10-18,271.48001099
2022-10-19,270.48999023
2022-10-20,269.10998535
2022-10-21,275.42001343
2022-10-24,278.45001221
2022-10-25,284.20999146
2022-10-26,277.92999268
2022-10-27,272.86999512
2022-10-28,281.22000122
2022-10-31,277.95001221
2022-11-01,275.10998535
2022-11-02,265.67999268
2022-11-03,260.48999023
2022-11-04,264.67999268
2022-11-07,267.58999634
2022-11-08,269.54000854
2022-11-09,263.32000732
2022-11-10,282.75000000
2022-11-11,287.95999146
2022-11-14,285.44000244
2022-11-15,289.39001465
2022-11-16,285.44000244
2022-11-17,284.80999756
2022-11-18,284.82000732
2022-11-21,281.89001465
2022-11-22,285.95001221
2022-11-23,288.82000732
2022-11-25,286.92001343
2022-11-28,282.70999146
2022-11-29,280.57000732
2022-11-30,293.35998535
2022-12-01,293.72000122
2022-12-02,292.54998779
2022-12-05,287.64001465
2022-12-06,281.67999268
2022-12-07,280.52999878
2022-12-08,283.85000610
2022-12-09,282.04000854
2022-12-12,285.57998657
2022-12-13,288.64999390
2022-12-14,286.51000977
2022-12-15,276.89001465
2022-12-16,274.25000000
2022-12-19,269.75000000
2022-12-20,269.54000854
2022-12-21,273.45001221
2022-12-22,266.76000977
2022-12-23,267.35998535
2022-12-27,263.57998657
2022-12-28,260.10000610
2022-12-29,266.44000244
2022-12-30,266.27999878
2023-01-03,264.48001099
2023-01-04,265.73999023
2023-01-05,261.57998657
2023-01-06,268.79998779
2023-01-09,270.54000854
2023-01-10,272.82998657
2023-01-11,277.54998779
2023-01-12,279.04998779
2023-01-13,280.97000122
2023-01-17,281.54000854
2023-01-18,277.88000488
2023-01-19,275.14999390
2023-01-20,282.67999268
2023-01-23,288.95999146
2023-01-24,288.36999512
2023-01-25,287.73001099
2023-01-26,293.33999634
2023-01-27,296.26000977
2023-01-30,290.26998901
2023-01-31,294.61999512
2023-02-01,300.92001343
2023-02-02,311.72000122
2023-02-03,306.17999268
2023-02-06,303.58999634
2023-02-07,309.88000488
2023-02-08,304.36999512
2023-02-09,301.67999268
2023-02-10,299.70001221
2023-02-13,304.50000000
2023-02-14,306.75000000
2023-02-15,309.10000610
2023-02-16,303.29998779
2023-02-17,301.16000366
2023-02-21,294.02999878
2023-02-22,294.25000000
2023-02-23,296.82000732
2023-02-24,291.85000610
2023-02-27,293.94000244
2023-02-28,293.55999756
2023-03-01,291.20001221
2023-03-02,293.60998535
2023-03-03,299.67999268
2023-03-06,300.01998901
2023-03-07,296.33999634
2023-03-08,297.82000732
2023-03-09,292.66000366
2023-03-10,288.54998779
2023-03-13,290.69000244
2023-03-14,297.36999512
2023-03-15,298.92999268
2023-03-16,306.80999756
2023-03-17,305.35998535
2023-03-20,305.97000122
2023-03-21,310.33999634
2023-03-22,306.11999512
2023-03-23,309.75000000
2023-03-24,310.89001465
2023-03-27,308.76000977
2023-03-28,307.11999512
2023-03-29,312.72000122
2023-03-30,315.67999268
2023-03-31,320.92999268
2023-04-03,320.14999390
2023-04-04,319.07000732
2023-04-05,315.92001343
2023-04-06,318.04998779
2023-04-10,317.86999512
2023-04-11,315.82998657
2023-04-12,313.04000854
2023-04-13,319.17001343
2023-04-14,318.57000732
2023-04-17,318.83999634
2023-04-18,318.85998535
2023-04-19,318.70999146
2023-04-20,316.27999878
2023-04-21,316.60998535
2023-04-24,315.95001221
2023-04-25,309.98999023
2023-04-26,311.86999512
2023-04-27,320.35000610
2023-04-28,322.55999756
2023-05-01,322.19000244
2023-05-02,319.38000488
2023-05-03,317.29000854
2023-05-04,316.17001343
2023-05-05,322.89001465
2023-05-08,323.69000244
2023-05-09,321.64001465
2023-05-10,325.14001465
2023-05-11,326.20001221
2023-05-12,325.02999878
2023-05-15,326.79000854
2023-05-16,327.16000366
2023-05-17,331.11999512
2023-05-18,337.26998901
2023-05-19,336.51000977
2023-05-22,337.64001465
2023-05-23,333.35998535
2023-05-24,331.64999390
2023-05-25,339.72000122
2023-05-26,348.39999390
2023-05-30,349.98001099
2023-05-31,347.98999023
2023-06-01,352.01000977
2023-06-02,354.64999390
2023-06-05,354.89999390
2023-06-06,354.83999634
2023-06-07,348.82000732
2023-06-08,353.14999390
2023-06-09,354.50000000
2023-06-12,360.48999023
2023-06-13,363.26000977
2023-06-14,365.89999390
2023-06-15,370.26000977
2023-06-16,367.92999268
2023-06-20,366.89999390
2023-06-21,361.89999390
2023-06-22,366.17001343
2023-06-23,362.54000854
2023-06-26,357.67999268
2023-06-27,363.82998657
2023-06-28,364.54000854
2023-06-29,363.80999756
2023-06-30,369.42001343
2023-07-03,370.29000854
2023-07-05,370.27999878
2023-07-06,367.45999146
2023-07-07,366.23999023
2023-07-10,366.35998535
2023-07-11,368.17001343
2023-07-12,372.82000732
2023-07-13,379.14999390
2023-07-14,379.07000732
2023-07-17,382.60998535
2023-07-18,385.73999023
2023-07-19,385.64999390
2023-07-20,376.76000977
2023-07-21,375.63000488
2023-07-24,376.23001099
2023-07-25,378.77999878
2023-07-26,377.51998901
2023-07-27,376.61999512
2023-07-28,383.48001099
2023-07-31,383.67999268
2023-08-01,382.79000854
2023-08-02,374.39001465
2023-08-03,373.79000854
2023-08-04,372.04000854
2023-08-07,375.19000244
2023-08-08,372.00000000
2023-08-09,367.91000366
2023-08-10,368.58999634
2023-08-11,366.23999023
2023-08-14,370.35000610
2023-08-15,366.42001343
2023-08-16,362.54000854
2023-08-17,358.57998657
2023-08-18,358.13000488
2023-08-21,363.89999390
2023-08-22,363.38000488
2023-08-23,369.10998535
2023-08-24,361.22000122
2023-08-25,364.01998901
2023-08-28,366.76000977
2023-08-29,374.76998901
2023-08-30,376.85998535
2023-08-31,377.98999023
2023-09-01,377.58999634
2023-09-05,378.07000732
2023-09-06,374.73999023
2023-09-07,372.05999756
2023-09-08,372.57998657
2023-09-11,376.97000122
2023-09-12,372.79000854
2023-09-13,374.20999146
2023-09-14,377.26998901
2023-09-15,370.80999756
2023-09-18,370.66000366
2023-09-19,369.86999512
2023-09-20,364.54000854
2023-09-21,357.85998535
2023-09-22,357.91000366
2023-09-25,359.60998535
2023-09-26,354.20999146
2023-09-27,355.04000854
2023-09-28,358.01000977
2023-09-29,358.26998901
2023-10-02,361.26000977
2023-10-03,354.92001343
2023-10-04,359.75000000
2023-10-05,358.69000244
2023-10-06,364.70001221
2023-10-09,366.55999756
2023-10-10,368.58999634
2023-10-11,371.22000122
2023-10-12,369.92999268
2023-10-13,365.27999878
2023-10-16,369.41000366
2023-10-17,368.20001221
2023-10-18,363.36999512
2023-10-19,359.97000122
2023-10-20,354.60000610
2023-10-23,355.67001343
2023-10-24,359.13000488
2023-10-25,350.33999634
2023-10-26,343.66000366
2023-10-27,345.30999756
2023-10-30,349.20001221
2023-10-31,350.86999512
2023-11-01,356.95999146
2023-11-02,363.44000244
2023-11-03,367.70999146
2023-11-06,369.20999146
2023-11-07,372.70001221
2023-11-08,372.94000244
2023-11-09,370.07000732
2023-11-10,378.39001465
2023-11-13,377.20999146
2023-11-14,385.32998657
2023-11-15,385.61999512
2023-11-16,385.95001221
2023-11-17,386.04000854
2023-11-20,390.73999023
2023-11-21,388.47000122
2023-11-22,390.05999756
2023-11-24,389.51000977
2023-11-27,389.17001343
2023-11-28,390.19000244
2023-11-29,389.80999756
2023-11-30,388.82998657
2023-12-01,389.94000244
2023-12-04,386.32000732
2023-12-05,387.29000854
2023-12-06,385.04998779
2023-12-07,390.42999268
2023-12-08,392.17001343
2023-12-11,395.51998901
2023-12-12,398.67001343
2023-12-13,403.73999023
2023-12-14,403.39001465
2023-12-15,405.33999634
2023-12-18,407.07998657
2023-12-19,409.16000366
2023-12-20,403.07998657
2023-12-21,407.76998901
2023-12-22,408.38000488
2023-12-26,410.88000488
2023-12-27,411.50000000
2023-12-28,411.29998779
2023-12-29,409.51998901
2024-01-02,402.58999634
2024-01-03,398.32998657
2024-01-04,396.27999878
2024-01-05,396.75000000
2024-01-08,404.95001221
2024-01-09,405.75000000
2024-01-10,408.50000000
2024-01-11,409.35000610
2024-01-12,409.55999756
2024-01-16,409.51998901
2024-01-17,407.20999146
2024-01-18,412.98999023
2024-01-19,421.17999268
2024-01-22,421.73001099
2024-01-23,423.48001099
2024-01-24,425.82998657
2024-01-25,426.35000610
2024-01-26,423.80999756
2024-01-29,428.14999390
2024-01-30,425.29998779
2024-01-31,416.97000122
2024-02-01,421.88000488
2024-02-02,429.01000977
2024-02-05,428.45001221
2024-02-06,427.58999634
2024-02-07,431.98999023
2024-02-08,432.79000854
2024-02-09,437.04998779
2024-02-12,435.33999634
2024-02-13,428.54998779
2024-02-14,433.22000122
2024-02-15,434.51000977
2024-02-16,430.57000732
2024-02-20,427.32000732
2024-02-21,425.60998535
2024-02-22,438.07000732
2024-02-23,436.77999878
2024-02-26,436.54998779
2024-02-27,437.60000610
2024-02-28,435.26998901
2024-02-29,439.00000000
2024-03-01,445.60998535
2024-03-04,444.01998901
2024-03-05,436.04998779
2024-03-06,438.79000854
2024-03-07,445.45001221
2024-03-08,439.01998901
2024-03-11,437.39001465
2024-03-12,443.66000366
2024-03-13,440.25000000
2024-03-14,439.14001465
2024-03-15,433.92001343
2024-03-18,437.48001099
2024-03-19,438.57000732
2024-03-20,443.76998901
2024-03-21,445.86999512
2024-03-22,446.38000488
2024-03-25,444.76000977
2024-03-26,443.32000732
2024-03-27,444.82998657
2024-03-28,444.01000977
2024-04-01,444.95001221
2024-04-02,441.10998535
2024-04-03,442.10000610
2024-04-04,435.33999634
2024-04-05,440.47000122
2024-04-08,440.60000610
2024-04-09,442.23001099
2024-04-10,438.36999512
2024-04-11,445.36999512
2024-04-12,438.26998901
2024-04-15,431.05999756
2024-04-16,431.10000610
2024-04-17,425.83999634
2024-04-18,423.41000366
2024-04-19,414.64999390
2024-04-22,418.82000732
2024-04-23,425.07000732
2024-04-24,426.51000977
2024-04-25,424.45001221
2024-04-26,431.00000000
2024-04-29,432.75000000
2024-04-30,424.58999634
2024-05-01,421.51998901
2024-05-02,426.89999390
2024-05-03,435.48001099
2024-05-06,440.25000000
2024-05-07,440.32000732
2024-05-08,440.05999756
2024-05-09,441.01998901
2024-05-10,442.05999756
2024-05-13,443.07998657
2024-05-14,445.92999268
2024-05-15,452.89999390
2024-05-16,451.98001099
2024-05-17,451.76000977
2024-05-20,454.91000366
2024-05-21,455.79998779
2024-05-22,455.70999146
2024-05-23,453.66000366
2024-05-24,457.95001221
2024-05-28,459.67999268
2024-05-29,456.44000244
2024-05-30,451.54998779
2024-05-31,450.70999146
2024-06-03,453.13000488
2024-06-04,454.36999512
2024-06-05,463.52999878
2024-06-06,463.36999512
2024-06-07,462.95999146
2024-06-10,464.82998657
2024-06-11,468.01998901
2024-06-12,474.14999390
2024-06-13,476.72000122
2024-06-14,479.19000244
2024-06-17,485.05999756
2024-06-18,485.20999146
2024-06-20,481.47000122
2024-06-21,480.17999268
2024-06-24,473.95999146
2024-06-25,479.38000488
2024-06-26,480.36999512
2024-06-27,481.60998535
2024-06-28,479.10998535
2024-07-01,481.92001343
2024-07-02,486.98001099
2024-07-03,491.04000854
2024-07-05,496.16000366
2024-07-08,497.33999634
2024-07-09,497.76998901
2024-07-10,502.95999146
2024-07-11,491.92999268
2024-07-12,494.82000732
2024-07-15,496.14999390
2024-07-16,496.33999634
2024-07-17,481.76998901
2024-07-18,479.48999023
2024-07-19,475.23999023
2024-07-22,482.32000732
2024-07-23,480.61999512
2024-07-24,463.38000488
2024-07-25,458.26998901
2024-07-26,462.97000122
2024-07-29,463.89999390
2024-07-30,457.52999878
2024-07-31,471.07000732
2024-08-01,459.66000366
2024-08-02,448.75000000
2024-08-05,435.36999512
2024-08-06,439.52999878
2024-08-07,434.76998901
2024-08-08,448.07000732
2024-08-09,450.41000366
2024-08-12,451.38000488
2024-08-13,462.57998657
2024-08-14,462.73001099
2024-08-15,474.42001343
2024-08-16,475.02999878
2024-08-19,481.26998901
2024-08-20,480.26000977
2024-08-21,482.50000000
2024-08-22,474.85000610
2024-08-23,480.00000000
2024-08-26,475.33999634
2024-08-27,476.76000977
2024-08-28,471.35000610
2024-08-29,470.66000366
2024-08-30,476.26998901
2024-09-03,461.80999756
2024-09-04,460.60998535
2024-09-05,461.04000854
2024-09-06,448.69000244
2024-09-09,454.45999146
2024-09-10,458.66000366
2024-09-11,468.61999512
2024-09-12,473.22000122
2024-09-13,475.33999634
2024-09-16,473.23999023
2024-09-17,473.48999023
2024-09-18,471.44000244
2024-09-19,483.35998535
2024-09-20,482.44000244
2024-09-23,483.04000854
2024-09-24,485.36999512
2024-09-25,485.82000732
2024-09-26,489.47000122
2024-09-27,486.75000000
2024-09-30,488.07000732
2024-10-01,481.26998901
2024-10-02,481.95001221
2024-10-03,481.58999634
2024-10-04,487.32000732
2024-10-07,482.10000610
2024-10-08,489.29998779
2024-10-09,493.14999390
2024-10-10,492.58999634
2024-10-11,493.35998535
2024-10-14,497.50000000
2024-10-15,490.85000610
2024-10-16,490.91000366
2024-10-17,491.25000000
2024-10-18,494.47000122
2024-10-21,495.42001343
2024-10-22,495.95999146
2024-10-23,488.35998535
2024-10-24,492.32000732
2024-10-25,495.32000732
2024-10-28,495.39999390
2024-10-29,500.16000366
2024-10-30,496.38000488
2024-10-31,483.85000610
2024-11-01,487.42999268
2024-11-04,486.01000977
2024-11-05,492.20999146
2024-11-06,505.57998657
2024-11-07,513.53997803
2024-11-08,514.14001465
2024-11-11,513.84002686
2024-11-12,512.90997314
2024-11-13,512.25000000
2024-11-14,508.69000244
2024-11-15,496.57000732
2024-11-18,500.01998901
2024-11-19,503.45999146
2024-11-20,503.17001343
2024-11-21,504.98001099
2024-11-22,505.79000854
2024-11-25,506.58999634
2024-11-26,509.30999756
2024-11-27,505.29998779
2024-11-29,509.73999023
2024-12-02,515.28997803
2024-12-03,516.86999512
2024-12-04,523.26000977
2024-12-05,521.80999756
2024-12-06,526.47998047
2024-12-09,522.38000488
2024-12-10,520.59997559
2024-12-11,529.91998291
2024-12-12,526.50000000
2024-12-13,530.53002930
2024-12-16,538.16998291
2024-12-17,535.79998779
2024-12-18,516.46997070
2024-12-19,514.16998291
2024-12-20,518.65997314
2024-12-23,522.86999512
2024-12-24,529.96002197
2024-12-26,529.59997559
2024-12-27,522.55999756
2024-12-30,515.60998535
2024-12-31,511.23001099
2025-01-02,510.23001099
2025-01-03,518.58001709
2025-01-06,524.53997803
2025-01-07,515.17999268
2025-01-08,515.27001953
2025-01-10,507.19000244
2025-01-13,505.55999756
2025-01-14,505.07998657
2025-01-15,516.70001221
2025-01-16,513.08001709
2025-01-17,521.73999023
2025-01-21,524.79998779
2025-01-22,531.51000977
2025-01-23,532.64001465
2025-01-24,529.63000488
2025-01-27,514.21002197
2025-01-28,521.80999756
2025-01-29,520.83001709
2025-01-30,523.04998779
2025-01-31,522.28997803
2025-02-03,518.10998535
2025-02-04,524.46997070
2025-02-05,526.84997559
2025-02-06,529.59997559
2025-02-07,522.91998291
2025-02-10,529.25000000
2025-02-11,527.98999023
2025-02-12,528.29998779
2025-02-13,535.90002441
2025-02-14,538.15002441
2025-02-18,539.36999512
2025-02-19,539.52001953
2025-02-20,537.22998047
2025-02-21,526.08001709
2025-02-24,519.86999512
2025-02-25,513.32000732
2025-02-26,514.55999756
2025-02-27,500.26998901
2025-02-28,508.17001343
2025-03-03,497.04998779
2025-03-04,495.54998779
2025-03-05,502.01000977
2025-03-06,488.20001221
2025-03-07,491.79000854
2025-03-10,472.73001099
2025-03-11,471.60000610
2025-03-12,476.92001343
2025-03-13,468.33999634
2025-03-14,479.66000366
2025-03-17,482.76998901
2025-03-18,474.54000854
2025-03-19,480.89001465
2025-03-20,479.26000977
2025-03-21,480.83999634
2025-03-24,490.66000366
2025-03-25,493.45999146
2025-03-26,484.38000488
2025-03-27,481.61999512
2025-03-28,468.94000244
2025-03-31,468.92001343
2025-04-01,472.70001221
2025-04-02,476.14999390
2025-04-03,450.66000366
2025-04-04,422.67001343
2025-04-07,423.69000244
2025-04-08,416.05999756
2025-04-09,466.00000000
2025-04-10,446.17999268
2025-04-11,454.39999390
2025-04-14,457.48001099
2025-04-15,457.98999023
2025-04-16,444.17999268
2025-04-17,444.10000610
2025-04-21,433.10998535
2025-04-22,444.48001099
2025-04-23,454.55999756
2025-04-24,467.35000610
2025-04-25,472.55999756
2025-04-28,472.41000366
2025-04-29,475.52999878
2025-04-30,475.47000122
2025-05-01,481.67999268
2025-05-02,488.82998657
2025-05-05,485.92999268
2025-05-06,481.41000366
2025-05-07,483.29998779
2025-05-08,488.29000854
2025-05-09,487.97000122
2025-05-12,507.85000610
2025-05-13,515.59002686
2025-05-14,518.67999268
2025-05-15,519.25000000
2025-05-16,521.51000977
2025-05-19,522.01000977
2025-05-20,520.27001953
2025-05-21,513.03997803
2025-05-22,514.00000000
2025-05-23,509.23999023
2025-05-27,521.21997070
2025-05-28,518.90997314
2025-05-29,519.92999268
2025-05-30,519.10998535
2025-06-02,523.21002197
2025-06-03,527.29998779
2025-06-04,528.77001953
2025-06-05,524.78997803
2025-06-06,529.91998291
2025-06-09,530.70001221
2025-06-10,534.21002197
2025-06-11,532.40997314
2025-06-12,533.65997314
2025-06-13,526.96002197
2025-06-16,534.28997803
2025-06-17,529.08001709
2025-06-18,528.98999023
2025-06-20,526.83001709
2025-06-23,531.65002441
2025-06-24,539.78002930
2025-06-25,541.15997314
2025-06-26,546.21997070
2025-06-27,548.09002686
2025-06-30,551.64001465
2025-07-01,546.98999023
2025-07-02,550.79998779
2025-07-03,556.21997070
2025-07-07,552.03002930
2025-07-08,552.34002686
2025-07-09,556.25000000
2025-07-10,555.45001221
2025-07-11,554.20001221
2025-07-14,556.21002197
2025-07-15,556.71997070
2025-07-16,557.28997803
2025-07-17,561.79998779
2025-07-18,561.26000977
2025-07-21,564.16998291
2025-07-22,561.25000000
2025-07-23,563.80999756
2025-07-24,565.01000977
2025-07-25,566.36999512
2025-07-28,568.14001465
2025-07-29,567.26000977
2025-07-30,568.02001953
2025-07-31,565.01000977
2025-08-01,553.88000488
2025-08-04,564.09997559
2025-08-05,560.27001953
2025-08-06,567.32000732
2025-08-07,569.23999023
2025-08-08,574.54998779
2025-08-11,572.84997559
2025-08-12,580.04998779
2025-08-13,580.34002686
2025-08-14,579.89001465
2025-08-15,577.34002686
2025-08-18,577.10998535
2025-08-19,569.28002930
2025-08-20,565.90002441
2025-08-21,563.28002930
2025-08-22,571.96997070
2025-08-25,570.32000732
2025-08-26,572.60998535
2025-08-27,573.48999023
2025-08-28,577.08001709
2025-08-29,570.40002441
2025-09-02,565.61999512
2025-09-03,570.07000732
2025-09-04,575.22998047
2025-09-05,576.05999756
2025-09-08,578.86999512
2025-09-09,580.51000977
2025-09-10,580.70001221
2025-09-11,584.08001709
2025-09-12,586.65997314
2025-09-15,591.67999268
2025-09-16,591.17999268
2025-09-17,590.00000000
2025-09-18,595.32000732
2025-09-19,599.34997559
2025-09-22,602.20001221
2025-09-23,598.20001221
2025-09-24,596.09997559
2025-09-25,593.53002930
2025-09-26,595.96997070
2025-09-29,598.72998047
2025-09-30,600.36999512
2025-10-01,603.25000000
2025-10-02,605.72998047
2025-10-03,603.17999268
2025-10-06,607.71002197
2025-10-07,604.51000977
2025-10-08,611.44000244
2025-10-09,610.70001221
2025-10-10,589.50000000
2025-10-13,602.01000977
2025-10-14,598.00000000
2025-10-15,602.21997070
2025-10-16,599.98999023
2025-10-17,603.92999268
2025-10-20,611.53997803
2025-10-21,611.38000488
2025-10-22,605.48999023
2025-10-23,610.58001709
2025-10-24,617.09997559
2025-10-27,628.09002686
2025-10-28,632.91998291
2025-10-29,635.77001953
2025-10-30,626.04998779
2025-10-31,629.07000732
2025-11-03,632.08001709
2025-11-04,619.25000000
2025-11-05,623.28002930
2025-11-06,611.66998291
2025-11-07,609.73999023
2025-11-10,623.22998047
2025-11-11,621.57000732
2025-11-12,621.08001709
2025-11-13,608.40002441
2025-11-14,608.85998535
2025-11-17,603.65997314
2025-11-18,596.30999756
2025-11-19,599.86999512
2025-11-20,585.66998291
2025-11-21,590.07000732
2025-11-24,605.15997314
2025-11-25,608.89001465
2025-11-26,614.27001953
2025-11-28,619.25000000
2025-12-01,617.16998291
2025-12-02,622.00000000
2025-12-03,623.52001953
2025-12-04,622.94000244
2025-12-05,625.47998047
2025-12-08,624.28002930
2025-12-09,625.04998779
2025-12-10,627.60998535
2025-12-11,625.58001709
2025-12-12,613.61999512
2025-12-15,610.53997803
2025-12-16,611.75000000
2025-12-17,600.40997314
2025-12-18,609.10998535
2025-12-19,617.04998779
2025-12-22,619.21002197
2025-12-23,622.10998535
2025-12-24,623.92999268
2025-12-26,623.89001465
2025-12-29,620.86999512
2025-12-30,619.42999268
2025-12-31,614.30999756
2026-01-02,613.11999512
2026-01-05,617.98999023
2026-01-06,623.41998291
2026-01-07,624.02001953
2026-01-08,620.46997070
2026-01-09,626.65002441
2026-01-12,627.16998291
2026-01-13,626.23999023
2026-01-14,619.54998779
2026-01-15,621.78002930
2026-01-16,621.26000977
2026-01-20,608.05999756
2026-01-21,616.28002930
2026-01-22,620.76000977
2026-01-23,622.71997070
2026-01-26,625.46002197
2026-01-27,631.13000488
2026-01-28,633.21997070
2026-01-29,629.42999268
2026-01-30,621.86999512
2026-02-02,626.14001465
2026-02-03,616.52001953
2026-02-04,605.75000000
2026-02-05,597.03002930
2026-02-06,609.65002441
2026-02-09,614.32000732
2026-02-10,611.46997070
2026-02-11,613.10998535
2026-02-12,600.64001465
2026-02-13,601.91998291
2026-02-17,601.29998779
2026-02-18,605.78997803
2026-02-19,603.46997070
2026-02-20,608.80999756
2026-02-23,601.40997314
2026-02-24,607.86999512
2026-02-25,616.67999268
2026-02-26,609.23999023
2026-02-27,607.28997803
2026-03-02,608.09002686
2026-03-03,601.58001709
2026-03-04,610.75000000
2026-03-05,608.90997314
2026-03-06,599.75000000
2026-03-09,607.76000977
2026-03-10,607.77001953
2026-03-11,607.69000244
2026-03-12,597.26000977
2026-03-13,593.71997070
2026-03-16,600.38000488
2026-03-17,603.30999756
2026-03-18,594.90002441
2026-03-19,593.02001953
2026-03-20,582.05999756
2026-03-23,588.00000000
2026-03-24,583.97998047
2026-03-25,587.82000732
2026-03-26,573.78997803
2026-03-27,562.58001709
2026-03-30,558.28002930
2026-03-31,577.17999268
2026-04-01,584.30999756
2026-04-02,584.97998047
2026-04-06,588.50000000
2026-04-07,588.59002686
2026-04-08,606.09002686
2026-04-09,610.19000244
2026-04-10,611.07000732
2026-04-13,617.39001465
2026-04-14,628.59997559
2026-04-15,637.40002441
2026-04-16,640.46997070
2026-04-17,648.84997559
2026-04-20,646.78997803
2026-04-21,644.33001709
2026-04-22,655.10998535
2026-04-23,651.41998291
2026-04-24,663.88000488
2026-04-27,664.22998047
2026-04-28,657.54998779
2026-04-29,661.57000732
2026-04-30,667.73999023
2026-05-01,674.15002441
2026-05-04,672.88000488
2026-05-05,681.60998535
2026-05-06,695.77001953
2026-05-07,694.94000244
2026-05-08,711.22998047
2026-05-11,713.28997803
2026-05-12,707.23999023
2026-05-13,714.71002197
2026-05-14,719.78997803
2026-05-15,708.92999268
2026-05-18,705.88000488
2026-05-19,701.53002930
2026-05-20,713.15002441
2026-05-21,714.51000977
2026-05-22,717.53997803
2026-05-26,730.28002930
2026-05-27,729.45001221
2026-05-28,735.59997559
2026-05-29,738.30999756
2026-06-01,742.73999023
2026-06-02,746.15997314
2026-06-03,744.21002197
2026-06-04,740.60998535
2026-06-05,705.05999756
